source.level,source.message,dataset,timestamp,$workers.truncated,$workers.event.cron,$workers.event.scheduledTime,$workers.scriptName,$workers.outcome,$workers.eventType,$workers.scriptVersion.id,$workers.executionModel,$workers.requestId,$metadata.id,$metadata.requestId,$metadata.trigger,$metadata.service,$metadata.level,$metadata.error,$metadata.message,$metadata.account,$metadata.type,$metadata.fingerprint,$metadata.origin,$metadata.messageTemplate,$metadata.startTime,$metadata.endTime,$metadata.now,links
error,[ERROR] [Producer] Queue send failed after retries: Queue sendBatch failed: Too Many Requests. Falling back to DIRECT processing.,cloudflare-workers,2026-03-10T14:45:48.714Z,false,"0,15,30,45 * * * *",1773153943000,job-hunter-bot,exceededCpu,cron,a7fd90f8-dd89-49cd-a89f-9d1613cd7b9c,stateless,1PHPRROGFL9KII24,01KKC3C51APFF25X6KMN8E2KG1,1PHPRROGFL9KII24,"0,15,30,45 * * * *",job-hunter-bot,error,[ERROR] [Producer] Queue send failed after retries: Queue sendBatch failed: Too Many Requests. Falling back to DIRECT processing.,[ERROR] [Producer] Queue send failed after retries: Queue sendBatch failed: Too Many Requests. Falling back to DIRECT processing.,346e138aae29f6b381c1ebae50734856,cf-worker,a182c642af561a79ea097003474c6a2a,cron,[ERROR] [Producer] Queue send failed after retries: Queue sendBatch failed: Too Many Requests. Falling back to DIRECT processing.,undefined,undefined,undefined,[]
error,"0,15,30,45 * * * * ",cloudflare-workers,2026-03-10T14:45:43.936Z,false,"0,15,30,45 * * * *",1773153943000,job-hunter-bot,exceededCpu,cron,a7fd90f8-dd89-49cd-a89f-9d1613cd7b9c,stateless,1PHPRROGFL9KII24,01KKC3C35KVKDH6ZNTYQK47VJY,1PHPRROGFL9KII24,"0,15,30,45 * * * *",job-hunter-bot,error,"0,15,30,45 * * * * ","0,15,30,45 * * * * ",346e138aae29f6b381c1ebae50734856,cf-worker-event,5b91c98a766e7ec460fe2aab6366fe44,cron,"0,15,30,45 * * * *",undefined,undefined,undefined,[]
error,[ERROR] [Producer] Queue send failed after retries: Queue sendBatch failed: Too Many Requests. Falling back to DIRECT processing.,cloudflare-workers,2026-03-10T14:30:49.840Z,false,"0,15,30,45 * * * *",1773153043000,job-hunter-bot,exceededCpu,cron,a7fd90f8-dd89-49cd-a89f-9d1613cd7b9c,stateless,R5NSXPB6L5Z8042Y,01KKC2GQ7GYJN1BRAWP13CDWYC,R5NSXPB6L5Z8042Y,"0,15,30,45 * * * *",job-hunter-bot,error,[ERROR] [Producer] Queue send failed after retries: Queue sendBatch failed: Too Many Requests. Falling back to DIRECT processing.,[ERROR] [Producer] Queue send failed after retries: Queue sendBatch failed: Too Many Requests. Falling back to DIRECT processing.,346e138aae29f6b381c1ebae50734856,cf-worker,a182c642af561a79ea097003474c6a2a,cron,[ERROR] [Producer] Queue send failed after retries: Queue sendBatch failed: Too Many Requests. Falling back to DIRECT processing.,undefined,undefined,undefined,[]
error,"0,15,30,45 * * * * ",cloudflare-workers,2026-03-10T14:30:44.028Z,false,"0,15,30,45 * * * *",1773153043000,job-hunter-bot,exceededCpu,cron,a7fd90f8-dd89-49cd-a89f-9d1613cd7b9c,stateless,R5NSXPB6L5Z8042Y,01KKC2GMWBGZXSTFCJC593RJM6,R5NSXPB6L5Z8042Y,"0,15,30,45 * * * *",job-hunter-bot,error,"0,15,30,45 * * * * ","0,15,30,45 * * * * ",346e138aae29f6b381c1ebae50734856,cf-worker-event,5b91c98a766e7ec460fe2aab6366fe44,cron,"0,15,30,45 * * * *",undefined,undefined,undefined,[]
error,[ERROR] [Producer] Queue send failed after retries: Queue sendBatch failed: Too Many Requests. Falling back to DIRECT processing.,cloudflare-workers,2026-03-10T14:15:48.888Z,false,"0,15,30,45 * * * *",1773152143000,job-hunter-bot,exceededCpu,cron,a7fd90f8-dd89-49cd-a89f-9d1613cd7b9c,stateless,P1724ES2PSGYWHZ5,01KKC1N7F6QXTJ0DJBBSZZK8WJ,P1724ES2PSGYWHZ5,"0,15,30,45 * * * *",job-hunter-bot,error,[ERROR] [Producer] Queue send failed after retries: Queue sendBatch failed: Too Many Requests. Falling back to DIRECT processing.,[ERROR] [Producer] Queue send failed after retries: Queue sendBatch failed: Too Many Requests. Falling back to DIRECT processing.,346e138aae29f6b381c1ebae50734856,cf-worker,a182c642af561a79ea097003474c6a2a,cron,[ERROR] [Producer] Queue send failed after retries: Queue sendBatch failed: Too Many Requests. Falling back to DIRECT processing.,undefined,undefined,undefined,[]
error,"0,15,30,45 * * * * ",cloudflare-workers,2026-03-10T14:15:43.977Z,false,"0,15,30,45 * * * *",1773152143000,job-hunter-bot,exceededCpu,cron,a7fd90f8-dd89-49cd-a89f-9d1613cd7b9c,stateless,P1724ES2PSGYWHZ5,01KKC1N7F6QXTJ0DJBBSZZK8WB,P1724ES2PSGYWHZ5,"0,15,30,45 * * * *",job-hunter-bot,error,"0,15,30,45 * * * * ","0,15,30,45 * * * * ",346e138aae29f6b381c1ebae50734856,cf-worker-event,5b91c98a766e7ec460fe2aab6366fe44,cron,"0,15,30,45 * * * *",undefined,undefined,undefined,[]
error,[ERROR] [Producer] Queue send failed after retries: Queue sendBatch failed: Too Many Requests. Falling back to DIRECT processing.,cloudflare-workers,2026-03-10T14:00:50.214Z,false,"0,15,30,45 * * * *",1773151243000,job-hunter-bot,exceededCpu,cron,a7fd90f8-dd89-49cd-a89f-9d1613cd7b9c,stateless,81QIT0R9ZUXEWX0H,01KKC0SSS66M4NDE08NBNGFPWM,81QIT0R9ZUXEWX0H,"0,15,30,45 * * * *",job-hunter-bot,error,[ERROR] [Producer] Queue send failed after retries: Queue sendBatch failed: Too Many Requests. Falling back to DIRECT processing.,[ERROR] [Producer] Queue send failed after retries: Queue sendBatch failed: Too Many Requests. Falling back to DIRECT processing.,346e138aae29f6b381c1ebae50734856,cf-worker,a182c642af561a79ea097003474c6a2a,cron,[ERROR] [Producer] Queue send failed after retries: Queue sendBatch failed: Too Many Requests. Falling back to DIRECT processing.,undefined,undefined,undefined,[]
error,"0,15,30,45 * * * * ",cloudflare-workers,2026-03-10T14:00:45.435Z,false,"0,15,30,45 * * * *",1773151243000,job-hunter-bot,exceededCpu,cron,a7fd90f8-dd89-49cd-a89f-9d1613cd7b9c,stateless,81QIT0R9ZUXEWX0H,01KKC0SN3VX6PQS4BH07DSTMDH,81QIT0R9ZUXEWX0H,"0,15,30,45 * * * *",job-hunter-bot,error,"0,15,30,45 * * * * ","0,15,30,45 * * * * ",346e138aae29f6b381c1ebae50734856,cf-worker-event,5b91c98a766e7ec460fe2aab6366fe44,cron,"0,15,30,45 * * * *",undefined,undefined,undefined,[]
error,[ERROR] [Producer] Queue send failed after retries: Queue sendBatch failed: Too Many Requests. Falling back to DIRECT processing.,cloudflare-workers,2026-03-10T13:45:48.946Z,false,"0,15,30,45 * * * *",1773150343000,job-hunter-bot,exceededCpu,cron,a7fd90f8-dd89-49cd-a89f-9d1613cd7b9c,stateless,5RDUOPKXRVACXPUN,01KKBZY9MJFVHDHVQT9QB5X86C,5RDUOPKXRVACXPUN,"0,15,30,45 * * * *",job-hunter-bot,error,[ERROR] [Producer] Queue send failed after retries: Queue sendBatch failed: Too Many Requests. Falling back to DIRECT processing.,[ERROR] [Producer] Queue send failed after retries: Queue sendBatch failed: Too Many Requests. Falling back to DIRECT processing.,346e138aae29f6b381c1ebae50734856,cf-worker,a182c642af561a79ea097003474c6a2a,cron,[ERROR] [Producer] Queue send failed after retries: Queue sendBatch failed: Too Many Requests. Falling back to DIRECT processing.,undefined,undefined,undefined,[]
error,"0,15,30,45 * * * * ",cloudflare-workers,2026-03-10T13:45:44.226Z,false,"0,15,30,45 * * * *",1773150343000,job-hunter-bot,exceededCpu,cron,a7fd90f8-dd89-49cd-a89f-9d1613cd7b9c,stateless,5RDUOPKXRVACXPUN,01KKBZY7HVY2WE8AMKAH2ZDDM1,5RDUOPKXRVACXPUN,"0,15,30,45 * * * *",job-hunter-bot,error,"0,15,30,45 * * * * ","0,15,30,45 * * * * ",346e138aae29f6b381c1ebae50734856,cf-worker-event,5b91c98a766e7ec460fe2aab6366fe44,cron,"0,15,30,45 * * * *",undefined,undefined,undefined,[]
error,[ERROR] [Producer] Queue send failed after retries: Queue sendBatch failed: Too Many Requests. Falling back to DIRECT processing.,cloudflare-workers,2026-03-10T13:30:50.041Z,false,"0,15,30,45 * * * *",1773149443000,job-hunter-bot,exceededCpu,cron,a7fd90f8-dd89-49cd-a89f-9d1613cd7b9c,stateless,RI03D9OBH0FRF3KF,01KKBZ2W2JBJTC4N40B6VB3ETF,RI03D9OBH0FRF3KF,"0,15,30,45 * * * *",job-hunter-bot,error,[ERROR] [Producer] Queue send failed after retries: Queue sendBatch failed: Too Many Requests. Falling back to DIRECT processing.,[ERROR] [Producer] Queue send failed after retries: Queue sendBatch failed: Too Many Requests. Falling back to DIRECT processing.,346e138aae29f6b381c1ebae50734856,cf-worker,a182c642af561a79ea097003474c6a2a,cron,[ERROR] [Producer] Queue send failed after retries: Queue sendBatch failed: Too Many Requests. Falling back to DIRECT processing.,undefined,undefined,undefined,[]
error,"0,15,30,45 * * * * ",cloudflare-workers,2026-03-10T13:30:45.329Z,false,"0,15,30,45 * * * *",1773149443000,job-hunter-bot,exceededCpu,cron,a7fd90f8-dd89-49cd-a89f-9d1613cd7b9c,stateless,RI03D9OBH0FRF3KF,01KKBZ2W2JBJTC4N40B6VB3ET8,RI03D9OBH0FRF3KF,"0,15,30,45 * * * *",job-hunter-bot,error,"0,15,30,45 * * * * ","0,15,30,45 * * * * ",346e138aae29f6b381c1ebae50734856,cf-worker-event,5b91c98a766e7ec460fe2aab6366fe44,cron,"0,15,30,45 * * * *",undefined,undefined,undefined,[]
error,[ERROR] [Fetcher] JOB_QUEUE sendBatch failed after retries: Queue sendBatch failed: Too Many Requests. Falling back to direct evaluation.,cloudflare-workers,2026-03-10T13:15:56.126Z,false,"0,15,30,45 * * * *",1773148543000,job-hunter-bot,exceededCpu,cron,a7fd90f8-dd89-49cd-a89f-9d1613cd7b9c,stateless,K0LESVO95TJ8WFG2,01KKBY80N9KMP05BA4K8QDDZW0,K0LESVO95TJ8WFG2,"0,15,30,45 * * * *",job-hunter-bot,error,[ERROR] [Fetcher] JOB_QUEUE sendBatch failed after retries: Queue sendBatch failed: Too Many Requests. Falling back to direct evaluation.,[ERROR] [Fetcher] JOB_QUEUE sendBatch failed after retries: Queue sendBatch failed: Too Many Requests. Falling back to direct evaluation.,346e138aae29f6b381c1ebae50734856,cf-worker,26b9f1e1e696855e429cf8a8ed1cb0dc,cron,[ERROR] [<*>] <*> <*> failed after retries: Queue sendBatch failed: Too Many Requests. Falling back to <*> <*>.,undefined,undefined,undefined,[]
error,[ERROR] [Producer] Queue send failed after retries: Queue sendBatch failed: Too Many Requests. Falling back to DIRECT processing.,cloudflare-workers,2026-03-10T13:15:49.612Z,false,"0,15,30,45 * * * *",1773148543000,job-hunter-bot,exceededCpu,cron,a7fd90f8-dd89-49cd-a89f-9d1613cd7b9c,stateless,K0LESVO95TJ8WFG2,01KKBY80N9KMP05BA4K8QDDZV6,K0LESVO95TJ8WFG2,"0,15,30,45 * * * *",job-hunter-bot,error,[ERROR] [Producer] Queue send failed after retries: Queue sendBatch failed: Too Many Requests. Falling back to DIRECT processing.,[ERROR] [Producer] Queue send failed after retries: Queue sendBatch failed: Too Many Requests. Falling back to DIRECT processing.,346e138aae29f6b381c1ebae50734856,cf-worker,a182c642af561a79ea097003474c6a2a,cron,[ERROR] [<*>] <*> <*> failed after retries: Queue sendBatch failed: Too Many Requests. Falling back to <*> <*>.,undefined,undefined,undefined,[]
error,"0,15,30,45 * * * * ",cloudflare-workers,2026-03-10T13:15:44.333Z,false,"0,15,30,45 * * * *",1773148543000,job-hunter-bot,exceededCpu,cron,a7fd90f8-dd89-49cd-a89f-9d1613cd7b9c,stateless,K0LESVO95TJ8WFG2,01KKBY80N9KMP05BA4K8QDDZTZ,K0LESVO95TJ8WFG2,"0,15,30,45 * * * *",job-hunter-bot,error,"0,15,30,45 * * * * ","0,15,30,45 * * * * ",346e138aae29f6b381c1ebae50734856,cf-worker-event,5b91c98a766e7ec460fe2aab6366fe44,cron,"0,15,30,45 * * * *",undefined,undefined,undefined,[]
error,[ERROR] [Fetcher] JOB_QUEUE sendBatch failed after retries: Queue sendBatch failed: Too Many Requests. Falling back to direct evaluation.,cloudflare-workers,2026-03-10T13:01:09.487Z,false,"0,15,30,45 * * * *",1773147643000,job-hunter-bot,ok,cron,a7fd90f8-dd89-49cd-a89f-9d1613cd7b9c,stateless,56QNY60B2O8JQYVJ,01KKBXCGZFJJBQCV4VRCR5KSR6,56QNY60B2O8JQYVJ,"0,15,30,45 * * * *",job-hunter-bot,error,[ERROR] [Fetcher] JOB_QUEUE sendBatch failed after retries: Queue sendBatch failed: Too Many Requests. Falling back to direct evaluation.,[ERROR] [Fetcher] JOB_QUEUE sendBatch failed after retries: Queue sendBatch failed: Too Many Requests. Falling back to direct evaluation.,346e138aae29f6b381c1ebae50734856,cf-worker,26b9f1e1e696855e429cf8a8ed1cb0dc,cron,[ERROR] [<*>] <*> <*> failed after retries: Queue sendBatch failed: Too Many Requests. Falling back to <*> <*>.,undefined,undefined,undefined,[]
error,[ERROR] [Fetcher] JOB_QUEUE sendBatch failed after retries: Queue sendBatch failed: Too Many Requests. Falling back to direct evaluation.,cloudflare-workers,2026-03-10T13:01:06.747Z,false,"0,15,30,45 * * * *",1773147643000,job-hunter-bot,ok,cron,a7fd90f8-dd89-49cd-a89f-9d1613cd7b9c,stateless,56QNY60B2O8JQYVJ,01KKBXCE9VTFQTZMG8XV4S8V70,56QNY60B2O8JQYVJ,"0,15,30,45 * * * *",job-hunter-bot,error,[ERROR] [Fetcher] JOB_QUEUE sendBatch failed after retries: Queue sendBatch failed: Too Many Requests. Falling back to direct evaluation.,[ERROR] [Fetcher] JOB_QUEUE sendBatch failed after retries: Queue sendBatch failed: Too Many Requests. Falling back to direct evaluation.,346e138aae29f6b381c1ebae50734856,cf-worker,26b9f1e1e696855e429cf8a8ed1cb0dc,cron,[ERROR] [<*>] <*> <*> failed after retries: Queue sendBatch failed: Too Many Requests. Falling back to <*> <*>.,undefined,undefined,undefined,[]
error,[ERROR] [Fetcher] JOB_QUEUE sendBatch failed after retries: Queue sendBatch failed: Too Many Requests. Falling back to direct evaluation.,cloudflare-workers,2026-03-10T13:01:03.901Z,false,"0,15,30,45 * * * *",1773147643000,job-hunter-bot,ok,cron,a7fd90f8-dd89-49cd-a89f-9d1613cd7b9c,stateless,56QNY60B2O8JQYVJ,01KKBXCBGXGR5J485Y0C75MKV2,56QNY60B2O8JQYVJ,"0,15,30,45 * * * *",job-hunter-bot,error,[ERROR] [Fetcher] JOB_QUEUE sendBatch failed after retries: Queue sendBatch failed: Too Many Requests. Falling back to direct evaluation.,[ERROR] [Fetcher] JOB_QUEUE sendBatch failed after retries: Queue sendBatch failed: Too Many Requests. Falling back to direct evaluation.,346e138aae29f6b381c1ebae50734856,cf-worker,26b9f1e1e696855e429cf8a8ed1cb0dc,cron,[ERROR] [<*>] <*> <*> failed after retries: Queue sendBatch failed: Too Many Requests. Falling back to <*> <*>.,undefined,undefined,undefined,[]
error,[ERROR] [Fetcher] JOB_QUEUE sendBatch failed after retries: Queue sendBatch failed: Too Many Requests. Falling back to direct evaluation.,cloudflare-workers,2026-03-10T13:01:01.264Z,false,"0,15,30,45 * * * *",1773147643000,job-hunter-bot,ok,cron,a7fd90f8-dd89-49cd-a89f-9d1613cd7b9c,stateless,56QNY60B2O8JQYVJ,01KKBXC9GFG19VPM5QBBDAVZAV,56QNY60B2O8JQYVJ,"0,15,30,45 * * * *",job-hunter-bot,error,[ERROR] [Fetcher] JOB_QUEUE sendBatch failed after retries: Queue sendBatch failed: Too Many Requests. Falling back to direct evaluation.,[ERROR] [Fetcher] JOB_QUEUE sendBatch failed after retries: Queue sendBatch failed: Too Many Requests. Falling back to direct evaluation.,346e138aae29f6b381c1ebae50734856,cf-worker,26b9f1e1e696855e429cf8a8ed1cb0dc,cron,[ERROR] [<*>] <*> <*> failed after retries: Queue sendBatch failed: Too Many Requests. Falling back to <*> <*>.,undefined,undefined,undefined,[]
error,[ERROR] [Fetcher] JOB_QUEUE sendBatch failed after retries: Queue sendBatch failed: Too Many Requests. Falling back to direct evaluation.,cloudflare-workers,2026-03-10T13:00:59.026Z,false,"0,15,30,45 * * * *",1773147643000,job-hunter-bot,ok,cron,a7fd90f8-dd89-49cd-a89f-9d1613cd7b9c,stateless,56QNY60B2O8JQYVJ,01KKBXC9GFG19VPM5QBBDAVZAF,56QNY60B2O8JQYVJ,"0,15,30,45 * * * *",job-hunter-bot,error,[ERROR] [Fetcher] JOB_QUEUE sendBatch failed after retries: Queue sendBatch failed: Too Many Requests. Falling back to direct evaluation.,[ERROR] [Fetcher] JOB_QUEUE sendBatch failed after retries: Queue sendBatch failed: Too Many Requests. Falling back to direct evaluation.,346e138aae29f6b381c1ebae50734856,cf-worker,26b9f1e1e696855e429cf8a8ed1cb0dc,cron,[ERROR] [<*>] <*> <*> failed after retries: Queue sendBatch failed: Too Many Requests. Falling back to <*> <*>.,undefined,undefined,undefined,[]
error,[ERROR] [Producer] Queue send failed after retries: Queue sendBatch failed: Too Many Requests. Falling back to DIRECT processing.,cloudflare-workers,2026-03-10T13:00:52.116Z,false,"0,15,30,45 * * * *",1773147643000,job-hunter-bot,ok,cron,a7fd90f8-dd89-49cd-a89f-9d1613cd7b9c,stateless,56QNY60B2O8JQYVJ,01KKBXC9GFG19VPM5QBBDAVZ9M,56QNY60B2O8JQYVJ,"0,15,30,45 * * * *",job-hunter-bot,error,[ERROR] [Producer] Queue send failed after retries: Queue sendBatch failed: Too Many Requests. Falling back to DIRECT processing.,[ERROR] [Producer] Queue send failed after retries: Queue sendBatch failed: Too Many Requests. Falling back to DIRECT processing.,346e138aae29f6b381c1ebae50734856,cf-worker,a182c642af561a79ea097003474c6a2a,cron,[ERROR] [<*>] <*> <*> failed after retries: Queue sendBatch failed: Too Many Requests. Falling back to <*> <*>.,undefined,undefined,undefined,[]
error,[ERROR] [Producer] Queue send failed after retries: Queue sendBatch failed: Too Many Requests. Falling back to DIRECT processing.,cloudflare-workers,2026-03-10T12:45:48.822Z,false,"0,15,30,45 * * * *",1773146743000,job-hunter-bot,exceededCpu,cron,a7fd90f8-dd89-49cd-a89f-9d1613cd7b9c,stateless,5YHZSW0PT2SAEFTJ,01KKBWGDWP36TDJW0PN2TWA18Q,5YHZSW0PT2SAEFTJ,"0,15,30,45 * * * *",job-hunter-bot,error,[ERROR] [Producer] Queue send failed after retries: Queue sendBatch failed: Too Many Requests. Falling back to DIRECT processing.,[ERROR] [Producer] Queue send failed after retries: Queue sendBatch failed: Too Many Requests. Falling back to DIRECT processing.,346e138aae29f6b381c1ebae50734856,cf-worker,a182c642af561a79ea097003474c6a2a,cron,[ERROR] [Producer] Queue send failed after retries: Queue sendBatch failed: Too Many Requests. Falling back to DIRECT processing.,undefined,undefined,undefined,[]
error,"0,15,30,45 * * * * ",cloudflare-workers,2026-03-10T12:45:44.129Z,false,"0,15,30,45 * * * *",1773146743000,job-hunter-bot,exceededCpu,cron,a7fd90f8-dd89-49cd-a89f-9d1613cd7b9c,stateless,5YHZSW0PT2SAEFTJ,01KKBWG9A1FST4K18MYK177DCJ,5YHZSW0PT2SAEFTJ,"0,15,30,45 * * * *",job-hunter-bot,error,"0,15,30,45 * * * * ","0,15,30,45 * * * * ",346e138aae29f6b381c1ebae50734856,cf-worker-event,5b91c98a766e7ec460fe2aab6366fe44,cron,"0,15,30,45 * * * *",undefined,undefined,undefined,[]
error,[ERROR] [Producer] Queue send failed after retries: Queue sendBatch failed: Too Many Requests. Falling back to DIRECT processing.,cloudflare-workers,2026-03-10T12:30:49.224Z,false,"0,15,30,45 * * * *",1773145843000,job-hunter-bot,exceededCpu,cron,a7fd90f8-dd89-49cd-a89f-9d1613cd7b9c,stateless,9LU742O61A2DTR6V,01KKBVMZC84NKCCVBWP26R00DT,9LU742O61A2DTR6V,"0,15,30,45 * * * *",job-hunter-bot,error,[ERROR] [Producer] Queue send failed after retries: Queue sendBatch failed: Too Many Requests. Falling back to DIRECT processing.,[ERROR] [Producer] Queue send failed after retries: Queue sendBatch failed: Too Many Requests. Falling back to DIRECT processing.,346e138aae29f6b381c1ebae50734856,cf-worker,a182c642af561a79ea097003474c6a2a,cron,[ERROR] [Producer] Queue send failed after retries: Queue sendBatch failed: Too Many Requests. Falling back to DIRECT processing.,undefined,undefined,undefined,[]
error,"0,15,30,45 * * * * ",cloudflare-workers,2026-03-10T12:30:44.632Z,false,"0,15,30,45 * * * *",1773145843000,job-hunter-bot,exceededCpu,cron,a7fd90f8-dd89-49cd-a89f-9d1613cd7b9c,stateless,9LU742O61A2DTR6V,01KKBVMTWRGMMHZ3RH0T4ZSNQQ,9LU742O61A2DTR6V,"0,15,30,45 * * * *",job-hunter-bot,error,"0,15,30,45 * * * * ","0,15,30,45 * * * * ",346e138aae29f6b381c1ebae50734856,cf-worker-event,5b91c98a766e7ec460fe2aab6366fe44,cron,"0,15,30,45 * * * *",undefined,undefined,undefined,[]
error,[ERROR] [Producer] Queue send failed after retries: Queue sendBatch failed: Too Many Requests. Falling back to DIRECT processing.,cloudflare-workers,2026-03-10T12:15:48.835Z,false,"0,15,30,45 * * * *",1773144943000,job-hunter-bot,exceededCpu,cron,a7fd90f8-dd89-49cd-a89f-9d1613cd7b9c,stateless,43BRNOY49MAR8NQE,01KKBTSG3387Y0KCRNCKG5HYEA,43BRNOY49MAR8NQE,"0,15,30,45 * * * *",job-hunter-bot,error,[ERROR] [Producer] Queue send failed after retries: Queue sendBatch failed: Too Many Requests. Falling back to DIRECT processing.,[ERROR] [Producer] Queue send failed after retries: Queue sendBatch failed: Too Many Requests. Falling back to DIRECT processing.,346e138aae29f6b381c1ebae50734856,cf-worker,a182c642af561a79ea097003474c6a2a,cron,,undefined,undefined,undefined,[]
error,"0,15,30,45 * * * * ",cloudflare-workers,2026-03-10T12:15:44.232Z,false,"0,15,30,45 * * * *",1773144943000,job-hunter-bot,exceededCpu,cron,a7fd90f8-dd89-49cd-a89f-9d1613cd7b9c,stateless,43BRNOY49MAR8NQE,01KKBTSFQXMRAN78R41SST33H3,43BRNOY49MAR8NQE,"0,15,30,45 * * * *",job-hunter-bot,error,"0,15,30,45 * * * * ","0,15,30,45 * * * * ",346e138aae29f6b381c1ebae50734856,cf-worker-event,2175b4e0d20c214a7b73c814196e9671,cron,,undefined,undefined,undefined,[]
error,[ERROR] [Producer] Queue send failed after retries: Queue sendBatch failed: Too Many Requests. Falling back to DIRECT processing.,cloudflare-workers,2026-03-10T12:00:50.026Z,false,"0,15,30,45 * * * *",1773144043000,job-hunter-bot,exceededCpu,cron,a7fd90f8-dd89-49cd-a89f-9d1613cd7b9c,stateless,FLC66ZDY5OLSRP48,01KKBSY2BAVX5YGRV5XSGEFB9X,FLC66ZDY5OLSRP48,"0,15,30,45 * * * *",job-hunter-bot,error,[ERROR] [Producer] Queue send failed after retries: Queue sendBatch failed: Too Many Requests. Falling back to DIRECT processing.,[ERROR] [Producer] Queue send failed after retries: Queue sendBatch failed: Too Many Requests. Falling back to DIRECT processing.,346e138aae29f6b381c1ebae50734856,cf-worker,a182c642af561a79ea097003474c6a2a,cron,[ERROR] [Producer] Queue send failed after retries: Queue sendBatch failed: Too Many Requests. Falling back to DIRECT processing.,undefined,undefined,undefined,[]
error,"0,15,30,45 * * * * ",cloudflare-workers,2026-03-10T12:00:45.433Z,false,"0,15,30,45 * * * *",1773144043000,job-hunter-bot,exceededCpu,cron,a7fd90f8-dd89-49cd-a89f-9d1613cd7b9c,stateless,FLC66ZDY5OLSRP48,01KKBSXXVSJ4DRVVZ6R8TKHBQE,FLC66ZDY5OLSRP48,"0,15,30,45 * * * *",job-hunter-bot,error,"0,15,30,45 * * * * ","0,15,30,45 * * * * ",346e138aae29f6b381c1ebae50734856,cf-worker-event,5b91c98a766e7ec460fe2aab6366fe44,cron,"0,15,30,45 * * * *",undefined,undefined,undefined,[]
error,[ERROR] [Producer] Queue send failed after retries: Queue sendBatch failed: Too Many Requests. Falling back to DIRECT processing.,cloudflare-workers,2026-03-10T11:45:48.900Z,false,"0,15,30,45 * * * *",1773143143000,job-hunter-bot,exceededCpu,cron,a7fd90f8-dd89-49cd-a89f-9d1613cd7b9c,stateless,MJNAHS680B9N8R0U,01KKBS2JB4TTQ5M96XZTGSWA20,MJNAHS680B9N8R0U,"0,15,30,45 * * * *",job-hunter-bot,error,[ERROR] [Producer] Queue send failed after retries: Queue sendBatch failed: Too Many Requests. Falling back to DIRECT processing.,[ERROR] [Producer] Queue send failed after retries: Queue sendBatch failed: Too Many Requests. Falling back to DIRECT processing.,346e138aae29f6b381c1ebae50734856,cf-worker,a182c642af561a79ea097003474c6a2a,cron,,undefined,undefined,undefined,[]
error,"0,15,30,45 * * * * ",cloudflare-workers,2026-03-10T11:45:44.136Z,false,"0,15,30,45 * * * *",1773143143000,job-hunter-bot,exceededCpu,cron,a7fd90f8-dd89-49cd-a89f-9d1613cd7b9c,stateless,MJNAHS680B9N8R0U,01KKBS2DP82X02WWMXPM2348HY,MJNAHS680B9N8R0U,"0,15,30,45 * * * *",job-hunter-bot,error,"0,15,30,45 * * * * ","0,15,30,45 * * * * ",346e138aae29f6b381c1ebae50734856,cf-worker-event,2175b4e0d20c214a7b73c814196e9671,cron,,undefined,undefined,undefined,[]
error,[ERROR] [Producer] Queue send failed after retries: Queue sendBatch failed: Too Many Requests. Falling back to DIRECT processing.,cloudflare-workers,2026-03-10T11:30:49.112Z,false,"0,15,30,45 * * * *",1773142243000,job-hunter-bot,exceededCpu,cron,a7fd90f8-dd89-49cd-a89f-9d1613cd7b9c,stateless,VW6WTWBP7O7T35O1,01KKBR73MRWBT9GBW7BEDXR2HZ,VW6WTWBP7O7T35O1,"0,15,30,45 * * * *",job-hunter-bot,error,[ERROR] [Producer] Queue send failed after retries: Queue sendBatch failed: Too Many Requests. Falling back to DIRECT processing.,[ERROR] [Producer] Queue send failed after retries: Queue sendBatch failed: Too Many Requests. Falling back to DIRECT processing.,346e138aae29f6b381c1ebae50734856,cf-worker,a182c642af561a79ea097003474c6a2a,cron,[ERROR] [Producer] Queue send failed after retries: Queue sendBatch failed: Too Many Requests. Falling back to DIRECT processing.,undefined,undefined,undefined,[]
error,"0,15,30,45 * * * * ",cloudflare-workers,2026-03-10T11:30:44.440Z,false,"0,15,30,45 * * * *",1773142243000,job-hunter-bot,exceededCpu,cron,a7fd90f8-dd89-49cd-a89f-9d1613cd7b9c,stateless,VW6WTWBP7O7T35O1,01KKBR6Z2RG8YTGXRV5DF0XZYJ,VW6WTWBP7O7T35O1,"0,15,30,45 * * * *",job-hunter-bot,error,"0,15,30,45 * * * * ","0,15,30,45 * * * * ",346e138aae29f6b381c1ebae50734856,cf-worker-event,5b91c98a766e7ec460fe2aab6366fe44,cron,"0,15,30,45 * * * *",undefined,undefined,undefined,[]
error,[ERROR] [Producer] Queue send failed after retries: Queue sendBatch failed: Too Many Requests. Falling back to DIRECT processing.,cloudflare-workers,2026-03-10T11:15:48.592Z,false,"0,15,30,45 * * * *",1773141343000,job-hunter-bot,exceededCpu,cron,a7fd90f8-dd89-49cd-a89f-9d1613cd7b9c,stateless,XR4PR7S2QAFT66PH,01KKBQBM7GMY6AR50AVAGNZEAZ,XR4PR7S2QAFT66PH,"0,15,30,45 * * * *",job-hunter-bot,error,[ERROR] [Producer] Queue send failed after retries: Queue sendBatch failed: Too Many Requests. Falling back to DIRECT processing.,[ERROR] [Producer] Queue send failed after retries: Queue sendBatch failed: Too Many Requests. Falling back to DIRECT processing.,346e138aae29f6b381c1ebae50734856,cf-worker,a182c642af561a79ea097003474c6a2a,cron,,undefined,undefined,undefined,[]
error,"0,15,30,45 * * * * ",cloudflare-workers,2026-03-10T11:15:43.933Z,false,"0,15,30,45 * * * *",1773141343000,job-hunter-bot,exceededCpu,cron,a7fd90f8-dd89-49cd-a89f-9d1613cd7b9c,stateless,XR4PR7S2QAFT66PH,01KKBQBFNX6A1VEK2G7HB74XJ9,XR4PR7S2QAFT66PH,"0,15,30,45 * * * *",job-hunter-bot,error,"0,15,30,45 * * * * ","0,15,30,45 * * * * ",346e138aae29f6b381c1ebae50734856,cf-worker-event,2175b4e0d20c214a7b73c814196e9671,cron,,undefined,undefined,undefined,[]
error,[ERROR] [Producer] Queue send failed after retries: Queue sendBatch failed: Too Many Requests. Falling back to DIRECT processing.,cloudflare-workers,2026-03-10T11:00:49.317Z,false,"0,15,30,45 * * * *",1773140443000,job-hunter-bot,exceededCpu,cron,a7fd90f8-dd89-49cd-a89f-9d1613cd7b9c,stateless,ZK7HJ6X7M685DUWB,01KKBPG615QJGT9W1617EXYE2B,ZK7HJ6X7M685DUWB,"0,15,30,45 * * * *",job-hunter-bot,error,[ERROR] [Producer] Queue send failed after retries: Queue sendBatch failed: Too Many Requests. Falling back to DIRECT processing.,[ERROR] [Producer] Queue send failed after retries: Queue sendBatch failed: Too Many Requests. Falling back to DIRECT processing.,346e138aae29f6b381c1ebae50734856,cf-worker,a182c642af561a79ea097003474c6a2a,cron,[ERROR] [Producer] Queue send failed after retries: Queue sendBatch failed: Too Many Requests. Falling back to DIRECT processing.,undefined,undefined,undefined,[]
error,"0,15,30,45 * * * * ",cloudflare-workers,2026-03-10T11:00:44.333Z,false,"0,15,30,45 * * * *",1773140443000,job-hunter-bot,exceededCpu,cron,a7fd90f8-dd89-49cd-a89f-9d1613cd7b9c,stateless,ZK7HJ6X7M685DUWB,01KKBPG15DRYMG33T3KVPZM16E,ZK7HJ6X7M685DUWB,"0,15,30,45 * * * *",job-hunter-bot,error,"0,15,30,45 * * * * ","0,15,30,45 * * * * ",346e138aae29f6b381c1ebae50734856,cf-worker-event,5b91c98a766e7ec460fe2aab6366fe44,cron,"0,15,30,45 * * * *",undefined,undefined,undefined,[]
error,[ERROR] [Producer] Queue send failed after retries: Queue sendBatch failed: Too Many Requests. Falling back to DIRECT processing.,cloudflare-workers,2026-03-10T10:45:48.812Z,false,"0,15,30,45 * * * *",1773139543000,job-hunter-bot,exceededCpu,cron,a7fd90f8-dd89-49cd-a89f-9d1613cd7b9c,stateless,JWXT3RUCEACJDFQ1,01KKBNMPMC3S4Y62W4FJXTFGAY,JWXT3RUCEACJDFQ1,"0,15,30,45 * * * *",job-hunter-bot,error,[ERROR] [Producer] Queue send failed after retries: Queue sendBatch failed: Too Many Requests. Falling back to DIRECT processing.,[ERROR] [Producer] Queue send failed after retries: Queue sendBatch failed: Too Many Requests. Falling back to DIRECT processing.,346e138aae29f6b381c1ebae50734856,cf-worker,a182c642af561a79ea097003474c6a2a,cron,[ERROR] [Producer] Queue send failed after retries: Queue sendBatch failed: Too Many Requests. Falling back to DIRECT processing.,undefined,undefined,undefined,[]
error,"0,15,30,45 * * * * ",cloudflare-workers,2026-03-10T10:45:44.035Z,false,"0,15,30,45 * * * *",1773139543000,job-hunter-bot,exceededCpu,cron,a7fd90f8-dd89-49cd-a89f-9d1613cd7b9c,stateless,JWXT3RUCEACJDFQ1,01KKBNMHZ3ESN2R9WXHNKS6XV4,JWXT3RUCEACJDFQ1,"0,15,30,45 * * * *",job-hunter-bot,error,"0,15,30,45 * * * * ","0,15,30,45 * * * * ",346e138aae29f6b381c1ebae50734856,cf-worker-event,5b91c98a766e7ec460fe2aab6366fe44,cron,"0,15,30,45 * * * *",undefined,undefined,undefined,[]
error,[ERROR] [Producer] Queue send failed after retries: Queue sendBatch failed: Too Many Requests. Falling back to DIRECT processing.,cloudflare-workers,2026-03-10T10:30:49.059Z,false,"0,15,30,45 * * * *",1773138643000,job-hunter-bot,exceededCpu,cron,a7fd90f8-dd89-49cd-a89f-9d1613cd7b9c,stateless,BUDJTS6E4KS3UPNO,01KKBMS7Z3RNER4EHHK6C5WQXQ,BUDJTS6E4KS3UPNO,"0,15,30,45 * * * *",job-hunter-bot,error,[ERROR] [Producer] Queue send failed after retries: Queue sendBatch failed: Too Many Requests. Falling back to DIRECT processing.,[ERROR] [Producer] Queue send failed after retries: Queue sendBatch failed: Too Many Requests. Falling back to DIRECT processing.,346e138aae29f6b381c1ebae50734856,cf-worker,a182c642af561a79ea097003474c6a2a,cron,[ERROR] [Producer] Queue send failed after retries: Queue sendBatch failed: Too Many Requests. Falling back to DIRECT processing.,undefined,undefined,undefined,[]
error,"0,15,30,45 * * * * ",cloudflare-workers,2026-03-10T10:30:44.441Z,false,"0,15,30,45 * * * *",1773138643000,job-hunter-bot,exceededCpu,cron,a7fd90f8-dd89-49cd-a89f-9d1613cd7b9c,stateless,BUDJTS6E4KS3UPNO,01KKBMS3ES7TMAYCG85YAQ8AYJ,BUDJTS6E4KS3UPNO,"0,15,30,45 * * * *",job-hunter-bot,error,"0,15,30,45 * * * * ","0,15,30,45 * * * * ",346e138aae29f6b381c1ebae50734856,cf-worker-event,5b91c98a766e7ec460fe2aab6366fe44,cron,"0,15,30,45 * * * *",undefined,undefined,undefined,[]
error,[ERROR] [Producer] Queue send failed after retries: Queue sendBatch failed: Too Many Requests. Falling back to DIRECT processing.,cloudflare-workers,2026-03-10T10:15:48.661Z,false,"0,15,30,45 * * * *",1773137743000,job-hunter-bot,exceededCpu,cron,a7fd90f8-dd89-49cd-a89f-9d1613cd7b9c,stateless,ZRMX49KPD0GIS1UK,01KKBKXRNNA7EHGE3Q05CTNB09,ZRMX49KPD0GIS1UK,"0,15,30,45 * * * *",job-hunter-bot,error,[ERROR] [Producer] Queue send failed after retries: Queue sendBatch failed: Too Many Requests. Falling back to DIRECT processing.,[ERROR] [Producer] Queue send failed after retries: Queue sendBatch failed: Too Many Requests. Falling back to DIRECT processing.,346e138aae29f6b381c1ebae50734856,cf-worker,a182c642af561a79ea097003474c6a2a,cron,[ERROR] [Producer] Queue send failed after retries: Queue sendBatch failed: Too Many Requests. Falling back to DIRECT processing.,undefined,undefined,undefined,[]
error,"0,15,30,45 * * * * ",cloudflare-workers,2026-03-10T10:15:44.076Z,false,"0,15,30,45 * * * *",1773137743000,job-hunter-bot,exceededCpu,cron,a7fd90f8-dd89-49cd-a89f-9d1613cd7b9c,stateless,ZRMX49KPD0GIS1UK,01KKBKXM6C89BWP6AQA45TDB03,ZRMX49KPD0GIS1UK,"0,15,30,45 * * * *",job-hunter-bot,error,"0,15,30,45 * * * * ","0,15,30,45 * * * * ",346e138aae29f6b381c1ebae50734856,cf-worker-event,5b91c98a766e7ec460fe2aab6366fe44,cron,"0,15,30,45 * * * *",undefined,undefined,undefined,[]
error,[ERROR] [Producer] Queue send failed after retries: Queue sendBatch failed: Too Many Requests. Falling back to DIRECT processing.,cloudflare-workers,2026-03-10T10:00:49.094Z,false,"0,15,30,45 * * * *",1773136843000,job-hunter-bot,exceededCpu,cron,a7fd90f8-dd89-49cd-a89f-9d1613cd7b9c,stateless,IB4K59GQG8OWZIQR,01KKBK2B3VARZKDWW47BAY2Y03,IB4K59GQG8OWZIQR,"0,15,30,45 * * * *",job-hunter-bot,error,[ERROR] [Producer] Queue send failed after retries: Queue sendBatch failed: Too Many Requests. Falling back to DIRECT processing.,[ERROR] [Producer] Queue send failed after retries: Queue sendBatch failed: Too Many Requests. Falling back to DIRECT processing.,346e138aae29f6b381c1ebae50734856,cf-worker,a182c642af561a79ea097003474c6a2a,cron,[ERROR] [Producer] Queue send failed after retries: Queue sendBatch failed: Too Many Requests. Falling back to DIRECT processing.,undefined,undefined,undefined,[]
error,"0,15,30,45 * * * * ",cloudflare-workers,2026-03-10T10:00:44.435Z,false,"0,15,30,45 * * * *",1773136843000,job-hunter-bot,exceededCpu,cron,a7fd90f8-dd89-49cd-a89f-9d1613cd7b9c,stateless,IB4K59GQG8OWZIQR,01KKBK2B3VARZKDWW47BAY2XZW,IB4K59GQG8OWZIQR,"0,15,30,45 * * * *",job-hunter-bot,error,"0,15,30,45 * * * * ","0,15,30,45 * * * * ",346e138aae29f6b381c1ebae50734856,cf-worker-event,5b91c98a766e7ec460fe2aab6366fe44,cron,"0,15,30,45 * * * *",undefined,undefined,undefined,[]
error,[ERROR] [Fetcher] JOB_QUEUE sendBatch failed after retries: Queue sendBatch failed: Too Many Requests. Falling back to direct evaluation.,cloudflare-workers,2026-03-10T09:46:21.770Z,false,"0,15,30,45 * * * *",1773135943000,job-hunter-bot,ok,cron,a7fd90f8-dd89-49cd-a89f-9d1613cd7b9c,stateless,ST0CVWRP1CCPVAC7,01KKBJ7Z46ZDAHN8TXFWQ73QFM,ST0CVWRP1CCPVAC7,"0,15,30,45 * * * *",job-hunter-bot,error,[ERROR] [Fetcher] JOB_QUEUE sendBatch failed after retries: Queue sendBatch failed: Too Many Requests. Falling back to direct evaluation.,[ERROR] [Fetcher] JOB_QUEUE sendBatch failed after retries: Queue sendBatch failed: Too Many Requests. Falling back to direct evaluation.,346e138aae29f6b381c1ebae50734856,cf-worker,26b9f1e1e696855e429cf8a8ed1cb0dc,cron,[ERROR] [<*>] <*> <*> failed after retries: Queue sendBatch failed: Too Many Requests. Falling back to <*> <*>.,undefined,undefined,undefined,[]
error,[ERROR] [Fetcher] JOB_QUEUE sendBatch failed after retries: Queue sendBatch failed: Too Many Requests. Falling back to direct evaluation.,cloudflare-workers,2026-03-10T09:45:57.561Z,false,"0,15,30,45 * * * *",1773135943000,job-hunter-bot,ok,cron,a7fd90f8-dd89-49cd-a89f-9d1613cd7b9c,stateless,ST0CVWRP1CCPVAC7,01KKBJ7Z46ZDAHN8TXFWQ73QD2,ST0CVWRP1CCPVAC7,"0,15,30,45 * * * *",job-hunter-bot,error,[ERROR] [Fetcher] JOB_QUEUE sendBatch failed after retries: Queue sendBatch failed: Too Many Requests. Falling back to direct evaluation.,[ERROR] [Fetcher] JOB_QUEUE sendBatch failed after retries: Queue sendBatch failed: Too Many Requests. Falling back to direct evaluation.,346e138aae29f6b381c1ebae50734856,cf-worker,26b9f1e1e696855e429cf8a8ed1cb0dc,cron,[ERROR] [<*>] <*> <*> failed after retries: Queue sendBatch failed: Too Many Requests. Falling back to <*> <*>.,undefined,undefined,undefined,[]
error,[ERROR] [Fetcher] JOB_QUEUE sendBatch failed after retries: Queue sendBatch failed: Too Many Requests. Falling back to direct evaluation.,cloudflare-workers,2026-03-10T09:45:55.079Z,false,"0,15,30,45 * * * *",1773135943000,job-hunter-bot,ok,cron,a7fd90f8-dd89-49cd-a89f-9d1613cd7b9c,stateless,ST0CVWRP1CCPVAC7,01KKBJ7Z46ZDAHN8TXFWQ73QCM,ST0CVWRP1CCPVAC7,"0,15,30,45 * * * *",job-hunter-bot,error,[ERROR] [Fetcher] JOB_QUEUE sendBatch failed after retries: Queue sendBatch failed: Too Many Requests. Falling back to direct evaluation.,[ERROR] [Fetcher] JOB_QUEUE sendBatch failed after retries: Queue sendBatch failed: Too Many Requests. Falling back to direct evaluation.,346e138aae29f6b381c1ebae50734856,cf-worker,26b9f1e1e696855e429cf8a8ed1cb0dc,cron,[ERROR] [<*>] <*> <*> failed after retries: Queue sendBatch failed: Too Many Requests. Falling back to <*> <*>.,undefined,undefined,undefined,[]
error,[ERROR] [Producer] Queue send failed after retries: Queue sendBatch failed: Too Many Requests. Falling back to DIRECT processing.,cloudflare-workers,2026-03-10T09:45:48.676Z,false,"0,15,30,45 * * * *",1773135943000,job-hunter-bot,ok,cron,a7fd90f8-dd89-49cd-a89f-9d1613cd7b9c,stateless,ST0CVWRP1CCPVAC7,01KKBJ7Z46ZDAHN8TXFWQ73QBS,ST0CVWRP1CCPVAC7,"0,15,30,45 * * * *",job-hunter-bot,error,[ERROR] [Producer] Queue send failed after retries: Queue sendBatch failed: Too Many Requests. Falling back to DIRECT processing.,[ERROR] [Producer] Queue send failed after retries: Queue sendBatch failed: Too Many Requests. Falling back to DIRECT processing.,346e138aae29f6b381c1ebae50734856,cf-worker,a182c642af561a79ea097003474c6a2a,cron,[ERROR] [<*>] <*> <*> failed after retries: Queue sendBatch failed: Too Many Requests. Falling back to <*> <*>.,undefined,undefined,undefined,[]
error,[ERROR] [Fetcher] JOB_QUEUE sendBatch failed after retries: Queue sendBatch failed: Too Many Requests. Falling back to direct evaluation.,cloudflare-workers,2026-03-10T09:31:04.228Z,false,"0,15,30,45 * * * *",1773135043000,job-hunter-bot,ok,cron,a7fd90f8-dd89-49cd-a89f-9d1613cd7b9c,stateless,7SZUP2SUMR2XBZNN,01KKBHBV54RWN3HNVG2EXSXBB9,7SZUP2SUMR2XBZNN,"0,15,30,45 * * * *",job-hunter-bot,error,[ERROR] [Fetcher] JOB_QUEUE sendBatch failed after retries: Queue sendBatch failed: Too Many Requests. Falling back to direct evaluation.,[ERROR] [Fetcher] JOB_QUEUE sendBatch failed after retries: Queue sendBatch failed: Too Many Requests. Falling back to direct evaluation.,346e138aae29f6b381c1ebae50734856,cf-worker,26b9f1e1e696855e429cf8a8ed1cb0dc,cron,[ERROR] [<*>] <*> <*> failed after retries: Queue sendBatch failed: Too Many Requests. Falling back to <*> <*>.,undefined,undefined,undefined,[]
error,[ERROR] [Fetcher] JOB_QUEUE sendBatch failed after retries: Queue sendBatch failed: Too Many Requests. Falling back to direct evaluation.,cloudflare-workers,2026-03-10T09:31:01.589Z,false,"0,15,30,45 * * * *",1773135043000,job-hunter-bot,ok,cron,a7fd90f8-dd89-49cd-a89f-9d1613cd7b9c,stateless,7SZUP2SUMR2XBZNN,01KKBHBTMQVW11D5KDJMVBGRBF,7SZUP2SUMR2XBZNN,"0,15,30,45 * * * *",job-hunter-bot,error,[ERROR] [Fetcher] JOB_QUEUE sendBatch failed after retries: Queue sendBatch failed: Too Many Requests. Falling back to direct evaluation.,[ERROR] [Fetcher] JOB_QUEUE sendBatch failed after retries: Queue sendBatch failed: Too Many Requests. Falling back to direct evaluation.,346e138aae29f6b381c1ebae50734856,cf-worker,26b9f1e1e696855e429cf8a8ed1cb0dc,cron,[ERROR] [<*>] <*> <*> failed after retries: Queue sendBatch failed: Too Many Requests. Falling back to <*> <*>.,undefined,undefined,undefined,[]
error,[ERROR] [Fetcher] JOB_QUEUE sendBatch failed after retries: Queue sendBatch failed: Too Many Requests. Falling back to direct evaluation.,cloudflare-workers,2026-03-10T09:30:56.063Z,false,"0,15,30,45 * * * *",1773135043000,job-hunter-bot,ok,cron,a7fd90f8-dd89-49cd-a89f-9d1613cd7b9c,stateless,7SZUP2SUMR2XBZNN,01KKBHBTMQVW11D5KDJMVBGRAH,7SZUP2SUMR2XBZNN,"0,15,30,45 * * * *",job-hunter-bot,error,[ERROR] [Fetcher] JOB_QUEUE sendBatch failed after retries: Queue sendBatch failed: Too Many Requests. Falling back to direct evaluation.,[ERROR] [Fetcher] JOB_QUEUE sendBatch failed after retries: Queue sendBatch failed: Too Many Requests. Falling back to direct evaluation.,346e138aae29f6b381c1ebae50734856,cf-worker,26b9f1e1e696855e429cf8a8ed1cb0dc,cron,[ERROR] [<*>] <*> <*> failed after retries: Queue sendBatch failed: Too Many Requests. Falling back to <*> <*>.,undefined,undefined,undefined,[]
error,[ERROR] [Producer] Queue send failed after retries: Queue sendBatch failed: Too Many Requests. Falling back to DIRECT processing.,cloudflare-workers,2026-03-10T09:30:49.015Z,false,"0,15,30,45 * * * *",1773135043000,job-hunter-bot,ok,cron,a7fd90f8-dd89-49cd-a89f-9d1613cd7b9c,stateless,7SZUP2SUMR2XBZNN,01KKBHBTMQVW11D5KDJMVBGR9V,7SZUP2SUMR2XBZNN,"0,15,30,45 * * * *",job-hunter-bot,error,[ERROR] [Producer] Queue send failed after retries: Queue sendBatch failed: Too Many Requests. Falling back to DIRECT processing.,[ERROR] [Producer] Queue send failed after retries: Queue sendBatch failed: Too Many Requests. Falling back to DIRECT processing.,346e138aae29f6b381c1ebae50734856,cf-worker,a182c642af561a79ea097003474c6a2a,cron,[ERROR] [<*>] <*> <*> failed after retries: Queue sendBatch failed: Too Many Requests. Falling back to <*> <*>.,undefined,undefined,undefined,[]
error,[ERROR] [Producer] Queue send failed after retries: Queue sendBatch failed: Too Many Requests. Falling back to DIRECT processing.,cloudflare-workers,2026-03-10T09:15:56.383Z,false,"0,15,30,45 * * * *",1773134151000,job-hunter-bot,exceededCpu,cron,a7fd90f8-dd89-49cd-a89f-9d1613cd7b9c,stateless,UHJBKN10TBVH8FTM,01KKBGG4JZKS4AMY9QHG61DWYQ,UHJBKN10TBVH8FTM,"0,15,30,45 * * * *",job-hunter-bot,error,[ERROR] [Producer] Queue send failed after retries: Queue sendBatch failed: Too Many Requests. Falling back to DIRECT processing.,[ERROR] [Producer] Queue send failed after retries: Queue sendBatch failed: Too Many Requests. Falling back to DIRECT processing.,346e138aae29f6b381c1ebae50734856,cf-worker,a182c642af561a79ea097003474c6a2a,cron,[ERROR] [Producer] Queue send failed after retries: Queue sendBatch failed: Too Many Requests. Falling back to DIRECT processing.,undefined,undefined,undefined,[]
error,"0,15,30,45 * * * * ",cloudflare-workers,2026-03-10T09:15:51.595Z,false,"0,15,30,45 * * * *",1773134151000,job-hunter-bot,exceededCpu,cron,a7fd90f8-dd89-49cd-a89f-9d1613cd7b9c,stateless,UHJBKN10TBVH8FTM,01KKBGFZXB83N9QRRFVZ4WQN6Q,UHJBKN10TBVH8FTM,"0,15,30,45 * * * *",job-hunter-bot,error,"0,15,30,45 * * * * ","0,15,30,45 * * * * ",346e138aae29f6b381c1ebae50734856,cf-worker-event,5b91c98a766e7ec460fe2aab6366fe44,cron,"0,15,30,45 * * * *",undefined,undefined,undefined,[]
error,[ERROR] [Producer] Queue send failed after retries: Queue sendBatch failed: Too Many Requests. Falling back to DIRECT processing.,cloudflare-workers,2026-03-10T09:00:59.391Z,false,"0,15,30,45 * * * *",1773133251000,job-hunter-bot,exceededCpu,cron,a7fd90f8-dd89-49cd-a89f-9d1613cd7b9c,stateless,JRQMXFDQL6DIELHR,01KKBFMRKZXSHS2KG7YJPR1CH3,JRQMXFDQL6DIELHR,"0,15,30,45 * * * *",job-hunter-bot,error,[ERROR] [Producer] Queue send failed after retries: Queue sendBatch failed: Too Many Requests. Falling back to DIRECT processing.,[ERROR] [Producer] Queue send failed after retries: Queue sendBatch failed: Too Many Requests. Falling back to DIRECT processing.,346e138aae29f6b381c1ebae50734856,cf-worker,a182c642af561a79ea097003474c6a2a,cron,[ERROR] [Producer] Queue send failed after retries: Queue sendBatch failed: Too Many Requests. Falling back to DIRECT processing.,undefined,undefined,undefined,[]
error,"0,15,30,45 * * * * ",cloudflare-workers,2026-03-10T09:00:53.877Z,false,"0,15,30,45 * * * *",1773133251000,job-hunter-bot,exceededCpu,cron,a7fd90f8-dd89-49cd-a89f-9d1613cd7b9c,stateless,JRQMXFDQL6DIELHR,01KKBFMK7N9756FXBA0B1VMYD7,JRQMXFDQL6DIELHR,"0,15,30,45 * * * *",job-hunter-bot,error,"0,15,30,45 * * * * ","0,15,30,45 * * * * ",346e138aae29f6b381c1ebae50734856,cf-worker-event,5b91c98a766e7ec460fe2aab6366fe44,cron,"0,15,30,45 * * * *",undefined,undefined,undefined,[]
error,[ERROR] [Producer] Queue send failed after retries: Queue sendBatch failed: Too Many Requests. Falling back to DIRECT processing.,cloudflare-workers,2026-03-10T08:45:57.406Z,false,"0,15,30,45 * * * *",1773132351000,job-hunter-bot,exceededCpu,cron,a7fd90f8-dd89-49cd-a89f-9d1613cd7b9c,stateless,VOZIU5NKJ8H6IV8F,01KKBES7RY1GG3TYJRXMX7H2DA,VOZIU5NKJ8H6IV8F,"0,15,30,45 * * * *",job-hunter-bot,error,[ERROR] [Producer] Queue send failed after retries: Queue sendBatch failed: Too Many Requests. Falling back to DIRECT processing.,[ERROR] [Producer] Queue send failed after retries: Queue sendBatch failed: Too Many Requests. Falling back to DIRECT processing.,346e138aae29f6b381c1ebae50734856,cf-worker,a182c642af561a79ea097003474c6a2a,cron,[ERROR] [Producer] Queue send failed after retries: Queue sendBatch failed: Too Many Requests. Falling back to DIRECT processing.,undefined,undefined,undefined,[]
error,"0,15,30,45 * * * * ",cloudflare-workers,2026-03-10T08:45:52.482Z,false,"0,15,30,45 * * * *",1773132351000,job-hunter-bot,exceededCpu,cron,a7fd90f8-dd89-49cd-a89f-9d1613cd7b9c,stateless,VOZIU5NKJ8H6IV8F,01KKBES2Z26TCXBAB4N8EFKB4F,VOZIU5NKJ8H6IV8F,"0,15,30,45 * * * *",job-hunter-bot,error,"0,15,30,45 * * * * ","0,15,30,45 * * * * ",346e138aae29f6b381c1ebae50734856,cf-worker-event,5b91c98a766e7ec460fe2aab6366fe44,cron,"0,15,30,45 * * * *",undefined,undefined,undefined,[]
error,[ERROR] [Producer] Queue send failed after retries: Queue sendBatch failed: Too Many Requests. Falling back to DIRECT processing.,cloudflare-workers,2026-03-10T08:30:58.878Z,false,"0,15,30,45 * * * *",1773131451000,job-hunter-bot,exceededCpu,cron,a7fd90f8-dd89-49cd-a89f-9d1613cd7b9c,stateless,05MFN7BNXAL3WGHW,01KKBDXT9YS6KQ04JVPR315HVZ,05MFN7BNXAL3WGHW,"0,15,30,45 * * * *",job-hunter-bot,error,[ERROR] [Producer] Queue send failed after retries: Queue sendBatch failed: Too Many Requests. Falling back to DIRECT processing.,[ERROR] [Producer] Queue send failed after retries: Queue sendBatch failed: Too Many Requests. Falling back to DIRECT processing.,346e138aae29f6b381c1ebae50734856,cf-worker,a182c642af561a79ea097003474c6a2a,cron,[ERROR] [Producer] Queue send failed after retries: Queue sendBatch failed: Too Many Requests. Falling back to DIRECT processing.,undefined,undefined,undefined,[]
error,"0,15,30,45 * * * * ",cloudflare-workers,2026-03-10T08:30:53.984Z,false,"0,15,30,45 * * * *",1773131451000,job-hunter-bot,exceededCpu,cron,a7fd90f8-dd89-49cd-a89f-9d1613cd7b9c,stateless,05MFN7BNXAL3WGHW,01KKBDXNH0H2NGYY2F16BAM8S9,05MFN7BNXAL3WGHW,"0,15,30,45 * * * *",job-hunter-bot,error,"0,15,30,45 * * * * ","0,15,30,45 * * * * ",346e138aae29f6b381c1ebae50734856,cf-worker-event,5b91c98a766e7ec460fe2aab6366fe44,cron,"0,15,30,45 * * * *",undefined,undefined,undefined,[]
error,[ERROR] [Producer] Queue send failed after retries: Queue sendBatch failed: Too Many Requests. Falling back to DIRECT processing.,cloudflare-workers,2026-03-10T08:15:56.503Z,false,"0,15,30,45 * * * *",1773130551000,job-hunter-bot,exceededCpu,cron,a7fd90f8-dd89-49cd-a89f-9d1613cd7b9c,stateless,SGTSBPDA9ODMMQ3I,01KKBD292QDZTEHVMJV5WJJP2Y,SGTSBPDA9ODMMQ3I,"0,15,30,45 * * * *",job-hunter-bot,error,[ERROR] [Producer] Queue send failed after retries: Queue sendBatch failed: Too Many Requests. Falling back to DIRECT processing.,[ERROR] [Producer] Queue send failed after retries: Queue sendBatch failed: Too Many Requests. Falling back to DIRECT processing.,346e138aae29f6b381c1ebae50734856,cf-worker,a182c642af561a79ea097003474c6a2a,cron,[ERROR] [Producer] Queue send failed after retries: Queue sendBatch failed: Too Many Requests. Falling back to DIRECT processing.,undefined,undefined,undefined,[]
error,"0,15,30,45 * * * * ",cloudflare-workers,2026-03-10T08:15:51.788Z,false,"0,15,30,45 * * * *",1773130551000,job-hunter-bot,exceededCpu,cron,a7fd90f8-dd89-49cd-a89f-9d1613cd7b9c,stateless,SGTSBPDA9ODMMQ3I,01KKBD24FCW1PDBGQ6P5ZPDNZ0,SGTSBPDA9ODMMQ3I,"0,15,30,45 * * * *",job-hunter-bot,error,"0,15,30,45 * * * * ","0,15,30,45 * * * * ",346e138aae29f6b381c1ebae50734856,cf-worker-event,5b91c98a766e7ec460fe2aab6366fe44,cron,"0,15,30,45 * * * *",undefined,undefined,undefined,[]
error,[ERROR] [Fetcher] JOB_QUEUE sendBatch failed after retries: Queue sendBatch failed: Too Many Requests. Falling back to direct evaluation.,cloudflare-workers,2026-03-10T08:01:05.418Z,false,"0,15,30,45 * * * *",1773129651000,job-hunter-bot,ok,cron,a7fd90f8-dd89-49cd-a89f-9d1613cd7b9c,stateless,N64R5DJR7IPDNLCG,01KKBC8X19N65CY64BWCSWGF8A,N64R5DJR7IPDNLCG,"0,15,30,45 * * * *",job-hunter-bot,error,[ERROR] [Fetcher] JOB_QUEUE sendBatch failed after retries: Queue sendBatch failed: Too Many Requests. Falling back to direct evaluation.,[ERROR] [Fetcher] JOB_QUEUE sendBatch failed after retries: Queue sendBatch failed: Too Many Requests. Falling back to direct evaluation.,346e138aae29f6b381c1ebae50734856,cf-worker,26b9f1e1e696855e429cf8a8ed1cb0dc,cron,[ERROR] [<*>] <*> <*> failed after retries: Queue sendBatch failed: Too Many Requests. Falling back to <*> <*>.,undefined,undefined,undefined,[]
error,[ERROR] [Producer] Queue send failed after retries: Queue sendBatch failed: Too Many Requests. Falling back to DIRECT processing.,cloudflare-workers,2026-03-10T08:01:00.183Z,false,"0,15,30,45 * * * *",1773129651000,job-hunter-bot,ok,cron,a7fd90f8-dd89-49cd-a89f-9d1613cd7b9c,stateless,N64R5DJR7IPDNLCG,01KKBC8X19N65CY64BWCSWGF76,N64R5DJR7IPDNLCG,"0,15,30,45 * * * *",job-hunter-bot,error,[ERROR] [Producer] Queue send failed after retries: Queue sendBatch failed: Too Many Requests. Falling back to DIRECT processing.,[ERROR] [Producer] Queue send failed after retries: Queue sendBatch failed: Too Many Requests. Falling back to DIRECT processing.,346e138aae29f6b381c1ebae50734856,cf-worker,a182c642af561a79ea097003474c6a2a,cron,[ERROR] [<*>] <*> <*> failed after retries: Queue sendBatch failed: Too Many Requests. Falling back to <*> <*>.,undefined,undefined,undefined,[]
error,[ERROR] [Fetcher] JOB_QUEUE sendBatch failed after retries: Queue sendBatch failed: Too Many Requests. Falling back to direct evaluation.,cloudflare-workers,2026-03-10T07:46:07.882Z,false,"0,15,30,45 * * * *",1773128751000,job-hunter-bot,ok,cron,a7fd90f8-dd89-49cd-a89f-9d1613cd7b9c,stateless,J7YWUS538ECCSW42,01KKBBBZB45YE86VQ8FVKX6T3K,J7YWUS538ECCSW42,"0,15,30,45 * * * *",job-hunter-bot,error,[ERROR] [Fetcher] JOB_QUEUE sendBatch failed after retries: Queue sendBatch failed: Too Many Requests. Falling back to direct evaluation.,[ERROR] [Fetcher] JOB_QUEUE sendBatch failed after retries: Queue sendBatch failed: Too Many Requests. Falling back to direct evaluation.,346e138aae29f6b381c1ebae50734856,cf-worker,f7968905334d83f83d0a3d4eebf6b947,cron,,undefined,undefined,undefined,[]
error,[ERROR] [Fetcher] JOB_QUEUE sendBatch failed after retries: Queue sendBatch failed: Too Many Requests. Falling back to direct evaluation.,cloudflare-workers,2026-03-10T07:46:03.213Z,false,"0,15,30,45 * * * *",1773128751000,job-hunter-bot,ok,cron,a7fd90f8-dd89-49cd-a89f-9d1613cd7b9c,stateless,J7YWUS538ECCSW42,01KKBBBZB45YE86VQ8FVKX6T2P,J7YWUS538ECCSW42,"0,15,30,45 * * * *",job-hunter-bot,error,[ERROR] [Fetcher] JOB_QUEUE sendBatch failed after retries: Queue sendBatch failed: Too Many Requests. Falling back to direct evaluation.,[ERROR] [Fetcher] JOB_QUEUE sendBatch failed after retries: Queue sendBatch failed: Too Many Requests. Falling back to direct evaluation.,346e138aae29f6b381c1ebae50734856,cf-worker,f7968905334d83f83d0a3d4eebf6b947,cron,,undefined,undefined,undefined,[]
error,[ERROR] [Producer] Queue send failed after retries: Queue sendBatch failed: Too Many Requests. Falling back to DIRECT processing.,cloudflare-workers,2026-03-10T07:45:57.652Z,false,"0,15,30,45 * * * *",1773128751000,job-hunter-bot,ok,cron,a7fd90f8-dd89-49cd-a89f-9d1613cd7b9c,stateless,J7YWUS538ECCSW42,01KKBBBZB45YE86VQ8FVKX6T1N,J7YWUS538ECCSW42,"0,15,30,45 * * * *",job-hunter-bot,error,[ERROR] [Producer] Queue send failed after retries: Queue sendBatch failed: Too Many Requests. Falling back to DIRECT processing.,[ERROR] [Producer] Queue send failed after retries: Queue sendBatch failed: Too Many Requests. Falling back to DIRECT processing.,346e138aae29f6b381c1ebae50734856,cf-worker,a182c642af561a79ea097003474c6a2a,cron,,undefined,undefined,undefined,[]
error,[ERROR] [Producer] Queue send failed after retries: Queue sendBatch failed: Too Many Requests. Falling back to DIRECT processing.,cloudflare-workers,2026-03-10T07:31:00.736Z,false,"0,15,30,45 * * * *",1773127851000,job-hunter-bot,exceededCpu,cron,a7fd90f8-dd89-49cd-a89f-9d1613cd7b9c,stateless,IEBIZ7L8PYG51XBD,01KKBAG0G0H853YAZNFVV2VPA4,IEBIZ7L8PYG51XBD,"0,15,30,45 * * * *",job-hunter-bot,error,[ERROR] [Producer] Queue send failed after retries: Queue sendBatch failed: Too Many Requests. Falling back to DIRECT processing.,[ERROR] [Producer] Queue send failed after retries: Queue sendBatch failed: Too Many Requests. Falling back to DIRECT processing.,346e138aae29f6b381c1ebae50734856,cf-worker,a182c642af561a79ea097003474c6a2a,cron,,undefined,undefined,undefined,[]
error,"0,15,30,45 * * * * ",cloudflare-workers,2026-03-10T07:30:55.983Z,false,"0,15,30,45 * * * *",1773127851000,job-hunter-bot,exceededCpu,cron,a7fd90f8-dd89-49cd-a89f-9d1613cd7b9c,stateless,IEBIZ7L8PYG51XBD,01KKBAFW99NJDMFDGWZXAYP1HN,IEBIZ7L8PYG51XBD,"0,15,30,45 * * * *",job-hunter-bot,error,"0,15,30,45 * * * * ","0,15,30,45 * * * * ",346e138aae29f6b381c1ebae50734856,cf-worker-event,2175b4e0d20c214a7b73c814196e9671,cron,,undefined,undefined,undefined,[]
error,[ERROR] [Producer] Queue send failed after retries: Queue sendBatch failed: Too Many Requests. Falling back to DIRECT processing.,cloudflare-workers,2026-03-10T07:15:57.782Z,false,"0,15,30,45 * * * *",1773126951000,job-hunter-bot,exceededCpu,cron,a7fd90f8-dd89-49cd-a89f-9d1613cd7b9c,stateless,IH6CWKFQJRU4UBXT,01KKB9MEPP51V9A1ZX7QYFQEZ1,IH6CWKFQJRU4UBXT,"0,15,30,45 * * * *",job-hunter-bot,error,[ERROR] [Producer] Queue send failed after retries: Queue sendBatch failed: Too Many Requests. Falling back to DIRECT processing.,[ERROR] [Producer] Queue send failed after retries: Queue sendBatch failed: Too Many Requests. Falling back to DIRECT processing.,346e138aae29f6b381c1ebae50734856,cf-worker,a182c642af561a79ea097003474c6a2a,cron,[ERROR] [Producer] Queue send failed after retries: Queue sendBatch failed: Too Many Requests. Falling back to DIRECT processing.,undefined,undefined,undefined,[]
error,"0,15,30,45 * * * * ",cloudflare-workers,2026-03-10T07:15:52.784Z,false,"0,15,30,45 * * * *",1773126951000,job-hunter-bot,exceededCpu,cron,a7fd90f8-dd89-49cd-a89f-9d1613cd7b9c,stateless,IH6CWKFQJRU4UBXT,01KKB9MCNRGTMBTJJSJFQ8TTJ1,IH6CWKFQJRU4UBXT,"0,15,30,45 * * * *",job-hunter-bot,error,"0,15,30,45 * * * * ","0,15,30,45 * * * * ",346e138aae29f6b381c1ebae50734856,cf-worker-event,5b91c98a766e7ec460fe2aab6366fe44,cron,"0,15,30,45 * * * *",undefined,undefined,undefined,[]
error,[ERROR] [Producer] Queue send failed after retries: Queue sendBatch failed: Too Many Requests. Falling back to DIRECT processing.,cloudflare-workers,2026-03-10T07:01:01.270Z,false,"0,15,30,45 * * * *",1773126051000,job-hunter-bot,exceededCpu,cron,a7fd90f8-dd89-49cd-a89f-9d1613cd7b9c,stateless,TT1D8X1AYY425NOU,01KKB8S68X6YYKNC987WNQS2AN,TT1D8X1AYY425NOU,"0,15,30,45 * * * *",job-hunter-bot,error,[ERROR] [Producer] Queue send failed after retries: Queue sendBatch failed: Too Many Requests. Falling back to DIRECT processing.,[ERROR] [Producer] Queue send failed after retries: Queue sendBatch failed: Too Many Requests. Falling back to DIRECT processing.,346e138aae29f6b381c1ebae50734856,cf-worker,a182c642af561a79ea097003474c6a2a,cron,[ERROR] [Producer] Queue send failed after retries: Queue sendBatch failed: Too Many Requests. Falling back to DIRECT processing.,undefined,undefined,undefined,[]
error,"0,15,30,45 * * * * ",cloudflare-workers,2026-03-10T07:00:56.484Z,false,"0,15,30,45 * * * *",1773126051000,job-hunter-bot,exceededCpu,cron,a7fd90f8-dd89-49cd-a89f-9d1613cd7b9c,stateless,TT1D8X1AYY425NOU,01KKB8S68X6YYKNC987WNQS2AE,TT1D8X1AYY425NOU,"0,15,30,45 * * * *",job-hunter-bot,error,"0,15,30,45 * * * * ","0,15,30,45 * * * * ",346e138aae29f6b381c1ebae50734856,cf-worker-event,5b91c98a766e7ec460fe2aab6366fe44,cron,"0,15,30,45 * * * *",undefined,undefined,undefined,[]
error,[ERROR] [Fetcher] JOB_QUEUE sendBatch failed after retries: Queue sendBatch failed: Too Many Requests. Falling back to direct evaluation.,cloudflare-workers,2026-03-10T06:46:23.459Z,false,"0,15,30,45 * * * *",1773125151000,job-hunter-bot,ok,cron,a7fd90f8-dd89-49cd-a89f-9d1613cd7b9c,stateless,UNUKNGT6NNK4ESKI,01KKB7YMBNWEX7W978163AVA25,UNUKNGT6NNK4ESKI,"0,15,30,45 * * * *",job-hunter-bot,error,[ERROR] [Fetcher] JOB_QUEUE sendBatch failed after retries: Queue sendBatch failed: Too Many Requests. Falling back to direct evaluation.,[ERROR] [Fetcher] JOB_QUEUE sendBatch failed after retries: Queue sendBatch failed: Too Many Requests. Falling back to direct evaluation.,346e138aae29f6b381c1ebae50734856,cf-worker,26b9f1e1e696855e429cf8a8ed1cb0dc,cron,[ERROR] [<*>] <*> <*> failed after retries: Queue sendBatch failed: Too Many Requests. Falling back to <*> <*>.,undefined,undefined,undefined,[]
error,[ERROR] [Fetcher] JOB_QUEUE sendBatch failed after retries: Queue sendBatch failed: Too Many Requests. Falling back to direct evaluation.,cloudflare-workers,2026-03-10T06:46:17.059Z,false,"0,15,30,45 * * * *",1773125151000,job-hunter-bot,ok,cron,a7fd90f8-dd89-49cd-a89f-9d1613cd7b9c,stateless,UNUKNGT6NNK4ESKI,01KKB7YMBNWEX7W978163AVA0A,UNUKNGT6NNK4ESKI,"0,15,30,45 * * * *",job-hunter-bot,error,[ERROR] [Fetcher] JOB_QUEUE sendBatch failed after retries: Queue sendBatch failed: Too Many Requests. Falling back to direct evaluation.,[ERROR] [Fetcher] JOB_QUEUE sendBatch failed after retries: Queue sendBatch failed: Too Many Requests. Falling back to direct evaluation.,346e138aae29f6b381c1ebae50734856,cf-worker,26b9f1e1e696855e429cf8a8ed1cb0dc,cron,[ERROR] [<*>] <*> <*> failed after retries: Queue sendBatch failed: Too Many Requests. Falling back to <*> <*>.,undefined,undefined,undefined,[]
error,[ERROR] [Fetcher] JOB_QUEUE sendBatch failed after retries: Queue sendBatch failed: Too Many Requests. Falling back to direct evaluation.,cloudflare-workers,2026-03-10T06:46:03.242Z,false,"0,15,30,45 * * * *",1773125151000,job-hunter-bot,ok,cron,a7fd90f8-dd89-49cd-a89f-9d1613cd7b9c,stateless,UNUKNGT6NNK4ESKI,01KKB7YMBNWEX7W978163AV9Y8,UNUKNGT6NNK4ESKI,"0,15,30,45 * * * *",job-hunter-bot,error,[ERROR] [Fetcher] JOB_QUEUE sendBatch failed after retries: Queue sendBatch failed: Too Many Requests. Falling back to direct evaluation.,[ERROR] [Fetcher] JOB_QUEUE sendBatch failed after retries: Queue sendBatch failed: Too Many Requests. Falling back to direct evaluation.,346e138aae29f6b381c1ebae50734856,cf-worker,26b9f1e1e696855e429cf8a8ed1cb0dc,cron,[ERROR] [<*>] <*> <*> failed after retries: Queue sendBatch failed: Too Many Requests. Falling back to <*> <*>.,undefined,undefined,undefined,[]
error,[ERROR] [Producer] Queue send failed after retries: Queue sendBatch failed: Too Many Requests. Falling back to DIRECT processing.,cloudflare-workers,2026-03-10T06:45:58.157Z,false,"0,15,30,45 * * * *",1773125151000,job-hunter-bot,ok,cron,a7fd90f8-dd89-49cd-a89f-9d1613cd7b9c,stateless,UNUKNGT6NNK4ESKI,01KKB7YMBNWEX7W978163AV9X4,UNUKNGT6NNK4ESKI,"0,15,30,45 * * * *",job-hunter-bot,error,[ERROR] [Producer] Queue send failed after retries: Queue sendBatch failed: Too Many Requests. Falling back to DIRECT processing.,[ERROR] [Producer] Queue send failed after retries: Queue sendBatch failed: Too Many Requests. Falling back to DIRECT processing.,346e138aae29f6b381c1ebae50734856,cf-worker,a182c642af561a79ea097003474c6a2a,cron,[ERROR] [<*>] <*> <*> failed after retries: Queue sendBatch failed: Too Many Requests. Falling back to <*> <*>.,undefined,undefined,undefined,[]
error,[ERROR] [Fetcher] JOB_QUEUE sendBatch failed after retries: Queue sendBatch failed: Too Many Requests. Falling back to direct evaluation.,cloudflare-workers,2026-03-10T06:31:22.686Z,false,"0,15,30,45 * * * *",1773124251000,job-hunter-bot,ok,cron,a7fd90f8-dd89-49cd-a89f-9d1613cd7b9c,stateless,UTQSSPOJQ078HE0Z,01KKB72T9Y6Z8E6M1X3EGC4VWN,UTQSSPOJQ078HE0Z,"0,15,30,45 * * * *",job-hunter-bot,error,[ERROR] [Fetcher] JOB_QUEUE sendBatch failed after retries: Queue sendBatch failed: Too Many Requests. Falling back to direct evaluation.,[ERROR] [Fetcher] JOB_QUEUE sendBatch failed after retries: Queue sendBatch failed: Too Many Requests. Falling back to direct evaluation.,346e138aae29f6b381c1ebae50734856,cf-worker,26b9f1e1e696855e429cf8a8ed1cb0dc,cron,[ERROR] [<*>] <*> <*> failed after retries: Queue sendBatch failed: Too Many Requests. Falling back to <*> <*>.,undefined,undefined,undefined,[]
error,[ERROR] [Fetcher] JOB_QUEUE sendBatch failed after retries: Queue sendBatch failed: Too Many Requests. Falling back to direct evaluation.,cloudflare-workers,2026-03-10T06:31:21.080Z,false,"0,15,30,45 * * * *",1773124251000,job-hunter-bot,ok,cron,a7fd90f8-dd89-49cd-a89f-9d1613cd7b9c,stateless,UTQSSPOJQ078HE0Z,01KKB72RQR22D5D9VRP2X1QG8S,UTQSSPOJQ078HE0Z,"0,15,30,45 * * * *",job-hunter-bot,error,[ERROR] [Fetcher] JOB_QUEUE sendBatch failed after retries: Queue sendBatch failed: Too Many Requests. Falling back to direct evaluation.,[ERROR] [Fetcher] JOB_QUEUE sendBatch failed after retries: Queue sendBatch failed: Too Many Requests. Falling back to direct evaluation.,346e138aae29f6b381c1ebae50734856,cf-worker,26b9f1e1e696855e429cf8a8ed1cb0dc,cron,[ERROR] [<*>] <*> <*> failed after retries: Queue sendBatch failed: Too Many Requests. Falling back to <*> <*>.,undefined,undefined,undefined,[]
error,[ERROR] [Fetcher] JOB_QUEUE sendBatch failed after retries: Queue sendBatch failed: Too Many Requests. Falling back to direct evaluation.,cloudflare-workers,2026-03-10T06:31:10.031Z,false,"0,15,30,45 * * * *",1773124251000,job-hunter-bot,ok,cron,a7fd90f8-dd89-49cd-a89f-9d1613cd7b9c,stateless,UTQSSPOJQ078HE0Z,01KKB72NWS80GS0P83YK1RKQSP,UTQSSPOJQ078HE0Z,"0,15,30,45 * * * *",job-hunter-bot,error,[ERROR] [Fetcher] JOB_QUEUE sendBatch failed after retries: Queue sendBatch failed: Too Many Requests. Falling back to direct evaluation.,[ERROR] [Fetcher] JOB_QUEUE sendBatch failed after retries: Queue sendBatch failed: Too Many Requests. Falling back to direct evaluation.,346e138aae29f6b381c1ebae50734856,cf-worker,26b9f1e1e696855e429cf8a8ed1cb0dc,cron,[ERROR] [<*>] <*> <*> failed after retries: Queue sendBatch failed: Too Many Requests. Falling back to <*> <*>.,undefined,undefined,undefined,[]
error,[ERROR] [Fetcher] JOB_QUEUE sendBatch failed after retries: Queue sendBatch failed: Too Many Requests. Falling back to direct evaluation.,cloudflare-workers,2026-03-10T06:31:05.658Z,false,"0,15,30,45 * * * *",1773124251000,job-hunter-bot,ok,cron,a7fd90f8-dd89-49cd-a89f-9d1613cd7b9c,stateless,UTQSSPOJQ078HE0Z,01KKB72NWS80GS0P83YK1RKQRN,UTQSSPOJQ078HE0Z,"0,15,30,45 * * * *",job-hunter-bot,error,[ERROR] [Fetcher] JOB_QUEUE sendBatch failed after retries: Queue sendBatch failed: Too Many Requests. Falling back to direct evaluation.,[ERROR] [Fetcher] JOB_QUEUE sendBatch failed after retries: Queue sendBatch failed: Too Many Requests. Falling back to direct evaluation.,346e138aae29f6b381c1ebae50734856,cf-worker,26b9f1e1e696855e429cf8a8ed1cb0dc,cron,[ERROR] [<*>] <*> <*> failed after retries: Queue sendBatch failed: Too Many Requests. Falling back to <*> <*>.,undefined,undefined,undefined,[]
error,[ERROR] [Producer] Queue send failed after retries: Queue sendBatch failed: Too Many Requests. Falling back to DIRECT processing.,cloudflare-workers,2026-03-10T06:30:59.585Z,false,"0,15,30,45 * * * *",1773124251000,job-hunter-bot,ok,cron,a7fd90f8-dd89-49cd-a89f-9d1613cd7b9c,stateless,UTQSSPOJQ078HE0Z,01KKB72NWS80GS0P83YK1RKQQS,UTQSSPOJQ078HE0Z,"0,15,30,45 * * * *",job-hunter-bot,error,[ERROR] [Producer] Queue send failed after retries: Queue sendBatch failed: Too Many Requests. Falling back to DIRECT processing.,[ERROR] [Producer] Queue send failed after retries: Queue sendBatch failed: Too Many Requests. Falling back to DIRECT processing.,346e138aae29f6b381c1ebae50734856,cf-worker,a182c642af561a79ea097003474c6a2a,cron,[ERROR] [<*>] <*> <*> failed after retries: Queue sendBatch failed: Too Many Requests. Falling back to <*> <*>.,undefined,undefined,undefined,[]
error,"[ERROR] [Queue] Unhandled error in queue=""job-queue"": trackScoreDistribution is not defined  stack=""ReferenceError: trackScoreDistribution is not defined\n    at evaluateJobs (worker.js:6487:13)\n    at async queueHandler (worker.js:6046:5)\n    at async Object.queue (worker.js:6995:7)""",cloudflare-workers,2026-03-10T03:31:47.548Z,false,,,job-hunter-bot,ok,queue,a7fd90f8-dd89-49cd-a89f-9d1613cd7b9c,stateless,XHQWLWR2DN7LG92B,01KKAWSZPWBFWJGY1KFTF9SYRA,XHQWLWR2DN7LG92B,job-queue,job-hunter-bot,error,"[ERROR] [Queue] Unhandled error in queue=""job-queue"": trackScoreDistribution is not defined  stack=""ReferenceError: trackScoreDistribution is not defined\n    at evaluateJobs (worker.js:6487:13)\n    at async queueHandler (worker.js:6046:5)\n    at async Object.queue (worker.js:6995:7)""","[ERROR] [Queue] Unhandled error in queue=""job-queue"": trackScoreDistribution is not defined  stack=""ReferenceError: trackScoreDistribution is not defined\n    at evaluateJobs (worker.js:6487:13)\n    at async queueHandler (worker.js:6046:5)\n    at async Object.queue (worker.js:6995:7)""",346e138aae29f6b381c1ebae50734856,cf-worker,f0fec3d0e6794847dc6a1065eff29f5f,queue,"[ERROR] [Queue] Unhandled error in queue=""job-queue"": trackScoreDistribution is not defined  stack=""ReferenceError: trackScoreDistribution is not defined\n    at evaluateJobs (<DOMAIN>:6487:13)\n    at async queueHandler (<DOMAIN>:6046:5)\n    at async <DOMAIN> (<DOMAIN>:6995:7)""",undefined,undefined,undefined,[]
error,"[ERROR] [Queue] Unhandled error in queue=""job-queue"": trackScoreDistribution is not defined  stack=""ReferenceError: trackScoreDistribution is not defined\n    at evaluateJobs (worker.js:6487:13)\n    at async queueHandler (worker.js:6046:5)\n    at async Object.queue (worker.js:6995:7)""",cloudflare-workers,2026-03-10T03:31:46.902Z,false,,,job-hunter-bot,ok,queue,a7fd90f8-dd89-49cd-a89f-9d1613cd7b9c,stateless,FO5UE4R0Z4IOTMPX,01KKAWSZ35Y5VACEEPR39B1K40,FO5UE4R0Z4IOTMPX,job-queue,job-hunter-bot,error,"[ERROR] [Queue] Unhandled error in queue=""job-queue"": trackScoreDistribution is not defined  stack=""ReferenceError: trackScoreDistribution is not defined\n    at evaluateJobs (worker.js:6487:13)\n    at async queueHandler (worker.js:6046:5)\n    at async Object.queue (worker.js:6995:7)""","[ERROR] [Queue] Unhandled error in queue=""job-queue"": trackScoreDistribution is not defined  stack=""ReferenceError: trackScoreDistribution is not defined\n    at evaluateJobs (worker.js:6487:13)\n    at async queueHandler (worker.js:6046:5)\n    at async Object.queue (worker.js:6995:7)""",346e138aae29f6b381c1ebae50734856,cf-worker,f0fec3d0e6794847dc6a1065eff29f5f,queue,"[ERROR] [Queue] Unhandled error in queue=""job-queue"": trackScoreDistribution is not defined  stack=""ReferenceError: trackScoreDistribution is not defined\n    at evaluateJobs (<DOMAIN>:6487:13)\n    at async queueHandler (<DOMAIN>:6046:5)\n    at async <DOMAIN> (<DOMAIN>:6995:7)""",undefined,undefined,undefined,[]
error,"[ERROR] [Queue] Unhandled error in queue=""job-queue"": trackScoreDistribution is not defined  stack=""ReferenceError: trackScoreDistribution is not defined\n    at evaluateJobs (worker.js:6487:13)\n    at async queueHandler (worker.js:6046:5)\n    at async Object.queue (worker.js:6995:7)""",cloudflare-workers,2026-03-10T03:31:46.310Z,false,,,job-hunter-bot,ok,queue,a7fd90f8-dd89-49cd-a89f-9d1613cd7b9c,stateless,5M5FR79S1QOQ6AC8,01KKAWSYG6XHA2YPKXH7Y5SYCR,5M5FR79S1QOQ6AC8,job-queue,job-hunter-bot,error,"[ERROR] [Queue] Unhandled error in queue=""job-queue"": trackScoreDistribution is not defined  stack=""ReferenceError: trackScoreDistribution is not defined\n    at evaluateJobs (worker.js:6487:13)\n    at async queueHandler (worker.js:6046:5)\n    at async Object.queue (worker.js:6995:7)""","[ERROR] [Queue] Unhandled error in queue=""job-queue"": trackScoreDistribution is not defined  stack=""ReferenceError: trackScoreDistribution is not defined\n    at evaluateJobs (worker.js:6487:13)\n    at async queueHandler (worker.js:6046:5)\n    at async Object.queue (worker.js:6995:7)""",346e138aae29f6b381c1ebae50734856,cf-worker,f0fec3d0e6794847dc6a1065eff29f5f,queue,"[ERROR] [Queue] Unhandled error in queue=""job-queue"": trackScoreDistribution is not defined  stack=""ReferenceError: trackScoreDistribution is not defined\n    at evaluateJobs (<DOMAIN>:6487:13)\n    at async queueHandler (<DOMAIN>:6046:5)\n    at async <DOMAIN> (<DOMAIN>:6995:7)""",undefined,undefined,undefined,[]
error,"[ERROR] [Queue] Unhandled error in queue=""job-queue"": trackScoreDistribution is not defined  stack=""ReferenceError: trackScoreDistribution is not defined\n    at evaluateJobs (worker.js:6487:13)\n    at async queueHandler (worker.js:6046:5)\n    at async Object.queue (worker.js:6995:7)""",cloudflare-workers,2026-03-10T03:31:45.744Z,false,,,job-hunter-bot,ok,queue,a7fd90f8-dd89-49cd-a89f-9d1613cd7b9c,stateless,Z94BIDTBHD5LN28L,01KKAWSXYGF2CDZA8AM5HMFG5E,Z94BIDTBHD5LN28L,job-queue,job-hunter-bot,error,"[ERROR] [Queue] Unhandled error in queue=""job-queue"": trackScoreDistribution is not defined  stack=""ReferenceError: trackScoreDistribution is not defined\n    at evaluateJobs (worker.js:6487:13)\n    at async queueHandler (worker.js:6046:5)\n    at async Object.queue (worker.js:6995:7)""","[ERROR] [Queue] Unhandled error in queue=""job-queue"": trackScoreDistribution is not defined  stack=""ReferenceError: trackScoreDistribution is not defined\n    at evaluateJobs (worker.js:6487:13)\n    at async queueHandler (worker.js:6046:5)\n    at async Object.queue (worker.js:6995:7)""",346e138aae29f6b381c1ebae50734856,cf-worker,f0fec3d0e6794847dc6a1065eff29f5f,queue,"[ERROR] [Queue] Unhandled error in queue=""job-queue"": trackScoreDistribution is not defined  stack=""ReferenceError: trackScoreDistribution is not defined\n    at evaluateJobs (<DOMAIN>:6487:13)\n    at async queueHandler (<DOMAIN>:6046:5)\n    at async <DOMAIN> (<DOMAIN>:6995:7)""",undefined,undefined,undefined,[]
error,"0,15,30,45 * * * * ",cloudflare-workers,2026-03-10T01:00:10.467Z,false,"0,15,30,45 * * * *",1773104410000,job-hunter-bot,exceededCpu,cron,a7fd90f8-dd89-49cd-a89f-9d1613cd7b9c,stateless,FP9XVFW822S5OSGS,01KKAM6SCCDFK5SDZT344YJ5GJ,FP9XVFW822S5OSGS,"0,15,30,45 * * * *",job-hunter-bot,error,"0,15,30,45 * * * * ","0,15,30,45 * * * * ",346e138aae29f6b381c1ebae50734856,cf-worker-event,5b91c98a766e7ec460fe2aab6366fe44,cron,"0,15,30,45 * * * *",undefined,undefined,undefined,[]
error,"0,15,30,45 * * * * ",cloudflare-workers,2026-03-10T00:00:10.468Z,false,"0,15,30,45 * * * *",1773100810000,job-hunter-bot,exceededCpu,cron,a7fd90f8-dd89-49cd-a89f-9d1613cd7b9c,stateless,GLQAPKS2409UWAZE,01KKAGPK59X3H2C69BA4AQ9E6Q,GLQAPKS2409UWAZE,"0,15,30,45 * * * *",job-hunter-bot,error,"0,15,30,45 * * * * ","0,15,30,45 * * * * ",346e138aae29f6b381c1ebae50734856,cf-worker-event,5b91c98a766e7ec460fe2aab6366fe44,cron,"0,15,30,45 * * * *",undefined,undefined,undefined,[]
error,[ERROR] [Producer] Queue send failed after retries: Queue sendBatch failed: Too Many Requests. Falling back to DIRECT processing.,cloudflare-workers,2026-03-09T23:45:14.889Z,false,"0,15,30,45 * * * *",1773099910000,job-hunter-bot,exceededCpu,cron,a7fd90f8-dd89-49cd-a89f-9d1613cd7b9c,stateless,3O51LMVWC8CSBZ9V,01KKAFV5M9EX4W1WZK70ZB23BX,3O51LMVWC8CSBZ9V,"0,15,30,45 * * * *",job-hunter-bot,error,[ERROR] [Producer] Queue send failed after retries: Queue sendBatch failed: Too Many Requests. Falling back to DIRECT processing.,[ERROR] [Producer] Queue send failed after retries: Queue sendBatch failed: Too Many Requests. Falling back to DIRECT processing.,346e138aae29f6b381c1ebae50734856,cf-worker,a182c642af561a79ea097003474c6a2a,cron,[ERROR] [Producer] Queue send failed after retries: Queue sendBatch failed: Too Many Requests. Falling back to DIRECT processing.,undefined,undefined,undefined,[]
error,"0,15,30,45 * * * * ",cloudflare-workers,2026-03-09T23:45:10.469Z,false,"0,15,30,45 * * * *",1773099910000,job-hunter-bot,exceededCpu,cron,a7fd90f8-dd89-49cd-a89f-9d1613cd7b9c,stateless,3O51LMVWC8CSBZ9V,01KKAFV1A5TDD7H7J82CRTE2FB,3O51LMVWC8CSBZ9V,"0,15,30,45 * * * *",job-hunter-bot,error,"0,15,30,45 * * * * ","0,15,30,45 * * * * ",346e138aae29f6b381c1ebae50734856,cf-worker-event,5b91c98a766e7ec460fe2aab6366fe44,cron,"0,15,30,45 * * * *",undefined,undefined,undefined,[]
error,[ERROR] [Producer] Queue send failed after retries: Queue sendBatch failed: Too Many Requests. Falling back to DIRECT processing.,cloudflare-workers,2026-03-09T23:30:15.199Z,false,"0,15,30,45 * * * *",1773099010000,job-hunter-bot,exceededCpu,cron,a7fd90f8-dd89-49cd-a89f-9d1613cd7b9c,stateless,A2N3L127TVIZIX86,01KKAEZQ0ZFZ6PGS9588T7FBJX,A2N3L127TVIZIX86,"0,15,30,45 * * * *",job-hunter-bot,error,[ERROR] [Producer] Queue send failed after retries: Queue sendBatch failed: Too Many Requests. Falling back to DIRECT processing.,[ERROR] [Producer] Queue send failed after retries: Queue sendBatch failed: Too Many Requests. Falling back to DIRECT processing.,346e138aae29f6b381c1ebae50734856,cf-worker,a182c642af561a79ea097003474c6a2a,cron,[ERROR] [Producer] Queue send failed after retries: Queue sendBatch failed: Too Many Requests. Falling back to DIRECT processing.,undefined,undefined,undefined,[]
error,"0,15,30,45 * * * * ",cloudflare-workers,2026-03-09T23:30:10.468Z,false,"0,15,30,45 * * * *",1773099010000,job-hunter-bot,exceededCpu,cron,a7fd90f8-dd89-49cd-a89f-9d1613cd7b9c,stateless,A2N3L127TVIZIX86,01KKAEZJD4Z9T9J0QWKYBFSEA8,A2N3L127TVIZIX86,"0,15,30,45 * * * *",job-hunter-bot,error,"0,15,30,45 * * * * ","0,15,30,45 * * * * ",346e138aae29f6b381c1ebae50734856,cf-worker-event,5b91c98a766e7ec460fe2aab6366fe44,cron,"0,15,30,45 * * * *",undefined,undefined,undefined,[]
error,[ERROR] [Producer] Queue send failed after retries: Queue sendBatch failed: Too Many Requests. Falling back to DIRECT processing.,cloudflare-workers,2026-03-09T23:15:14.995Z,false,"0,15,30,45 * * * *",1773098110000,job-hunter-bot,exceededCpu,cron,a7fd90f8-dd89-49cd-a89f-9d1613cd7b9c,stateless,J5GT97TOBJFRGVM6,01KKAE47XKQEJM14P19TSJENJZ,J5GT97TOBJFRGVM6,"0,15,30,45 * * * *",job-hunter-bot,error,[ERROR] [Producer] Queue send failed after retries: Queue sendBatch failed: Too Many Requests. Falling back to DIRECT processing.,[ERROR] [Producer] Queue send failed after retries: Queue sendBatch failed: Too Many Requests. Falling back to DIRECT processing.,346e138aae29f6b381c1ebae50734856,cf-worker,a182c642af561a79ea097003474c6a2a,cron,[ERROR] [Producer] Queue send failed after retries: Queue sendBatch failed: Too Many Requests. Falling back to DIRECT processing.,undefined,undefined,undefined,[]
error,"0,15,30,45 * * * * ",cloudflare-workers,2026-03-09T23:15:10.469Z,false,"0,15,30,45 * * * *",1773098110000,job-hunter-bot,exceededCpu,cron,a7fd90f8-dd89-49cd-a89f-9d1613cd7b9c,stateless,J5GT97TOBJFRGVM6,01KKAE43G5GJWT8GYAHD6GAS8H,J5GT97TOBJFRGVM6,"0,15,30,45 * * * *",job-hunter-bot,error,"0,15,30,45 * * * * ","0,15,30,45 * * * * ",346e138aae29f6b381c1ebae50734856,cf-worker-event,5b91c98a766e7ec460fe2aab6366fe44,cron,"0,15,30,45 * * * *",undefined,undefined,undefined,[]
error,[ERROR] [Producer] Queue send failed after retries: Queue sendBatch failed: Too Many Requests. Falling back to DIRECT processing.,cloudflare-workers,2026-03-09T23:00:14.969Z,false,"0,15,30,45 * * * *",1773097210000,job-hunter-bot,exceededCpu,cron,a7fd90f8-dd89-49cd-a89f-9d1613cd7b9c,stateless,XN24Q5J4YYXN1M2Y,01KKAD8RZSY1Y56W0CAFGBXGPB,XN24Q5J4YYXN1M2Y,"0,15,30,45 * * * *",job-hunter-bot,error,[ERROR] [Producer] Queue send failed after retries: Queue sendBatch failed: Too Many Requests. Falling back to DIRECT processing.,[ERROR] [Producer] Queue send failed after retries: Queue sendBatch failed: Too Many Requests. Falling back to DIRECT processing.,346e138aae29f6b381c1ebae50734856,cf-worker,a182c642af561a79ea097003474c6a2a,cron,[ERROR] [Producer] Queue send failed after retries: Queue sendBatch failed: Too Many Requests. Falling back to DIRECT processing.,undefined,undefined,undefined,[]
error,"0,15,30,45 * * * * ",cloudflare-workers,2026-03-09T23:00:10.468Z,false,"0,15,30,45 * * * *",1773097210000,job-hunter-bot,exceededCpu,cron,a7fd90f8-dd89-49cd-a89f-9d1613cd7b9c,stateless,XN24Q5J4YYXN1M2Y,01KKAD8MK4BJ0K45WV7KTFDP9V,XN24Q5J4YYXN1M2Y,"0,15,30,45 * * * *",job-hunter-bot,error,"0,15,30,45 * * * * ","0,15,30,45 * * * * ",346e138aae29f6b381c1ebae50734856,cf-worker-event,5b91c98a766e7ec460fe2aab6366fe44,cron,"0,15,30,45 * * * *",undefined,undefined,undefined,[]
error,[ERROR] [Producer] Queue send failed after retries: Queue sendBatch failed: Too Many Requests. Falling back to DIRECT processing.,cloudflare-workers,2026-03-09T22:45:14.858Z,false,"0,15,30,45 * * * *",1773096310000,job-hunter-bot,exceededCpu,cron,a7fd90f8-dd89-49cd-a89f-9d1613cd7b9c,stateless,7ZQWV2HT7OVV0434,01KKACD9ZAAETKRJNK58F6BD4Z,7ZQWV2HT7OVV0434,"0,15,30,45 * * * *",job-hunter-bot,error,[ERROR] [Producer] Queue send failed after retries: Queue sendBatch failed: Too Many Requests. Falling back to DIRECT processing.,[ERROR] [Producer] Queue send failed after retries: Queue sendBatch failed: Too Many Requests. Falling back to DIRECT processing.,346e138aae29f6b381c1ebae50734856,cf-worker,a182c642af561a79ea097003474c6a2a,cron,[ERROR] [Producer] Queue send failed after retries: Queue sendBatch failed: Too Many Requests. Falling back to DIRECT processing.,undefined,undefined,undefined,[]
error,"0,15,30,45 * * * * ",cloudflare-workers,2026-03-09T22:45:10.468Z,false,"0,15,30,45 * * * *",1773096310000,job-hunter-bot,exceededCpu,cron,a7fd90f8-dd89-49cd-a89f-9d1613cd7b9c,stateless,7ZQWV2HT7OVV0434,01KKACD5P4T4WGKP9Z6JB8VV8P,7ZQWV2HT7OVV0434,"0,15,30,45 * * * *",job-hunter-bot,error,"0,15,30,45 * * * * ","0,15,30,45 * * * * ",346e138aae29f6b381c1ebae50734856,cf-worker-event,5b91c98a766e7ec460fe2aab6366fe44,cron,"0,15,30,45 * * * *",undefined,undefined,undefined,[]
error,[ERROR] [Producer] Queue send failed after retries: Queue sendBatch failed: Too Many Requests. Falling back to DIRECT processing.,cloudflare-workers,2026-03-09T22:30:15.078Z,false,"0,15,30,45 * * * *",1773095410000,job-hunter-bot,ok,cron,a7fd90f8-dd89-49cd-a89f-9d1613cd7b9c,stateless,ZO5QNWQWQ8JBN67Z,01KKABJHGX7SG6P0ADAW6DYHSQ,ZO5QNWQWQ8JBN67Z,"0,15,30,45 * * * *",job-hunter-bot,error,[ERROR] [Producer] Queue send failed after retries: Queue sendBatch failed: Too Many Requests. Falling back to DIRECT processing.,[ERROR] [Producer] Queue send failed after retries: Queue sendBatch failed: Too Many Requests. Falling back to DIRECT processing.,346e138aae29f6b381c1ebae50734856,cf-worker,a182c642af561a79ea097003474c6a2a,cron,[ERROR] [Producer] Queue send failed after retries: Queue sendBatch failed: Too Many Requests. Falling back to DIRECT processing.,undefined,undefined,undefined,[]
error,[ERROR] [Producer] Queue send failed after retries: Queue sendBatch failed: Too Many Requests. Falling back to DIRECT processing.,cloudflare-workers,2026-03-09T22:15:14.851Z,false,"0,15,30,45 * * * *",1773094510000,job-hunter-bot,ok,cron,a7fd90f8-dd89-49cd-a89f-9d1613cd7b9c,stateless,ESJ7V5599RBIG7Z6,01KKAAPQK49AC24CZ234FQKCYF,ESJ7V5599RBIG7Z6,"0,15,30,45 * * * *",job-hunter-bot,error,[ERROR] [Producer] Queue send failed after retries: Queue sendBatch failed: Too Many Requests. Falling back to DIRECT processing.,[ERROR] [Producer] Queue send failed after retries: Queue sendBatch failed: Too Many Requests. Falling back to DIRECT processing.,346e138aae29f6b381c1ebae50734856,cf-worker,a182c642af561a79ea097003474c6a2a,cron,[ERROR] [Producer] Queue send failed after retries: Queue sendBatch failed: Too Many Requests. Falling back to DIRECT processing.,undefined,undefined,undefined,[]
error,[ERROR] [Fetcher] JOB_QUEUE sendBatch failed after retries: Queue sendBatch failed: Too Many Requests. Falling back to direct evaluation.,cloudflare-workers,2026-03-09T22:00:26.157Z,false,"0,15,30,45 * * * *",1773093610000,job-hunter-bot,ok,cron,a7fd90f8-dd89-49cd-a89f-9d1613cd7b9c,stateless,6NY43VZCD7SUHW20,01KKA9VSD67AE3R014N5N697N3,6NY43VZCD7SUHW20,"0,15,30,45 * * * *",job-hunter-bot,error,[ERROR] [Fetcher] JOB_QUEUE sendBatch failed after retries: Queue sendBatch failed: Too Many Requests. Falling back to direct evaluation.,[ERROR] [Fetcher] JOB_QUEUE sendBatch failed after retries: Queue sendBatch failed: Too Many Requests. Falling back to direct evaluation.,346e138aae29f6b381c1ebae50734856,cf-worker,26b9f1e1e696855e429cf8a8ed1cb0dc,cron,[ERROR] [<*>] <*> <*> failed after retries: Queue sendBatch failed: Too Many Requests. Falling back to <*> <*>.,undefined,undefined,undefined,[]
error,[ERROR] [Producer] Queue send failed after retries: Queue sendBatch failed: Too Many Requests. Falling back to DIRECT processing.,cloudflare-workers,2026-03-09T22:00:15.999Z,false,"0,15,30,45 * * * *",1773093610000,job-hunter-bot,ok,cron,a7fd90f8-dd89-49cd-a89f-9d1613cd7b9c,stateless,6NY43VZCD7SUHW20,01KKA9VSD67AE3R014N5N697MJ,6NY43VZCD7SUHW20,"0,15,30,45 * * * *",job-hunter-bot,error,[ERROR] [Producer] Queue send failed after retries: Queue sendBatch failed: Too Many Requests. Falling back to DIRECT processing.,[ERROR] [Producer] Queue send failed after retries: Queue sendBatch failed: Too Many Requests. Falling back to DIRECT processing.,346e138aae29f6b381c1ebae50734856,cf-worker,a182c642af561a79ea097003474c6a2a,cron,[ERROR] [<*>] <*> <*> failed after retries: Queue sendBatch failed: Too Many Requests. Falling back to <*> <*>.,undefined,undefined,undefined,[]
error,[ERROR] [Fetcher] JOB_QUEUE sendBatch failed after retries: Queue sendBatch failed: Too Many Requests. Falling back to direct evaluation.,cloudflare-workers,2026-03-09T21:45:31.470Z,false,"0,15,30,45 * * * *",1773092710000,job-hunter-bot,ok,cron,a7fd90f8-dd89-49cd-a89f-9d1613cd7b9c,stateless,GCXYOUO4LX7INEB0,01KKA8ZYJEKT559HS2A9QBXCDA,GCXYOUO4LX7INEB0,"0,15,30,45 * * * *",job-hunter-bot,error,[ERROR] [Fetcher] JOB_QUEUE sendBatch failed after retries: Queue sendBatch failed: Too Many Requests. Falling back to direct evaluation.,[ERROR] [Fetcher] JOB_QUEUE sendBatch failed after retries: Queue sendBatch failed: Too Many Requests. Falling back to direct evaluation.,346e138aae29f6b381c1ebae50734856,cf-worker,26b9f1e1e696855e429cf8a8ed1cb0dc,cron,[ERROR] [<*>] <*> <*> failed after retries: Queue sendBatch failed: Too Many Requests. Falling back to <*> <*>.,undefined,undefined,undefined,[]
error,[ERROR] [Producer] Queue send failed after retries: Queue sendBatch failed: Too Many Requests. Falling back to DIRECT processing.,cloudflare-workers,2026-03-09T21:45:14.909Z,false,"0,15,30,45 * * * *",1773092710000,job-hunter-bot,ok,cron,a7fd90f8-dd89-49cd-a89f-9d1613cd7b9c,stateless,GCXYOUO4LX7INEB0,01KKA8ZVVZKF5B4JJF97T8XW1J,GCXYOUO4LX7INEB0,"0,15,30,45 * * * *",job-hunter-bot,error,[ERROR] [Producer] Queue send failed after retries: Queue sendBatch failed: Too Many Requests. Falling back to DIRECT processing.,[ERROR] [Producer] Queue send failed after retries: Queue sendBatch failed: Too Many Requests. Falling back to DIRECT processing.,346e138aae29f6b381c1ebae50734856,cf-worker,a182c642af561a79ea097003474c6a2a,cron,[ERROR] [<*>] <*> <*> failed after retries: Queue sendBatch failed: Too Many Requests. Falling back to <*> <*>.,undefined,undefined,undefined,[]
error,[ERROR] [Producer] Queue send failed after retries: Queue sendBatch failed: Too Many Requests. Falling back to DIRECT processing.,cloudflare-workers,2026-03-09T21:30:14.970Z,false,"0,15,30,45 * * * *",1773091810000,job-hunter-bot,ok,cron,a7fd90f8-dd89-49cd-a89f-9d1613cd7b9c,stateless,W9H9B7891R871RWS,01KKA84TK91JXCDP3WAN9WGMGX,W9H9B7891R871RWS,"0,15,30,45 * * * *",job-hunter-bot,error,[ERROR] [Producer] Queue send failed after retries: Queue sendBatch failed: Too Many Requests. Falling back to DIRECT processing.,[ERROR] [Producer] Queue send failed after retries: Queue sendBatch failed: Too Many Requests. Falling back to DIRECT processing.,346e138aae29f6b381c1ebae50734856,cf-worker,a182c642af561a79ea097003474c6a2a,cron,[ERROR] [Producer] Queue send failed after retries: Queue sendBatch failed: Too Many Requests. Falling back to DIRECT processing.,undefined,undefined,undefined,[]
error,[ERROR] [Fetcher] Direct evaluation fallback failed: trackScoreDistribution is not defined,cloudflare-workers,2026-03-09T21:15:33.451Z,false,"0,15,30,45 * * * *",1773090910000,job-hunter-bot,ok,cron,a7fd90f8-dd89-49cd-a89f-9d1613cd7b9c,stateless,PXVO3KU0GQYCEEW1,01KKA79EJ2X5RM66550BRCE3PD,PXVO3KU0GQYCEEW1,"0,15,30,45 * * * *",job-hunter-bot,error,[ERROR] [Fetcher] Direct evaluation fallback failed: trackScoreDistribution is not defined,[ERROR] [Fetcher] Direct evaluation fallback failed: trackScoreDistribution is not defined,346e138aae29f6b381c1ebae50734856,cf-worker,70a5c582aaa29c5f8a976232d3e75fb5,cron,[ERROR] [Fetcher] Direct evaluation fallback failed: trackScoreDistribution is not defined,undefined,undefined,undefined,[]
error,[ERROR] [Fetcher] JOB_QUEUE sendBatch failed after retries: Queue sendBatch failed: Too Many Requests. Falling back to direct evaluation.,cloudflare-workers,2026-03-09T21:15:30.920Z,false,"0,15,30,45 * * * *",1773090910000,job-hunter-bot,ok,cron,a7fd90f8-dd89-49cd-a89f-9d1613cd7b9c,stateless,PXVO3KU0GQYCEEW1,01KKA79EJ2X5RM66550BRCE3P1,PXVO3KU0GQYCEEW1,"0,15,30,45 * * * *",job-hunter-bot,error,[ERROR] [Fetcher] JOB_QUEUE sendBatch failed after retries: Queue sendBatch failed: Too Many Requests. Falling back to direct evaluation.,[ERROR] [Fetcher] JOB_QUEUE sendBatch failed after retries: Queue sendBatch failed: Too Many Requests. Falling back to direct evaluation.,346e138aae29f6b381c1ebae50734856,cf-worker,26b9f1e1e696855e429cf8a8ed1cb0dc,cron,[ERROR] [<*>] <*> <*> failed after retries: Queue sendBatch failed: Too Many Requests. Falling back to <*> <*>.,undefined,undefined,undefined,[]
error,[ERROR] [D1] Failed to batch fetch sent alerts: D1_ERROR: too many SQL variables at offset 260: SQLITE_ERROR,cloudflare-workers,2026-03-09T21:15:27.918Z,false,"0,15,30,45 * * * *",1773090910000,job-hunter-bot,ok,cron,a7fd90f8-dd89-49cd-a89f-9d1613cd7b9c,stateless,PXVO3KU0GQYCEEW1,01KKA79EJ2X5RM66550BRCE3NP,PXVO3KU0GQYCEEW1,"0,15,30,45 * * * *",job-hunter-bot,error,[ERROR] [D1] Failed to batch fetch sent alerts: D1_ERROR: too many SQL variables at offset 260: SQLITE_ERROR,[ERROR] [D1] Failed to batch fetch sent alerts: D1_ERROR: too many SQL variables at offset 260: SQLITE_ERROR,346e138aae29f6b381c1ebae50734856,cf-worker,59f6a9c40ca3e846d5c52b8129b2a052,cron,[ERROR] [D1] Failed to batch fetch sent alerts: D1_ERROR: too many SQL variables at offset 260: SQLITE_ERROR,undefined,undefined,undefined,[]
error,[ERROR] [Fetcher] JOB_QUEUE sendBatch failed after retries: Queue sendBatch failed: Too Many Requests. Falling back to direct evaluation.,cloudflare-workers,2026-03-09T21:15:25.723Z,false,"0,15,30,45 * * * *",1773090910000,job-hunter-bot,ok,cron,a7fd90f8-dd89-49cd-a89f-9d1613cd7b9c,stateless,PXVO3KU0GQYCEEW1,01KKA79EJ2X5RM66550BRCE3NH,PXVO3KU0GQYCEEW1,"0,15,30,45 * * * *",job-hunter-bot,error,[ERROR] [Fetcher] JOB_QUEUE sendBatch failed after retries: Queue sendBatch failed: Too Many Requests. Falling back to direct evaluation.,[ERROR] [Fetcher] JOB_QUEUE sendBatch failed after retries: Queue sendBatch failed: Too Many Requests. Falling back to direct evaluation.,346e138aae29f6b381c1ebae50734856,cf-worker,26b9f1e1e696855e429cf8a8ed1cb0dc,cron,[ERROR] [<*>] <*> <*> failed after retries: Queue sendBatch failed: Too Many Requests. Falling back to <*> <*>.,undefined,undefined,undefined,[]
error,[ERROR] [Producer] Queue send failed after retries: Queue sendBatch failed: Too Many Requests. Falling back to DIRECT processing.,cloudflare-workers,2026-03-09T21:15:15.260Z,false,"0,15,30,45 * * * *",1773090910000,job-hunter-bot,ok,cron,a7fd90f8-dd89-49cd-a89f-9d1613cd7b9c,stateless,PXVO3KU0GQYCEEW1,01KKA79EJ2X5RM66550BRCE3MZ,PXVO3KU0GQYCEEW1,"0,15,30,45 * * * *",job-hunter-bot,error,[ERROR] [Producer] Queue send failed after retries: Queue sendBatch failed: Too Many Requests. Falling back to DIRECT processing.,[ERROR] [Producer] Queue send failed after retries: Queue sendBatch failed: Too Many Requests. Falling back to DIRECT processing.,346e138aae29f6b381c1ebae50734856,cf-worker,a182c642af561a79ea097003474c6a2a,cron,[ERROR] [<*>] <*> <*> failed after retries: Queue sendBatch failed: Too Many Requests. Falling back to <*> <*>.,undefined,undefined,undefined,[]
error,[ERROR] [Producer] Queue send failed after retries: Queue sendBatch failed: Too Many Requests. Falling back to DIRECT processing.,cloudflare-workers,2026-03-09T21:00:15.001Z,false,"0,15,30,45 * * * *",1773090010000,job-hunter-bot,exceededCpu,cron,a7fd90f8-dd89-49cd-a89f-9d1613cd7b9c,stateless,ESRRR20OATJGGCZ8,01KKA6D4QV5P4WGGHK63X9WHQB,ESRRR20OATJGGCZ8,"0,15,30,45 * * * *",job-hunter-bot,error,[ERROR] [Producer] Queue send failed after retries: Queue sendBatch failed: Too Many Requests. Falling back to DIRECT processing.,[ERROR] [Producer] Queue send failed after retries: Queue sendBatch failed: Too Many Requests. Falling back to DIRECT processing.,346e138aae29f6b381c1ebae50734856,cf-worker,a182c642af561a79ea097003474c6a2a,cron,[ERROR] [Producer] Queue send failed after retries: Queue sendBatch failed: Too Many Requests. Falling back to DIRECT processing.,undefined,undefined,undefined,[]
error,"0,15,30,45 * * * * ",cloudflare-workers,2026-03-09T21:00:10.593Z,false,"0,15,30,45 * * * *",1773090010000,job-hunter-bot,exceededCpu,cron,a7fd90f8-dd89-49cd-a89f-9d1613cd7b9c,stateless,ESRRR20OATJGGCZ8,01KKA6D4QV5P4WGGHK63X9WHQ4,ESRRR20OATJGGCZ8,"0,15,30,45 * * * *",job-hunter-bot,error,"0,15,30,45 * * * * ","0,15,30,45 * * * * ",346e138aae29f6b381c1ebae50734856,cf-worker-event,5b91c98a766e7ec460fe2aab6366fe44,cron,"0,15,30,45 * * * *",undefined,undefined,undefined,[]
error,[ERROR] [Producer] Queue send failed after retries: Queue sendBatch failed: Too Many Requests. Falling back to DIRECT processing.,cloudflare-workers,2026-03-09T20:45:15.048Z,false,"0,15,30,45 * * * *",1773089110000,job-hunter-bot,exceededCpu,cron,a7fd90f8-dd89-49cd-a89f-9d1613cd7b9c,stateless,39WVDIP1MHPNCRPX,01KKA5HJX8JKWZCGK4JK5AXWXJ,39WVDIP1MHPNCRPX,"0,15,30,45 * * * *",job-hunter-bot,error,[ERROR] [Producer] Queue send failed after retries: Queue sendBatch failed: Too Many Requests. Falling back to DIRECT processing.,[ERROR] [Producer] Queue send failed after retries: Queue sendBatch failed: Too Many Requests. Falling back to DIRECT processing.,346e138aae29f6b381c1ebae50734856,cf-worker,a182c642af561a79ea097003474c6a2a,cron,[ERROR] [Producer] Queue send failed after retries: Queue sendBatch failed: Too Many Requests. Falling back to DIRECT processing.,undefined,undefined,undefined,[]
error,"0,15,30,45 * * * * ",cloudflare-workers,2026-03-09T20:45:10.467Z,false,"0,15,30,45 * * * *",1773089110000,job-hunter-bot,exceededCpu,cron,a7fd90f8-dd89-49cd-a89f-9d1613cd7b9c,stateless,39WVDIP1MHPNCRPX,01KKA5HEE30M86W4RRRYSZY93C,39WVDIP1MHPNCRPX,"0,15,30,45 * * * *",job-hunter-bot,error,"0,15,30,45 * * * * ","0,15,30,45 * * * * ",346e138aae29f6b381c1ebae50734856,cf-worker-event,5b91c98a766e7ec460fe2aab6366fe44,cron,"0,15,30,45 * * * *",undefined,undefined,undefined,[]
error,[ERROR] [Producer] Queue send failed after retries: Queue sendBatch failed: Too Many Requests. Falling back to DIRECT processing.,cloudflare-workers,2026-03-09T20:30:14.857Z,false,"0,15,30,45 * * * *",1773088210000,job-hunter-bot,exceededCpu,cron,a7fd90f8-dd89-49cd-a89f-9d1613cd7b9c,stateless,ELP05B1OC076N1GN,01KKA4P3T9EYN9J2YTE1T4DDNK,ELP05B1OC076N1GN,"0,15,30,45 * * * *",job-hunter-bot,error,[ERROR] [Producer] Queue send failed after retries: Queue sendBatch failed: Too Many Requests. Falling back to DIRECT processing.,[ERROR] [Producer] Queue send failed after retries: Queue sendBatch failed: Too Many Requests. Falling back to DIRECT processing.,346e138aae29f6b381c1ebae50734856,cf-worker,a182c642af561a79ea097003474c6a2a,cron,[ERROR] [Producer] Queue send failed after retries: Queue sendBatch failed: Too Many Requests. Falling back to DIRECT processing.,undefined,undefined,undefined,[]
error,"0,15,30,45 * * * * ",cloudflare-workers,2026-03-09T20:30:10.491Z,false,"0,15,30,45 * * * *",1773088210000,job-hunter-bot,exceededCpu,cron,a7fd90f8-dd89-49cd-a89f-9d1613cd7b9c,stateless,ELP05B1OC076N1GN,01KKA4NZHV7AFES44EDX4P90B9,ELP05B1OC076N1GN,"0,15,30,45 * * * *",job-hunter-bot,error,"0,15,30,45 * * * * ","0,15,30,45 * * * * ",346e138aae29f6b381c1ebae50734856,cf-worker-event,5b91c98a766e7ec460fe2aab6366fe44,cron,"0,15,30,45 * * * *",undefined,undefined,undefined,[]
error,[ERROR] [Producer] Queue send failed after retries: Queue sendBatch failed: Too Many Requests. Falling back to DIRECT processing.,cloudflare-workers,2026-03-09T20:15:15.150Z,false,"0,15,30,45 * * * *",1773087310000,job-hunter-bot,exceededCpu,cron,a7fd90f8-dd89-49cd-a89f-9d1613cd7b9c,stateless,R8C6M8YR11H5ATYP,01KKA3TN6E1NNP7Z1FAD5A5T7Q,R8C6M8YR11H5ATYP,"0,15,30,45 * * * *",job-hunter-bot,error,[ERROR] [Producer] Queue send failed after retries: Queue sendBatch failed: Too Many Requests. Falling back to DIRECT processing.,[ERROR] [Producer] Queue send failed after retries: Queue sendBatch failed: Too Many Requests. Falling back to DIRECT processing.,346e138aae29f6b381c1ebae50734856,cf-worker,a182c642af561a79ea097003474c6a2a,cron,[ERROR] [Producer] Queue send failed after retries: Queue sendBatch failed: Too Many Requests. Falling back to DIRECT processing.,undefined,undefined,undefined,[]
error,"0,15,30,45 * * * * ",cloudflare-workers,2026-03-09T20:15:10.467Z,false,"0,15,30,45 * * * *",1773087310000,job-hunter-bot,exceededCpu,cron,a7fd90f8-dd89-49cd-a89f-9d1613cd7b9c,stateless,R8C6M8YR11H5ATYP,01KKA3TGM3G7VDD1HWRENPV3JP,R8C6M8YR11H5ATYP,"0,15,30,45 * * * *",job-hunter-bot,error,"0,15,30,45 * * * * ","0,15,30,45 * * * * ",346e138aae29f6b381c1ebae50734856,cf-worker-event,5b91c98a766e7ec460fe2aab6366fe44,cron,"0,15,30,45 * * * *",undefined,undefined,undefined,[]
error,[ERROR] [Producer] Queue send failed after retries: Queue sendBatch failed: Too Many Requests. Falling back to DIRECT processing.,cloudflare-workers,2026-03-09T20:00:14.966Z,false,"0,15,30,45 * * * *",1773086410000,job-hunter-bot,exceededCpu,cron,a7fd90f8-dd89-49cd-a89f-9d1613cd7b9c,stateless,WB8G7VF2AKCETP4B,01KKA2Z63PT1V8PK59G440H8VP,WB8G7VF2AKCETP4B,"0,15,30,45 * * * *",job-hunter-bot,error,[ERROR] [Producer] Queue send failed after retries: Queue sendBatch failed: Too Many Requests. Falling back to DIRECT processing.,[ERROR] [Producer] Queue send failed after retries: Queue sendBatch failed: Too Many Requests. Falling back to DIRECT processing.,346e138aae29f6b381c1ebae50734856,cf-worker,a182c642af561a79ea097003474c6a2a,cron,[ERROR] [Producer] Queue send failed after retries: Queue sendBatch failed: Too Many Requests. Falling back to DIRECT processing.,undefined,undefined,undefined,[]
error,"0,15,30,45 * * * * ",cloudflare-workers,2026-03-09T20:00:10.589Z,false,"0,15,30,45 * * * *",1773086410000,job-hunter-bot,exceededCpu,cron,a7fd90f8-dd89-49cd-a89f-9d1613cd7b9c,stateless,WB8G7VF2AKCETP4B,01KKA2Z5KTW58EHETZ6ZD4GD57,WB8G7VF2AKCETP4B,"0,15,30,45 * * * *",job-hunter-bot,error,"0,15,30,45 * * * * ","0,15,30,45 * * * * ",346e138aae29f6b381c1ebae50734856,cf-worker-event,5b91c98a766e7ec460fe2aab6366fe44,cron,"0,15,30,45 * * * *",undefined,undefined,undefined,[]
error,[ERROR] [Producer] Queue send failed after retries: Queue sendBatch failed: Too Many Requests. Falling back to DIRECT processing.,cloudflare-workers,2026-03-09T19:45:15.364Z,false,"0,15,30,45 * * * *",1773085510000,job-hunter-bot,exceededCpu,cron,a7fd90f8-dd89-49cd-a89f-9d1613cd7b9c,stateless,M6DLSU4H27PZ14V2,01KKA23QK42HEM04VW13F1294Y,M6DLSU4H27PZ14V2,"0,15,30,45 * * * *",job-hunter-bot,error,[ERROR] [Producer] Queue send failed after retries: Queue sendBatch failed: Too Many Requests. Falling back to DIRECT processing.,[ERROR] [Producer] Queue send failed after retries: Queue sendBatch failed: Too Many Requests. Falling back to DIRECT processing.,346e138aae29f6b381c1ebae50734856,cf-worker,a182c642af561a79ea097003474c6a2a,cron,[ERROR] [Producer] Queue send failed after retries: Queue sendBatch failed: Too Many Requests. Falling back to DIRECT processing.,undefined,undefined,undefined,[]
error,"0,15,30,45 * * * * ",cloudflare-workers,2026-03-09T19:45:10.468Z,false,"0,15,30,45 * * * *",1773085510000,job-hunter-bot,exceededCpu,cron,a7fd90f8-dd89-49cd-a89f-9d1613cd7b9c,stateless,M6DLSU4H27PZ14V2,01KKA23JT4PH6VJ1VFWMW5VSVZ,M6DLSU4H27PZ14V2,"0,15,30,45 * * * *",job-hunter-bot,error,"0,15,30,45 * * * * ","0,15,30,45 * * * * ",346e138aae29f6b381c1ebae50734856,cf-worker-event,5b91c98a766e7ec460fe2aab6366fe44,cron,"0,15,30,45 * * * *",undefined,undefined,undefined,[]
error,[ERROR] [Producer] Queue send failed after retries: Queue sendBatch failed: Too Many Requests. Falling back to DIRECT processing.,cloudflare-workers,2026-03-09T19:30:15.140Z,false,"0,15,30,45 * * * *",1773084610000,job-hunter-bot,exceededCpu,cron,a7fd90f8-dd89-49cd-a89f-9d1613cd7b9c,stateless,DGSXPKCFZ4XGD0F9,01KKA188F4B88EE8W1PBESBT91,DGSXPKCFZ4XGD0F9,"0,15,30,45 * * * *",job-hunter-bot,error,[ERROR] [Producer] Queue send failed after retries: Queue sendBatch failed: Too Many Requests. Falling back to DIRECT processing.,[ERROR] [Producer] Queue send failed after retries: Queue sendBatch failed: Too Many Requests. Falling back to DIRECT processing.,346e138aae29f6b381c1ebae50734856,cf-worker,a182c642af561a79ea097003474c6a2a,cron,[ERROR] [Producer] Queue send failed after retries: Queue sendBatch failed: Too Many Requests. Falling back to DIRECT processing.,undefined,undefined,undefined,[]
error,"0,15,30,45 * * * * ",cloudflare-workers,2026-03-09T19:30:10.495Z,false,"0,15,30,45 * * * *",1773084610000,job-hunter-bot,exceededCpu,cron,a7fd90f8-dd89-49cd-a89f-9d1613cd7b9c,stateless,DGSXPKCFZ4XGD0F9,01KKA183XZYMCWVXQTPD9RD8VB,DGSXPKCFZ4XGD0F9,"0,15,30,45 * * * *",job-hunter-bot,error,"0,15,30,45 * * * * ","0,15,30,45 * * * * ",346e138aae29f6b381c1ebae50734856,cf-worker-event,5b91c98a766e7ec460fe2aab6366fe44,cron,"0,15,30,45 * * * *",undefined,undefined,undefined,[]
error,[ERROR] [Producer] Queue send failed after retries: Queue sendBatch failed: Too Many Requests. Falling back to DIRECT processing.,cloudflare-workers,2026-03-09T19:15:15.028Z,false,"0,15,30,45 * * * *",1773083710000,job-hunter-bot,exceededCpu,cron,a7fd90f8-dd89-49cd-a89f-9d1613cd7b9c,stateless,W4RTEQQW96ES2J60,01KKA0CSEMZ6N9NHS4Q83HFWX2,W4RTEQQW96ES2J60,"0,15,30,45 * * * *",job-hunter-bot,error,[ERROR] [Producer] Queue send failed after retries: Queue sendBatch failed: Too Many Requests. Falling back to DIRECT processing.,[ERROR] [Producer] Queue send failed after retries: Queue sendBatch failed: Too Many Requests. Falling back to DIRECT processing.,346e138aae29f6b381c1ebae50734856,cf-worker,a182c642af561a79ea097003474c6a2a,cron,[ERROR] [Producer] Queue send failed after retries: Queue sendBatch failed: Too Many Requests. Falling back to DIRECT processing.,undefined,undefined,undefined,[]
error,"0,15,30,45 * * * * ",cloudflare-workers,2026-03-09T19:15:10.470Z,false,"0,15,30,45 * * * *",1773083710000,job-hunter-bot,exceededCpu,cron,a7fd90f8-dd89-49cd-a89f-9d1613cd7b9c,stateless,W4RTEQQW96ES2J60,01KKA0CN063WEG1CN3J49KEBYF,W4RTEQQW96ES2J60,"0,15,30,45 * * * *",job-hunter-bot,error,"0,15,30,45 * * * * ","0,15,30,45 * * * * ",346e138aae29f6b381c1ebae50734856,cf-worker-event,5b91c98a766e7ec460fe2aab6366fe44,cron,"0,15,30,45 * * * *",undefined,undefined,undefined,[]
error,[ERROR] [Producer] Queue send failed after retries: Queue sendBatch failed: Too Many Requests. Falling back to DIRECT processing.,cloudflare-workers,2026-03-09T19:00:15.161Z,false,"0,15,30,45 * * * *",1773082810000,job-hunter-bot,exceededCpu,cron,a7fd90f8-dd89-49cd-a89f-9d1613cd7b9c,stateless,B4EV8VKFJOVYFJAH,01KK9ZHANSYJ674XMGP9TC46YK,B4EV8VKFJOVYFJAH,"0,15,30,45 * * * *",job-hunter-bot,error,[ERROR] [Producer] Queue send failed after retries: Queue sendBatch failed: Too Many Requests. Falling back to DIRECT processing.,[ERROR] [Producer] Queue send failed after retries: Queue sendBatch failed: Too Many Requests. Falling back to DIRECT processing.,346e138aae29f6b381c1ebae50734856,cf-worker,a182c642af561a79ea097003474c6a2a,cron,[ERROR] [Producer] Queue send failed after retries: Queue sendBatch failed: Too Many Requests. Falling back to DIRECT processing.,undefined,undefined,undefined,[]
error,"0,15,30,45 * * * * ",cloudflare-workers,2026-03-09T19:00:10.696Z,false,"0,15,30,45 * * * *",1773082810000,job-hunter-bot,exceededCpu,cron,a7fd90f8-dd89-49cd-a89f-9d1613cd7b9c,stateless,B4EV8VKFJOVYFJAH,01KK9ZH6A8GD78M6YQ3P3W6S8S,B4EV8VKFJOVYFJAH,"0,15,30,45 * * * *",job-hunter-bot,error,"0,15,30,45 * * * * ","0,15,30,45 * * * * ",346e138aae29f6b381c1ebae50734856,cf-worker-event,5b91c98a766e7ec460fe2aab6366fe44,cron,"0,15,30,45 * * * *",undefined,undefined,undefined,[]
error,[ERROR] [Producer] Queue send failed after retries: Queue sendBatch failed: Too Many Requests. Falling back to DIRECT processing.,cloudflare-workers,2026-03-09T18:45:14.655Z,false,"0,15,30,45 * * * *",1773081910000,job-hunter-bot,exceededCpu,cron,a7fd90f8-dd89-49cd-a89f-9d1613cd7b9c,stateless,TY1LAQ14LCZ5MJE6,01KK9YNV8ZVBFEGVXNVVMNQGXX,TY1LAQ14LCZ5MJE6,"0,15,30,45 * * * *",job-hunter-bot,error,[ERROR] [Producer] Queue send failed after retries: Queue sendBatch failed: Too Many Requests. Falling back to DIRECT processing.,[ERROR] [Producer] Queue send failed after retries: Queue sendBatch failed: Too Many Requests. Falling back to DIRECT processing.,346e138aae29f6b381c1ebae50734856,cf-worker,a182c642af561a79ea097003474c6a2a,cron,[ERROR] [Producer] Queue send failed after retries: Queue sendBatch failed: Too Many Requests. Falling back to DIRECT processing.,undefined,undefined,undefined,[]
error,"0,15,30,45 * * * * ",cloudflare-workers,2026-03-09T18:45:10.469Z,false,"0,15,30,45 * * * *",1773081910000,job-hunter-bot,exceededCpu,cron,a7fd90f8-dd89-49cd-a89f-9d1613cd7b9c,stateless,TY1LAQ14LCZ5MJE6,01KK9YNQ65Y5FNJKFQ0TJBV03G,TY1LAQ14LCZ5MJE6,"0,15,30,45 * * * *",job-hunter-bot,error,"0,15,30,45 * * * * ","0,15,30,45 * * * * ",346e138aae29f6b381c1ebae50734856,cf-worker-event,5b91c98a766e7ec460fe2aab6366fe44,cron,"0,15,30,45 * * * *",undefined,undefined,undefined,[]
error,[ERROR] [Fetcher] JOB_QUEUE sendBatch failed after retries: Queue sendBatch failed: Too Many Requests. Falling back to direct evaluation.,cloudflare-workers,2026-03-09T18:30:24.983Z,false,"0,15,30,45 * * * *",1773081010000,job-hunter-bot,exceededCpu,cron,a7fd90f8-dd89-49cd-a89f-9d1613cd7b9c,stateless,8CZR3GWMT4WS74Y6,01KK9XTPEQGAXPWQXVMVE6XAC2,8CZR3GWMT4WS74Y6,"0,15,30,45 * * * *",job-hunter-bot,error,[ERROR] [Fetcher] JOB_QUEUE sendBatch failed after retries: Queue sendBatch failed: Too Many Requests. Falling back to direct evaluation.,[ERROR] [Fetcher] JOB_QUEUE sendBatch failed after retries: Queue sendBatch failed: Too Many Requests. Falling back to direct evaluation.,346e138aae29f6b381c1ebae50734856,cf-worker,26b9f1e1e696855e429cf8a8ed1cb0dc,cron,[ERROR] [<*>] <*> <*> failed after retries: Queue sendBatch failed: Too Many Requests. Falling back to <*> <*>.,undefined,undefined,undefined,[]
error,[ERROR] [Producer] Queue send failed after retries: Queue sendBatch failed: Too Many Requests. Falling back to DIRECT processing.,cloudflare-workers,2026-03-09T18:30:15.025Z,false,"0,15,30,45 * * * *",1773081010000,job-hunter-bot,exceededCpu,cron,a7fd90f8-dd89-49cd-a89f-9d1613cd7b9c,stateless,8CZR3GWMT4WS74Y6,01KK9XTCQH2G8W7HMXC34EVZFJ,8CZR3GWMT4WS74Y6,"0,15,30,45 * * * *",job-hunter-bot,error,[ERROR] [Producer] Queue send failed after retries: Queue sendBatch failed: Too Many Requests. Falling back to DIRECT processing.,[ERROR] [Producer] Queue send failed after retries: Queue sendBatch failed: Too Many Requests. Falling back to DIRECT processing.,346e138aae29f6b381c1ebae50734856,cf-worker,a182c642af561a79ea097003474c6a2a,cron,[ERROR] [<*>] <*> <*> failed after retries: Queue sendBatch failed: Too Many Requests. Falling back to <*> <*>.,undefined,undefined,undefined,[]
error,"0,15,30,45 * * * * ",cloudflare-workers,2026-03-09T18:30:10.561Z,false,"0,15,30,45 * * * *",1773081010000,job-hunter-bot,exceededCpu,cron,a7fd90f8-dd89-49cd-a89f-9d1613cd7b9c,stateless,8CZR3GWMT4WS74Y6,01KK9XT8C1Y2EPZK549QASQ6HX,8CZR3GWMT4WS74Y6,"0,15,30,45 * * * *",job-hunter-bot,error,"0,15,30,45 * * * * ","0,15,30,45 * * * * ",346e138aae29f6b381c1ebae50734856,cf-worker-event,5b91c98a766e7ec460fe2aab6366fe44,cron,"0,15,30,45 * * * *",undefined,undefined,undefined,[]
error,[ERROR] [Fetcher] JOB_QUEUE sendBatch failed after retries: Queue sendBatch failed: Too Many Requests. Falling back to direct evaluation.,cloudflare-workers,2026-03-09T18:15:25.283Z,false,"0,15,30,45 * * * *",1773080110000,job-hunter-bot,ok,cron,a7fd90f8-dd89-49cd-a89f-9d1613cd7b9c,stateless,6KNDSWP3BZ6JE7DW,01KK9WZFGG07YT41K2REX11MCY,6KNDSWP3BZ6JE7DW,"0,15,30,45 * * * *",job-hunter-bot,error,[ERROR] [Fetcher] JOB_QUEUE sendBatch failed after retries: Queue sendBatch failed: Too Many Requests. Falling back to direct evaluation.,[ERROR] [Fetcher] JOB_QUEUE sendBatch failed after retries: Queue sendBatch failed: Too Many Requests. Falling back to direct evaluation.,346e138aae29f6b381c1ebae50734856,cf-worker,26b9f1e1e696855e429cf8a8ed1cb0dc,cron,[ERROR] [<*>] <*> <*> failed after retries: Queue sendBatch failed: Too Many Requests. Falling back to <*> <*>.,undefined,undefined,undefined,[]
error,[ERROR] [Producer] Queue send failed after retries: Queue sendBatch failed: Too Many Requests. Falling back to DIRECT processing.,cloudflare-workers,2026-03-09T18:15:15.037Z,false,"0,15,30,45 * * * *",1773080110000,job-hunter-bot,ok,cron,a7fd90f8-dd89-49cd-a89f-9d1613cd7b9c,stateless,6KNDSWP3BZ6JE7DW,01KK9WZFGG07YT41K2REX11MCC,6KNDSWP3BZ6JE7DW,"0,15,30,45 * * * *",job-hunter-bot,error,[ERROR] [Producer] Queue send failed after retries: Queue sendBatch failed: Too Many Requests. Falling back to DIRECT processing.,[ERROR] [Producer] Queue send failed after retries: Queue sendBatch failed: Too Many Requests. Falling back to DIRECT processing.,346e138aae29f6b381c1ebae50734856,cf-worker,a182c642af561a79ea097003474c6a2a,cron,[ERROR] [<*>] <*> <*> failed after retries: Queue sendBatch failed: Too Many Requests. Falling back to <*> <*>.,undefined,undefined,undefined,[]
error,[ERROR] [Producer] Queue send failed after retries: Queue sendBatch failed: Too Many Requests. Falling back to DIRECT processing.,cloudflare-workers,2026-03-09T18:00:15.367Z,false,"0,15,30,45 * * * *",1773079210000,job-hunter-bot,ok,cron,a7fd90f8-dd89-49cd-a89f-9d1613cd7b9c,stateless,A9X8HEMQAA06XUIA,01KK9W4A1RGSMX5RA889VRRANH,A9X8HEMQAA06XUIA,"0,15,30,45 * * * *",job-hunter-bot,error,[ERROR] [Producer] Queue send failed after retries: Queue sendBatch failed: Too Many Requests. Falling back to DIRECT processing.,[ERROR] [Producer] Queue send failed after retries: Queue sendBatch failed: Too Many Requests. Falling back to DIRECT processing.,346e138aae29f6b381c1ebae50734856,cf-worker,a182c642af561a79ea097003474c6a2a,cron,[ERROR] [Producer] Queue send failed after retries: Queue sendBatch failed: Too Many Requests. Falling back to DIRECT processing.,undefined,undefined,undefined,[]
error,[ERROR] [Fetcher] JOB_QUEUE sendBatch failed after retries: Queue sendBatch failed: Too Many Requests. Falling back to direct evaluation.,cloudflare-workers,2026-03-09T17:45:24.941Z,false,"0,15,30,45 * * * *",1773078310000,job-hunter-bot,ok,cron,a7fd90f8-dd89-49cd-a89f-9d1613cd7b9c,stateless,S4Z07Q397014VCIM,01KK9VC36TEPNSXHVSTFJPYCAB,S4Z07Q397014VCIM,"0,15,30,45 * * * *",job-hunter-bot,error,[ERROR] [Fetcher] JOB_QUEUE sendBatch failed after retries: Queue sendBatch failed: Too Many Requests. Falling back to direct evaluation.,[ERROR] [Fetcher] JOB_QUEUE sendBatch failed after retries: Queue sendBatch failed: Too Many Requests. Falling back to direct evaluation.,346e138aae29f6b381c1ebae50734856,cf-worker,26b9f1e1e696855e429cf8a8ed1cb0dc,cron,[ERROR] [<*>] <*> <*> failed after retries: Queue sendBatch failed: Too Many Requests. Falling back to <*> <*>.,undefined,undefined,undefined,[]
error,[ERROR] [Producer] Queue send failed after retries: Queue sendBatch failed: Too Many Requests. Falling back to DIRECT processing.,cloudflare-workers,2026-03-09T17:45:14.911Z,false,"0,15,30,45 * * * *",1773078310000,job-hunter-bot,ok,cron,a7fd90f8-dd89-49cd-a89f-9d1613cd7b9c,stateless,S4Z07Q397014VCIM,01KK9VC36TEPNSXHVSTFJPYC9V,S4Z07Q397014VCIM,"0,15,30,45 * * * *",job-hunter-bot,error,[ERROR] [Producer] Queue send failed after retries: Queue sendBatch failed: Too Many Requests. Falling back to DIRECT processing.,[ERROR] [Producer] Queue send failed after retries: Queue sendBatch failed: Too Many Requests. Falling back to DIRECT processing.,346e138aae29f6b381c1ebae50734856,cf-worker,a182c642af561a79ea097003474c6a2a,cron,[ERROR] [<*>] <*> <*> failed after retries: Queue sendBatch failed: Too Many Requests. Falling back to <*> <*>.,undefined,undefined,undefined,[]
error,[ERROR] [Producer] Queue send failed after retries: Queue sendBatch failed: Too Many Requests. Falling back to DIRECT processing.,cloudflare-workers,2026-03-09T17:30:15.340Z,false,"0,15,30,45 * * * *",1773077410000,job-hunter-bot,ok,cron,a7fd90f8-dd89-49cd-a89f-9d1613cd7b9c,stateless,KTQ92JAZP7BU8DZB,01KK9TD76GCF65AHHQ76TCJRYG,KTQ92JAZP7BU8DZB,"0,15,30,45 * * * *",job-hunter-bot,error,[ERROR] [Producer] Queue send failed after retries: Queue sendBatch failed: Too Many Requests. Falling back to DIRECT processing.,[ERROR] [Producer] Queue send failed after retries: Queue sendBatch failed: Too Many Requests. Falling back to DIRECT processing.,346e138aae29f6b381c1ebae50734856,cf-worker,a182c642af561a79ea097003474c6a2a,cron,[ERROR] [Producer] Queue send failed after retries: Queue sendBatch failed: Too Many Requests. Falling back to DIRECT processing.,undefined,undefined,undefined,[]
error,[ERROR] [Producer] Direct batch 4 failed: Cannot read properties of undefined (reading 'waitUntil'),cloudflare-workers,2026-03-09T17:15:45.170Z,false,"0,15,30,45 * * * *",1773076510000,job-hunter-bot,ok,cron,75836910-f25e-4cea-9556-32ceb2c977b0,stateless,6JM0OR5XQXENS9CL,01KK9SHZMJKCKHH0N6WQJKSZ1P,6JM0OR5XQXENS9CL,"0,15,30,45 * * * *",job-hunter-bot,error,[ERROR] [Producer] Direct batch 4 failed: Cannot read properties of undefined (reading 'waitUntil'),[ERROR] [Producer] Direct batch 4 failed: Cannot read properties of undefined (reading 'waitUntil'),346e138aae29f6b381c1ebae50734856,cf-worker,35183a329b0b92a675ee78a5dbc01978,cron,[ERROR] [Producer] Direct batch <*> failed: Cannot read properties of undefined (reading 'waitUntil'),undefined,undefined,undefined,[]
error,[ERROR] [Producer] Direct batch 3 failed: Cannot read properties of undefined (reading 'waitUntil'),cloudflare-workers,2026-03-09T17:15:39.688Z,false,"0,15,30,45 * * * *",1773076510000,job-hunter-bot,ok,cron,75836910-f25e-4cea-9556-32ceb2c977b0,stateless,6JM0OR5XQXENS9CL,01KK9SHT98XS4V4N3GJ1ETHTP4,6JM0OR5XQXENS9CL,"0,15,30,45 * * * *",job-hunter-bot,error,[ERROR] [Producer] Direct batch 3 failed: Cannot read properties of undefined (reading 'waitUntil'),[ERROR] [Producer] Direct batch 3 failed: Cannot read properties of undefined (reading 'waitUntil'),346e138aae29f6b381c1ebae50734856,cf-worker,696d04d1091a020a294214243d964fd0,cron,[ERROR] [Producer] Direct batch <*> failed: Cannot read properties of undefined (reading 'waitUntil'),undefined,undefined,undefined,[]
error,[ERROR] [Producer] Direct batch 2 failed: Cannot read properties of undefined (reading 'waitUntil'),cloudflare-workers,2026-03-09T17:15:33.090Z,false,"0,15,30,45 * * * *",1773076510000,job-hunter-bot,ok,cron,75836910-f25e-4cea-9556-32ceb2c977b0,stateless,6JM0OR5XQXENS9CL,01KK9SHKV22NAZ2HSZNJ5DFARR,6JM0OR5XQXENS9CL,"0,15,30,45 * * * *",job-hunter-bot,error,[ERROR] [Producer] Direct batch 2 failed: Cannot read properties of undefined (reading 'waitUntil'),[ERROR] [Producer] Direct batch 2 failed: Cannot read properties of undefined (reading 'waitUntil'),346e138aae29f6b381c1ebae50734856,cf-worker,d1c855888a98efc9e822e4ed1c0ec662,cron,[ERROR] [Producer] Direct batch <*> failed: Cannot read properties of undefined (reading 'waitUntil'),undefined,undefined,undefined,[]
error,[ERROR] [Producer] Direct batch 1 failed: Cannot read properties of undefined (reading 'waitUntil'),cloudflare-workers,2026-03-09T17:15:27.003Z,false,"0,15,30,45 * * * *",1773076510000,job-hunter-bot,ok,cron,75836910-f25e-4cea-9556-32ceb2c977b0,stateless,6JM0OR5XQXENS9CL,01KK9SHHAPFZ2BXZVVA77J7GVE,6JM0OR5XQXENS9CL,"0,15,30,45 * * * *",job-hunter-bot,error,[ERROR] [Producer] Direct batch 1 failed: Cannot read properties of undefined (reading 'waitUntil'),[ERROR] [Producer] Direct batch 1 failed: Cannot read properties of undefined (reading 'waitUntil'),346e138aae29f6b381c1ebae50734856,cf-worker,1192fd0853d97fc05b5205db77f9469d,cron,[ERROR] [Producer] Direct batch <*> failed: Cannot read properties of undefined (reading 'waitUntil'),undefined,undefined,undefined,[]
error,[ERROR] [Producer] Direct batch 0 failed: Cannot read properties of undefined (reading 'waitUntil'),cloudflare-workers,2026-03-09T17:15:21.830Z,false,"0,15,30,45 * * * *",1773076510000,job-hunter-bot,ok,cron,75836910-f25e-4cea-9556-32ceb2c977b0,stateless,6JM0OR5XQXENS9CL,01KK9SHHAPFZ2BXZVVA77J7GV6,6JM0OR5XQXENS9CL,"0,15,30,45 * * * *",job-hunter-bot,error,[ERROR] [Producer] Direct batch 0 failed: Cannot read properties of undefined (reading 'waitUntil'),[ERROR] [Producer] Direct batch 0 failed: Cannot read properties of undefined (reading 'waitUntil'),346e138aae29f6b381c1ebae50734856,cf-worker,0bc7a8347c63acf0250b22f32cd28e1c,cron,[ERROR] [Producer] Direct batch <*> failed: Cannot read properties of undefined (reading 'waitUntil'),undefined,undefined,undefined,[]
error,[ERROR] [Producer] Queue send failed after retries: Queue sendBatch failed: Too Many Requests. Falling back to DIRECT processing.,cloudflare-workers,2026-03-09T17:15:14.962Z,false,"0,15,30,45 * * * *",1773076510000,job-hunter-bot,ok,cron,75836910-f25e-4cea-9556-32ceb2c977b0,stateless,6JM0OR5XQXENS9CL,01KK9SHHAPFZ2BXZVVA77J7GTX,6JM0OR5XQXENS9CL,"0,15,30,45 * * * *",job-hunter-bot,error,[ERROR] [Producer] Queue send failed after retries: Queue sendBatch failed: Too Many Requests. Falling back to DIRECT processing.,[ERROR] [Producer] Queue send failed after retries: Queue sendBatch failed: Too Many Requests. Falling back to DIRECT processing.,346e138aae29f6b381c1ebae50734856,cf-worker,a182c642af561a79ea097003474c6a2a,cron,[ERROR] [Producer] Queue send failed after retries: Queue sendBatch failed: Too Many Requests. Falling back to DIRECT processing.,undefined,undefined,undefined,[]
error,[ERROR] [Producer] Direct batch 4 failed: Cannot read properties of undefined (reading 'waitUntil'),cloudflare-workers,2026-03-09T17:00:45.333Z,false,"0,15,30,45 * * * *",1773075610000,job-hunter-bot,ok,cron,75836910-f25e-4cea-9556-32ceb2c977b0,stateless,4KVLQ4AHB0V8CF1D,01KK9RPGWNDWXW5FRFNMXEF7NJ,4KVLQ4AHB0V8CF1D,"0,15,30,45 * * * *",job-hunter-bot,error,[ERROR] [Producer] Direct batch 4 failed: Cannot read properties of undefined (reading 'waitUntil'),[ERROR] [Producer] Direct batch 4 failed: Cannot read properties of undefined (reading 'waitUntil'),346e138aae29f6b381c1ebae50734856,cf-worker,35183a329b0b92a675ee78a5dbc01978,cron,[ERROR] [Producer] Direct batch <*> failed: Cannot read properties of undefined (reading 'waitUntil'),undefined,undefined,undefined,[]
error,[ERROR] [Producer] Direct batch 3 failed: Cannot read properties of undefined (reading 'waitUntil'),cloudflare-workers,2026-03-09T17:00:39.546Z,false,"0,15,30,45 * * * *",1773075610000,job-hunter-bot,ok,cron,75836910-f25e-4cea-9556-32ceb2c977b0,stateless,4KVLQ4AHB0V8CF1D,01KK9RPCH5E45PGR9GPHT4NYYT,4KVLQ4AHB0V8CF1D,"0,15,30,45 * * * *",job-hunter-bot,error,[ERROR] [Producer] Direct batch 3 failed: Cannot read properties of undefined (reading 'waitUntil'),[ERROR] [Producer] Direct batch 3 failed: Cannot read properties of undefined (reading 'waitUntil'),346e138aae29f6b381c1ebae50734856,cf-worker,696d04d1091a020a294214243d964fd0,cron,[ERROR] [Producer] Direct batch <*> failed: Cannot read properties of undefined (reading 'waitUntil'),undefined,undefined,undefined,[]
error,[ERROR] [Producer] Direct batch 2 failed: Cannot read properties of undefined (reading 'waitUntil'),cloudflare-workers,2026-03-09T17:00:33.910Z,false,"0,15,30,45 * * * *",1773075610000,job-hunter-bot,ok,cron,75836910-f25e-4cea-9556-32ceb2c977b0,stateless,4KVLQ4AHB0V8CF1D,01KK9RPCH5E45PGR9GPHT4NYYJ,4KVLQ4AHB0V8CF1D,"0,15,30,45 * * * *",job-hunter-bot,error,[ERROR] [Producer] Direct batch 2 failed: Cannot read properties of undefined (reading 'waitUntil'),[ERROR] [Producer] Direct batch 2 failed: Cannot read properties of undefined (reading 'waitUntil'),346e138aae29f6b381c1ebae50734856,cf-worker,d1c855888a98efc9e822e4ed1c0ec662,cron,[ERROR] [Producer] Direct batch <*> failed: Cannot read properties of undefined (reading 'waitUntil'),undefined,undefined,undefined,[]
error,[ERROR] [Producer] Direct batch 1 failed: Cannot read properties of undefined (reading 'waitUntil'),cloudflare-workers,2026-03-09T17:00:28.007Z,false,"0,15,30,45 * * * *",1773075610000,job-hunter-bot,ok,cron,75836910-f25e-4cea-9556-32ceb2c977b0,stateless,4KVLQ4AHB0V8CF1D,01KK9RPCH5E45PGR9GPHT4NYYA,4KVLQ4AHB0V8CF1D,"0,15,30,45 * * * *",job-hunter-bot,error,[ERROR] [Producer] Direct batch 1 failed: Cannot read properties of undefined (reading 'waitUntil'),[ERROR] [Producer] Direct batch 1 failed: Cannot read properties of undefined (reading 'waitUntil'),346e138aae29f6b381c1ebae50734856,cf-worker,1192fd0853d97fc05b5205db77f9469d,cron,[ERROR] [Producer] Direct batch <*> failed: Cannot read properties of undefined (reading 'waitUntil'),undefined,undefined,undefined,[]
error,[ERROR] [Producer] Direct batch 0 failed: Cannot read properties of undefined (reading 'waitUntil'),cloudflare-workers,2026-03-09T17:00:21.461Z,false,"0,15,30,45 * * * *",1773075610000,job-hunter-bot,ok,cron,75836910-f25e-4cea-9556-32ceb2c977b0,stateless,4KVLQ4AHB0V8CF1D,01KK9RPCH5E45PGR9GPHT4NYY2,4KVLQ4AHB0V8CF1D,"0,15,30,45 * * * *",job-hunter-bot,error,[ERROR] [Producer] Direct batch 0 failed: Cannot read properties of undefined (reading 'waitUntil'),[ERROR] [Producer] Direct batch 0 failed: Cannot read properties of undefined (reading 'waitUntil'),346e138aae29f6b381c1ebae50734856,cf-worker,0bc7a8347c63acf0250b22f32cd28e1c,cron,[ERROR] [Producer] Direct batch <*> failed: Cannot read properties of undefined (reading 'waitUntil'),undefined,undefined,undefined,[]
error,[ERROR] [Producer] Queue send failed after retries: Queue sendBatch failed: Too Many Requests. Falling back to DIRECT processing.,cloudflare-workers,2026-03-09T17:00:15.483Z,false,"0,15,30,45 * * * *",1773075610000,job-hunter-bot,ok,cron,75836910-f25e-4cea-9556-32ceb2c977b0,stateless,4KVLQ4AHB0V8CF1D,01KK9RPCH5E45PGR9GPHT4NYXS,4KVLQ4AHB0V8CF1D,"0,15,30,45 * * * *",job-hunter-bot,error,[ERROR] [Producer] Queue send failed after retries: Queue sendBatch failed: Too Many Requests. Falling back to DIRECT processing.,[ERROR] [Producer] Queue send failed after retries: Queue sendBatch failed: Too Many Requests. Falling back to DIRECT processing.,346e138aae29f6b381c1ebae50734856,cf-worker,a182c642af561a79ea097003474c6a2a,cron,[ERROR] [Producer] Queue send failed after retries: Queue sendBatch failed: Too Many Requests. Falling back to DIRECT processing.,undefined,undefined,undefined,[]
error,[ERROR] [Producer] Direct batch 4 failed: Cannot read properties of undefined (reading 'waitUntil'),cloudflare-workers,2026-03-09T16:45:41.994Z,false,"0,15,30,45 * * * *",1773074710000,job-hunter-bot,ok,cron,75836910-f25e-4cea-9556-32ceb2c977b0,stateless,9MH595M1VG40TPU1,01KK9QTYQAE14V6EK54XEPAJH2,9MH595M1VG40TPU1,"0,15,30,45 * * * *",job-hunter-bot,error,[ERROR] [Producer] Direct batch 4 failed: Cannot read properties of undefined (reading 'waitUntil'),[ERROR] [Producer] Direct batch 4 failed: Cannot read properties of undefined (reading 'waitUntil'),346e138aae29f6b381c1ebae50734856,cf-worker,35183a329b0b92a675ee78a5dbc01978,cron,[ERROR] [Producer] Direct batch <*> failed: Cannot read properties of undefined (reading 'waitUntil'),undefined,undefined,undefined,[]
error,[ERROR] [Producer] Direct batch 3 failed: Cannot read properties of undefined (reading 'waitUntil'),cloudflare-workers,2026-03-09T16:45:37.035Z,false,"0,15,30,45 * * * *",1773074710000,job-hunter-bot,ok,cron,75836910-f25e-4cea-9556-32ceb2c977b0,stateless,9MH595M1VG40TPU1,01KK9QTSWBKMBRW440RN4K6XT9,9MH595M1VG40TPU1,"0,15,30,45 * * * *",job-hunter-bot,error,[ERROR] [Producer] Direct batch 3 failed: Cannot read properties of undefined (reading 'waitUntil'),[ERROR] [Producer] Direct batch 3 failed: Cannot read properties of undefined (reading 'waitUntil'),346e138aae29f6b381c1ebae50734856,cf-worker,696d04d1091a020a294214243d964fd0,cron,[ERROR] [Producer] Direct batch <*> failed: Cannot read properties of undefined (reading 'waitUntil'),undefined,undefined,undefined,[]
error,[ERROR] [Producer] Direct batch 2 failed: Cannot read properties of undefined (reading 'waitUntil'),cloudflare-workers,2026-03-09T16:45:31.879Z,false,"0,15,30,45 * * * *",1773074710000,job-hunter-bot,ok,cron,75836910-f25e-4cea-9556-32ceb2c977b0,stateless,9MH595M1VG40TPU1,01KK9QTMV7AC2SQA8P5FZ1TM0T,9MH595M1VG40TPU1,"0,15,30,45 * * * *",job-hunter-bot,error,[ERROR] [Producer] Direct batch 2 failed: Cannot read properties of undefined (reading 'waitUntil'),[ERROR] [Producer] Direct batch 2 failed: Cannot read properties of undefined (reading 'waitUntil'),346e138aae29f6b381c1ebae50734856,cf-worker,d1c855888a98efc9e822e4ed1c0ec662,cron,[ERROR] [Producer] Direct batch <*> failed: Cannot read properties of undefined (reading 'waitUntil'),undefined,undefined,undefined,[]
error,[ERROR] [Producer] Direct batch 1 failed: Cannot read properties of undefined (reading 'waitUntil'),cloudflare-workers,2026-03-09T16:45:26.889Z,false,"0,15,30,45 * * * *",1773074710000,job-hunter-bot,ok,cron,75836910-f25e-4cea-9556-32ceb2c977b0,stateless,9MH595M1VG40TPU1,01KK9QTFZ9YZXX51PS0SDZK4VX,9MH595M1VG40TPU1,"0,15,30,45 * * * *",job-hunter-bot,error,[ERROR] [Producer] Direct batch 1 failed: Cannot read properties of undefined (reading 'waitUntil'),[ERROR] [Producer] Direct batch 1 failed: Cannot read properties of undefined (reading 'waitUntil'),346e138aae29f6b381c1ebae50734856,cf-worker,1192fd0853d97fc05b5205db77f9469d,cron,[ERROR] [Producer] Direct batch <*> failed: Cannot read properties of undefined (reading 'waitUntil'),undefined,undefined,undefined,[]
error,[ERROR] [Producer] Direct batch 0 failed: Cannot read properties of undefined (reading 'waitUntil'),cloudflare-workers,2026-03-09T16:45:21.676Z,false,"0,15,30,45 * * * *",1773074710000,job-hunter-bot,ok,cron,75836910-f25e-4cea-9556-32ceb2c977b0,stateless,9MH595M1VG40TPU1,01KK9QTF1Z1S5MS43W21560WGV,9MH595M1VG40TPU1,"0,15,30,45 * * * *",job-hunter-bot,error,[ERROR] [Producer] Direct batch 0 failed: Cannot read properties of undefined (reading 'waitUntil'),[ERROR] [Producer] Direct batch 0 failed: Cannot read properties of undefined (reading 'waitUntil'),346e138aae29f6b381c1ebae50734856,cf-worker,0bc7a8347c63acf0250b22f32cd28e1c,cron,[ERROR] [Producer] Direct batch <*> failed: Cannot read properties of undefined (reading 'waitUntil'),undefined,undefined,undefined,[]
error,[ERROR] [Producer] Queue send failed after retries: Queue sendBatch failed: Too Many Requests. Falling back to DIRECT processing.,cloudflare-workers,2026-03-09T16:45:15.159Z,false,"0,15,30,45 * * * *",1773074710000,job-hunter-bot,ok,cron,75836910-f25e-4cea-9556-32ceb2c977b0,stateless,9MH595M1VG40TPU1,01KK9QTF1Z1S5MS43W21560WGJ,9MH595M1VG40TPU1,"0,15,30,45 * * * *",job-hunter-bot,error,[ERROR] [Producer] Queue send failed after retries: Queue sendBatch failed: Too Many Requests. Falling back to DIRECT processing.,[ERROR] [Producer] Queue send failed after retries: Queue sendBatch failed: Too Many Requests. Falling back to DIRECT processing.,346e138aae29f6b381c1ebae50734856,cf-worker,a182c642af561a79ea097003474c6a2a,cron,[ERROR] [Producer] Queue send failed after retries: Queue sendBatch failed: Too Many Requests. Falling back to DIRECT processing.,undefined,undefined,undefined,[]
error,[ERROR] [Producer] Direct batch 4 failed: Cannot read properties of undefined (reading 'waitUntil'),cloudflare-workers,2026-03-09T16:30:44.070Z,false,"0,15,30,45 * * * *",1773073810000,job-hunter-bot,ok,cron,75836910-f25e-4cea-9556-32ceb2c977b0,stateless,UO6UX60GTLSUVLXD,01KK9PZHV6V2VXSYXHXBZRH20S,UO6UX60GTLSUVLXD,"0,15,30,45 * * * *",job-hunter-bot,error,[ERROR] [Producer] Direct batch 4 failed: Cannot read properties of undefined (reading 'waitUntil'),[ERROR] [Producer] Direct batch 4 failed: Cannot read properties of undefined (reading 'waitUntil'),346e138aae29f6b381c1ebae50734856,cf-worker,35183a329b0b92a675ee78a5dbc01978,cron,[ERROR] [Producer] Direct batch <*> failed: Cannot read properties of undefined (reading 'waitUntil'),undefined,undefined,undefined,[]
error,[ERROR] [Producer] Direct batch 3 failed: Cannot read properties of undefined (reading 'waitUntil'),cloudflare-workers,2026-03-09T16:30:38.570Z,false,"0,15,30,45 * * * *",1773073810000,job-hunter-bot,ok,cron,75836910-f25e-4cea-9556-32ceb2c977b0,stateless,UO6UX60GTLSUVLXD,01KK9PZCFAKQG5E3C3XZDVQM33,UO6UX60GTLSUVLXD,"0,15,30,45 * * * *",job-hunter-bot,error,[ERROR] [Producer] Direct batch 3 failed: Cannot read properties of undefined (reading 'waitUntil'),[ERROR] [Producer] Direct batch 3 failed: Cannot read properties of undefined (reading 'waitUntil'),346e138aae29f6b381c1ebae50734856,cf-worker,696d04d1091a020a294214243d964fd0,cron,[ERROR] [Producer] Direct batch <*> failed: Cannot read properties of undefined (reading 'waitUntil'),undefined,undefined,undefined,[]
error,[ERROR] [Producer] Direct batch 2 failed: Cannot read properties of undefined (reading 'waitUntil'),cloudflare-workers,2026-03-09T16:30:33.392Z,false,"0,15,30,45 * * * *",1773073810000,job-hunter-bot,ok,cron,75836910-f25e-4cea-9556-32ceb2c977b0,stateless,UO6UX60GTLSUVLXD,01KK9PZ7DG8V9V7GP8TZCQDYBY,UO6UX60GTLSUVLXD,"0,15,30,45 * * * *",job-hunter-bot,error,[ERROR] [Producer] Direct batch 2 failed: Cannot read properties of undefined (reading 'waitUntil'),[ERROR] [Producer] Direct batch 2 failed: Cannot read properties of undefined (reading 'waitUntil'),346e138aae29f6b381c1ebae50734856,cf-worker,d1c855888a98efc9e822e4ed1c0ec662,cron,[ERROR] [Producer] Direct batch <*> failed: Cannot read properties of undefined (reading 'waitUntil'),undefined,undefined,undefined,[]
error,[ERROR] [Producer] Direct batch 1 failed: Cannot read properties of undefined (reading 'waitUntil'),cloudflare-workers,2026-03-09T16:30:28.038Z,false,"0,15,30,45 * * * *",1773073810000,job-hunter-bot,ok,cron,75836910-f25e-4cea-9556-32ceb2c977b0,stateless,UO6UX60GTLSUVLXD,01KK9PZ266W82E293GHF72GV10,UO6UX60GTLSUVLXD,"0,15,30,45 * * * *",job-hunter-bot,error,[ERROR] [Producer] Direct batch 1 failed: Cannot read properties of undefined (reading 'waitUntil'),[ERROR] [Producer] Direct batch 1 failed: Cannot read properties of undefined (reading 'waitUntil'),346e138aae29f6b381c1ebae50734856,cf-worker,1192fd0853d97fc05b5205db77f9469d,cron,[ERROR] [Producer] Direct batch <*> failed: Cannot read properties of undefined (reading 'waitUntil'),undefined,undefined,undefined,[]
error,[ERROR] [Producer] Direct batch 0 failed: Cannot read properties of undefined (reading 'waitUntil'),cloudflare-workers,2026-03-09T16:30:21.841Z,false,"0,15,30,45 * * * *",1773073810000,job-hunter-bot,ok,cron,75836910-f25e-4cea-9556-32ceb2c977b0,stateless,UO6UX60GTLSUVLXD,01KK9PZ0GWZBDEHYS30G1ADH21,UO6UX60GTLSUVLXD,"0,15,30,45 * * * *",job-hunter-bot,error,[ERROR] [Producer] Direct batch 0 failed: Cannot read properties of undefined (reading 'waitUntil'),[ERROR] [Producer] Direct batch 0 failed: Cannot read properties of undefined (reading 'waitUntil'),346e138aae29f6b381c1ebae50734856,cf-worker,0bc7a8347c63acf0250b22f32cd28e1c,cron,[ERROR] [Producer] Direct batch <*> failed: Cannot read properties of undefined (reading 'waitUntil'),undefined,undefined,undefined,[]
error,[ERROR] [Producer] Queue send failed after retries: Queue sendBatch failed: Too Many Requests. Falling back to DIRECT processing.,cloudflare-workers,2026-03-09T16:30:15.715Z,false,"0,15,30,45 * * * *",1773073810000,job-hunter-bot,ok,cron,75836910-f25e-4cea-9556-32ceb2c977b0,stateless,UO6UX60GTLSUVLXD,01KK9PZ0GWZBDEHYS30G1ADH1R,UO6UX60GTLSUVLXD,"0,15,30,45 * * * *",job-hunter-bot,error,[ERROR] [Producer] Queue send failed after retries: Queue sendBatch failed: Too Many Requests. Falling back to DIRECT processing.,[ERROR] [Producer] Queue send failed after retries: Queue sendBatch failed: Too Many Requests. Falling back to DIRECT processing.,346e138aae29f6b381c1ebae50734856,cf-worker,a182c642af561a79ea097003474c6a2a,cron,[ERROR] [Producer] Queue send failed after retries: Queue sendBatch failed: Too Many Requests. Falling back to DIRECT processing.,undefined,undefined,undefined,[]
error,[ERROR] [Producer] Direct batch 3 failed: Cannot read properties of undefined (reading 'waitUntil'),cloudflare-workers,2026-03-09T16:15:37.020Z,false,"0,15,30,45 * * * *",1773072919000,job-hunter-bot,exceededCpu,cron,75836910-f25e-4cea-9556-32ceb2c977b0,stateless,2HVPSU5EKCTIH6ZT,01KK9P3W1WVPD82FMTJ9HWV999,2HVPSU5EKCTIH6ZT,"0,15,30,45 * * * *",job-hunter-bot,error,[ERROR] [Producer] Direct batch 3 failed: Cannot read properties of undefined (reading 'waitUntil'),[ERROR] [Producer] Direct batch 3 failed: Cannot read properties of undefined (reading 'waitUntil'),346e138aae29f6b381c1ebae50734856,cf-worker,696d04d1091a020a294214243d964fd0,cron,[ERROR] [Producer] Direct batch <*> failed: Cannot read properties of undefined (reading 'waitUntil'),undefined,undefined,undefined,[]
error,[ERROR] [Producer] Direct batch 2 failed: Cannot read properties of undefined (reading 'waitUntil'),cloudflare-workers,2026-03-09T16:15:33.961Z,false,"0,15,30,45 * * * *",1773072919000,job-hunter-bot,exceededCpu,cron,75836910-f25e-4cea-9556-32ceb2c977b0,stateless,2HVPSU5EKCTIH6ZT,01KK9P3S29GJBED01WQCPB5DNX,2HVPSU5EKCTIH6ZT,"0,15,30,45 * * * *",job-hunter-bot,error,[ERROR] [Producer] Direct batch 2 failed: Cannot read properties of undefined (reading 'waitUntil'),[ERROR] [Producer] Direct batch 2 failed: Cannot read properties of undefined (reading 'waitUntil'),346e138aae29f6b381c1ebae50734856,cf-worker,d1c855888a98efc9e822e4ed1c0ec662,cron,[ERROR] [Producer] Direct batch <*> failed: Cannot read properties of undefined (reading 'waitUntil'),undefined,undefined,undefined,[]
error,[ERROR] [Producer] Direct batch 1 failed: Cannot read properties of undefined (reading 'waitUntil'),cloudflare-workers,2026-03-09T16:15:30.285Z,false,"0,15,30,45 * * * *",1773072919000,job-hunter-bot,exceededCpu,cron,75836910-f25e-4cea-9556-32ceb2c977b0,stateless,2HVPSU5EKCTIH6ZT,01KK9P3RZDAJC8ZM54BE864CYH,2HVPSU5EKCTIH6ZT,"0,15,30,45 * * * *",job-hunter-bot,error,[ERROR] [Producer] Direct batch 1 failed: Cannot read properties of undefined (reading 'waitUntil'),[ERROR] [Producer] Direct batch 1 failed: Cannot read properties of undefined (reading 'waitUntil'),346e138aae29f6b381c1ebae50734856,cf-worker,1192fd0853d97fc05b5205db77f9469d,cron,[ERROR] [Producer] Direct batch <*> failed: Cannot read properties of undefined (reading 'waitUntil'),undefined,undefined,undefined,[]
error,[ERROR] [Producer] Direct batch 0 failed: Cannot read properties of undefined (reading 'waitUntil'),cloudflare-workers,2026-03-09T16:15:27.857Z,false,"0,15,30,45 * * * *",1773072919000,job-hunter-bot,exceededCpu,cron,75836910-f25e-4cea-9556-32ceb2c977b0,stateless,2HVPSU5EKCTIH6ZT,01KK9P3RZDAJC8ZM54BE864CY9,2HVPSU5EKCTIH6ZT,"0,15,30,45 * * * *",job-hunter-bot,error,[ERROR] [Producer] Direct batch 0 failed: Cannot read properties of undefined (reading 'waitUntil'),[ERROR] [Producer] Direct batch 0 failed: Cannot read properties of undefined (reading 'waitUntil'),346e138aae29f6b381c1ebae50734856,cf-worker,0bc7a8347c63acf0250b22f32cd28e1c,cron,[ERROR] [Producer] Direct batch <*> failed: Cannot read properties of undefined (reading 'waitUntil'),undefined,undefined,undefined,[]
error,[ERROR] [Producer] Queue send failed after retries: Queue sendBatch failed: Too Many Requests. Falling back to DIRECT processing.,cloudflare-workers,2026-03-09T16:15:25.237Z,false,"0,15,30,45 * * * *",1773072919000,job-hunter-bot,exceededCpu,cron,75836910-f25e-4cea-9556-32ceb2c977b0,stateless,2HVPSU5EKCTIH6ZT,01KK9P3RZDAJC8ZM54BE864CY0,2HVPSU5EKCTIH6ZT,"0,15,30,45 * * * *",job-hunter-bot,error,[ERROR] [Producer] Queue send failed after retries: Queue sendBatch failed: Too Many Requests. Falling back to DIRECT processing.,[ERROR] [Producer] Queue send failed after retries: Queue sendBatch failed: Too Many Requests. Falling back to DIRECT processing.,346e138aae29f6b381c1ebae50734856,cf-worker,a182c642af561a79ea097003474c6a2a,cron,[ERROR] [Producer] Queue send failed after retries: Queue sendBatch failed: Too Many Requests. Falling back to DIRECT processing.,undefined,undefined,undefined,[]
error,"0,15,30,45 * * * * ",cloudflare-workers,2026-03-09T16:15:20.602Z,false,"0,15,30,45 * * * *",1773072919000,job-hunter-bot,exceededCpu,cron,75836910-f25e-4cea-9556-32ceb2c977b0,stateless,2HVPSU5EKCTIH6ZT,01KK9P3RZDAJC8ZM54BE864CXS,2HVPSU5EKCTIH6ZT,"0,15,30,45 * * * *",job-hunter-bot,error,"0,15,30,45 * * * * ","0,15,30,45 * * * * ",346e138aae29f6b381c1ebae50734856,cf-worker-event,5b91c98a766e7ec460fe2aab6366fe44,cron,"0,15,30,45 * * * *",undefined,undefined,undefined,[]
error,[ERROR] [Producer] Direct batch 7 failed: Cannot read properties of undefined (reading 'waitUntil'),cloudflare-workers,2026-03-09T16:01:15.188Z,false,"0,15,30,45 * * * *",1773072019000,job-hunter-bot,ok,cron,75836910-f25e-4cea-9556-32ceb2c977b0,stateless,IX0K8W4ZIX4P1YVD,01KK9N9JDMAD66PNWA2NG1GQ6J,IX0K8W4ZIX4P1YVD,"0,15,30,45 * * * *",job-hunter-bot,error,[ERROR] [Producer] Direct batch 7 failed: Cannot read properties of undefined (reading 'waitUntil'),[ERROR] [Producer] Direct batch 7 failed: Cannot read properties of undefined (reading 'waitUntil'),346e138aae29f6b381c1ebae50734856,cf-worker,12f32453ce37dbaf209fa525c4996ed0,cron,[ERROR] [Producer] Direct batch <*> failed: Cannot read properties of undefined (reading 'waitUntil'),undefined,undefined,undefined,[]
error,[ERROR] [Producer] Direct batch 6 failed: Cannot read properties of undefined (reading 'waitUntil'),cloudflare-workers,2026-03-09T16:01:09.320Z,false,"0,15,30,45 * * * *",1773072019000,job-hunter-bot,ok,cron,75836910-f25e-4cea-9556-32ceb2c977b0,stateless,IX0K8W4ZIX4P1YVD,01KK9N9CP83ZP6V4MWB16Z08MB,IX0K8W4ZIX4P1YVD,"0,15,30,45 * * * *",job-hunter-bot,error,[ERROR] [Producer] Direct batch 6 failed: Cannot read properties of undefined (reading 'waitUntil'),[ERROR] [Producer] Direct batch 6 failed: Cannot read properties of undefined (reading 'waitUntil'),346e138aae29f6b381c1ebae50734856,cf-worker,6c2f0b1c77900efdb5b095bccee75736,cron,[ERROR] [Producer] Direct batch <*> failed: Cannot read properties of undefined (reading 'waitUntil'),undefined,undefined,undefined,[]
error,[ERROR] [Producer] Direct batch 5 failed: Cannot read properties of undefined (reading 'waitUntil'),cloudflare-workers,2026-03-09T16:01:05.213Z,false,"0,15,30,45 * * * *",1773072019000,job-hunter-bot,ok,cron,75836910-f25e-4cea-9556-32ceb2c977b0,stateless,IX0K8W4ZIX4P1YVD,01KK9N98NXRG53KZNVDW4EPBSK,IX0K8W4ZIX4P1YVD,"0,15,30,45 * * * *",job-hunter-bot,error,[ERROR] [Producer] Direct batch 5 failed: Cannot read properties of undefined (reading 'waitUntil'),[ERROR] [Producer] Direct batch 5 failed: Cannot read properties of undefined (reading 'waitUntil'),346e138aae29f6b381c1ebae50734856,cf-worker,645530aa058ea80025376cee9021b39c,cron,[ERROR] [Producer] Direct batch <*> failed: Cannot read properties of undefined (reading 'waitUntil'),undefined,undefined,undefined,[]
error,[ERROR] [Producer] Direct batch 4 failed: Cannot read properties of undefined (reading 'waitUntil'),cloudflare-workers,2026-03-09T16:01:01.417Z,false,"0,15,30,45 * * * *",1773072019000,job-hunter-bot,ok,cron,75836910-f25e-4cea-9556-32ceb2c977b0,stateless,IX0K8W4ZIX4P1YVD,01KK9N94Z9JV3ESF2G158QA304,IX0K8W4ZIX4P1YVD,"0,15,30,45 * * * *",job-hunter-bot,error,[ERROR] [Producer] Direct batch 4 failed: Cannot read properties of undefined (reading 'waitUntil'),[ERROR] [Producer] Direct batch 4 failed: Cannot read properties of undefined (reading 'waitUntil'),346e138aae29f6b381c1ebae50734856,cf-worker,35183a329b0b92a675ee78a5dbc01978,cron,[ERROR] [Producer] Direct batch <*> failed: Cannot read properties of undefined (reading 'waitUntil'),undefined,undefined,undefined,[]
error,[ERROR] [Producer] Direct batch 3 failed: Cannot read properties of undefined (reading 'waitUntil'),cloudflare-workers,2026-03-09T16:00:58.926Z,false,"0,15,30,45 * * * *",1773072019000,job-hunter-bot,ok,cron,75836910-f25e-4cea-9556-32ceb2c977b0,stateless,IX0K8W4ZIX4P1YVD,01KK9N92HE9RJR5J3MSGTJKV3V,IX0K8W4ZIX4P1YVD,"0,15,30,45 * * * *",job-hunter-bot,error,[ERROR] [Producer] Direct batch 3 failed: Cannot read properties of undefined (reading 'waitUntil'),[ERROR] [Producer] Direct batch 3 failed: Cannot read properties of undefined (reading 'waitUntil'),346e138aae29f6b381c1ebae50734856,cf-worker,696d04d1091a020a294214243d964fd0,cron,[ERROR] [Producer] Direct batch <*> failed: Cannot read properties of undefined (reading 'waitUntil'),undefined,undefined,undefined,[]
error,[ERROR] [Producer] Direct batch 2 failed: Cannot read properties of undefined (reading 'waitUntil'),cloudflare-workers,2026-03-09T16:00:53.957Z,false,"0,15,30,45 * * * *",1773072019000,job-hunter-bot,ok,cron,75836910-f25e-4cea-9556-32ceb2c977b0,stateless,IX0K8W4ZIX4P1YVD,01KK9N8XP5BK1C77G1B2RR40ZV,IX0K8W4ZIX4P1YVD,"0,15,30,45 * * * *",job-hunter-bot,error,[ERROR] [Producer] Direct batch 2 failed: Cannot read properties of undefined (reading 'waitUntil'),[ERROR] [Producer] Direct batch 2 failed: Cannot read properties of undefined (reading 'waitUntil'),346e138aae29f6b381c1ebae50734856,cf-worker,d1c855888a98efc9e822e4ed1c0ec662,cron,[ERROR] [Producer] Direct batch <*> failed: Cannot read properties of undefined (reading 'waitUntil'),undefined,undefined,undefined,[]
error,[ERROR] [Producer] Direct batch 1 failed: Cannot read properties of undefined (reading 'waitUntil'),cloudflare-workers,2026-03-09T16:00:50.907Z,false,"0,15,30,45 * * * *",1773072019000,job-hunter-bot,ok,cron,75836910-f25e-4cea-9556-32ceb2c977b0,stateless,IX0K8W4ZIX4P1YVD,01KK9N8TPVGF36MRHX3YD8AH0Z,IX0K8W4ZIX4P1YVD,"0,15,30,45 * * * *",job-hunter-bot,error,[ERROR] [Producer] Direct batch 1 failed: Cannot read properties of undefined (reading 'waitUntil'),[ERROR] [Producer] Direct batch 1 failed: Cannot read properties of undefined (reading 'waitUntil'),346e138aae29f6b381c1ebae50734856,cf-worker,1192fd0853d97fc05b5205db77f9469d,cron,[ERROR] [Producer] Direct batch <*> failed: Cannot read properties of undefined (reading 'waitUntil'),undefined,undefined,undefined,[]
error,[ERROR] [Producer] Direct batch 0 failed: Cannot read properties of undefined (reading 'waitUntil'),cloudflare-workers,2026-03-09T16:00:48.179Z,false,"0,15,30,45 * * * *",1773072019000,job-hunter-bot,ok,cron,75836910-f25e-4cea-9556-32ceb2c977b0,stateless,IX0K8W4ZIX4P1YVD,01KK9N8R1K0GDND42CSZXJRDJD,IX0K8W4ZIX4P1YVD,"0,15,30,45 * * * *",job-hunter-bot,error,[ERROR] [Producer] Direct batch 0 failed: Cannot read properties of undefined (reading 'waitUntil'),[ERROR] [Producer] Direct batch 0 failed: Cannot read properties of undefined (reading 'waitUntil'),346e138aae29f6b381c1ebae50734856,cf-worker,0bc7a8347c63acf0250b22f32cd28e1c,cron,[ERROR] [Producer] Direct batch <*> failed: Cannot read properties of undefined (reading 'waitUntil'),undefined,undefined,undefined,[]
error,[ERROR] [Producer] Queue send failed after retries: Queue sendBatch failed: Too Many Requests. Falling back to DIRECT processing.,cloudflare-workers,2026-03-09T16:00:44.907Z,false,"0,15,30,45 * * * *",1773072019000,job-hunter-bot,ok,cron,75836910-f25e-4cea-9556-32ceb2c977b0,stateless,IX0K8W4ZIX4P1YVD,01KK9N8MVBZAGG3MAGWJDSM504,IX0K8W4ZIX4P1YVD,"0,15,30,45 * * * *",job-hunter-bot,error,[ERROR] [Producer] Queue send failed after retries: Queue sendBatch failed: Too Many Requests. Falling back to DIRECT processing.,[ERROR] [Producer] Queue send failed after retries: Queue sendBatch failed: Too Many Requests. Falling back to DIRECT processing.,346e138aae29f6b381c1ebae50734856,cf-worker,a182c642af561a79ea097003474c6a2a,cron,[ERROR] [Producer] Queue send failed after retries: Queue sendBatch failed: Too Many Requests. Falling back to DIRECT processing.,undefined,undefined,undefined,[]
error,[ERROR] [Producer] Queue send failed after retries: Queue sendBatch failed: Too Many Requests. Falling back to DIRECT processing.,cloudflare-workers,2026-03-09T15:45:27.754Z,false,"0,15,30,45 * * * *",1773071119000,job-hunter-bot,exceededCpu,cron,75836910-f25e-4cea-9556-32ceb2c977b0,stateless,BS221632DE9IZEVY,01KK9MCN6AF0F401Y3WHMYF766,BS221632DE9IZEVY,"0,15,30,45 * * * *",job-hunter-bot,error,[ERROR] [Producer] Queue send failed after retries: Queue sendBatch failed: Too Many Requests. Falling back to DIRECT processing.,[ERROR] [Producer] Queue send failed after retries: Queue sendBatch failed: Too Many Requests. Falling back to DIRECT processing.,346e138aae29f6b381c1ebae50734856,cf-worker,a182c642af561a79ea097003474c6a2a,cron,[ERROR] [Producer] Queue send failed after retries: Queue sendBatch failed: Too Many Requests. Falling back to DIRECT processing.,undefined,undefined,undefined,[]
error,"0,15,30,45 * * * * ",cloudflare-workers,2026-03-09T15:45:23.194Z,false,"0,15,30,45 * * * *",1773071119000,job-hunter-bot,exceededCpu,cron,75836910-f25e-4cea-9556-32ceb2c977b0,stateless,BS221632DE9IZEVY,01KK9MCGQTGFDZ4MFSMM49B1TR,BS221632DE9IZEVY,"0,15,30,45 * * * *",job-hunter-bot,error,"0,15,30,45 * * * * ","0,15,30,45 * * * * ",346e138aae29f6b381c1ebae50734856,cf-worker-event,5b91c98a766e7ec460fe2aab6366fe44,cron,"0,15,30,45 * * * *",undefined,undefined,undefined,[]
,Worker exceeded CPU time limit.,cloudflare-workers,2026-03-09T15:30:30.424Z,false,"0,15,30,45 * * * *",1773070219000,job-hunter-bot,exceededCpu,cron,75836910-f25e-4cea-9556-32ceb2c977b0,stateless,7F91VDCRJC8NXX9F,01KK9KH8WRXZRKN86PYD1X25MF,7F91VDCRJC8NXX9F,"0,15,30,45 * * * *",job-hunter-bot,error,Worker exceeded CPU time limit.,Worker exceeded CPU time limit.,346e138aae29f6b381c1ebae50734856,cf-worker,e761890a7089661800e99b7a1c180051,cron,Worker exceeded CPU time limit.,undefined,undefined,undefined,[]
error,[ERROR] [Producer] Queue send failed after retries: Queue sendBatch failed: Too Many Requests. Falling back to DIRECT processing.,cloudflare-workers,2026-03-09T15:30:29.374Z,false,"0,15,30,45 * * * *",1773070219000,job-hunter-bot,exceededCpu,cron,75836910-f25e-4cea-9556-32ceb2c977b0,stateless,7F91VDCRJC8NXX9F,01KK9KH7VYJYCFD067NTEP7P3G,7F91VDCRJC8NXX9F,"0,15,30,45 * * * *",job-hunter-bot,error,[ERROR] [Producer] Queue send failed after retries: Queue sendBatch failed: Too Many Requests. Falling back to DIRECT processing.,[ERROR] [Producer] Queue send failed after retries: Queue sendBatch failed: Too Many Requests. Falling back to DIRECT processing.,346e138aae29f6b381c1ebae50734856,cf-worker,a182c642af561a79ea097003474c6a2a,cron,[ERROR] [Producer] Queue send failed after retries: Queue sendBatch failed: Too Many Requests. Falling back to DIRECT processing.,undefined,undefined,undefined,[]
error,"0,15,30,45 * * * * ",cloudflare-workers,2026-03-09T15:30:24.800Z,false,"0,15,30,45 * * * *",1773070219000,job-hunter-bot,exceededCpu,cron,75836910-f25e-4cea-9556-32ceb2c977b0,stateless,7F91VDCRJC8NXX9F,01KK9KH3D0WQ3HR0HX8F4M4427,7F91VDCRJC8NXX9F,"0,15,30,45 * * * *",job-hunter-bot,error,"0,15,30,45 * * * * ","0,15,30,45 * * * * ",346e138aae29f6b381c1ebae50734856,cf-worker-event,5b91c98a766e7ec460fe2aab6366fe44,cron,"0,15,30,45 * * * *",undefined,undefined,undefined,[]
,Worker exceeded CPU time limit.,cloudflare-workers,2026-03-09T15:15:27.548Z,false,"0,15,30,45 * * * *",1773069319000,job-hunter-bot,exceededCpu,cron,75836910-f25e-4cea-9556-32ceb2c977b0,stateless,81KZKBLN891JUEQ1,01KK9JNQ5W5RR270912N1HYC2E,81KZKBLN891JUEQ1,"0,15,30,45 * * * *",job-hunter-bot,error,Worker exceeded CPU time limit.,Worker exceeded CPU time limit.,346e138aae29f6b381c1ebae50734856,cf-worker,e761890a7089661800e99b7a1c180051,cron,Worker exceeded CPU time limit.,undefined,undefined,undefined,[]
error,[ERROR] [Producer] Queue send failed after retries: Queue sendBatch failed: Too Many Requests. Falling back to DIRECT processing.,cloudflare-workers,2026-03-09T15:15:26.380Z,false,"0,15,30,45 * * * *",1773069319000,job-hunter-bot,exceededCpu,cron,75836910-f25e-4cea-9556-32ceb2c977b0,stateless,81KZKBLN891JUEQ1,01KK9JNP1C6THWWDSQQQHZVSKX,81KZKBLN891JUEQ1,"0,15,30,45 * * * *",job-hunter-bot,error,[ERROR] [Producer] Queue send failed after retries: Queue sendBatch failed: Too Many Requests. Falling back to DIRECT processing.,[ERROR] [Producer] Queue send failed after retries: Queue sendBatch failed: Too Many Requests. Falling back to DIRECT processing.,346e138aae29f6b381c1ebae50734856,cf-worker,a182c642af561a79ea097003474c6a2a,cron,[ERROR] [Producer] Queue send failed after retries: Queue sendBatch failed: Too Many Requests. Falling back to DIRECT processing.,undefined,undefined,undefined,[]
error,"0,15,30,45 * * * * ",cloudflare-workers,2026-03-09T15:15:21.598Z,false,"0,15,30,45 * * * *",1773069319000,job-hunter-bot,exceededCpu,cron,75836910-f25e-4cea-9556-32ceb2c977b0,stateless,81KZKBLN891JUEQ1,01KK9JNHBYB0H32H8JN35W8DFF,81KZKBLN891JUEQ1,"0,15,30,45 * * * *",job-hunter-bot,error,"0,15,30,45 * * * * ","0,15,30,45 * * * * ",346e138aae29f6b381c1ebae50734856,cf-worker-event,5b91c98a766e7ec460fe2aab6366fe44,cron,"0,15,30,45 * * * *",undefined,undefined,undefined,[]
error,[ERROR] [Producer] Queue send failed after retries: Queue sendBatch failed: Too Many Requests. Falling back to DIRECT processing.,cloudflare-workers,2026-03-09T15:00:36.567Z,false,"0,15,30,45 * * * *",1773068419000,job-hunter-bot,exceededCpu,cron,75836910-f25e-4cea-9556-32ceb2c977b0,stateless,2UQO2D4WE9P36N5S,01KK9HTH2QXSFQX0ET9SKYP5HS,2UQO2D4WE9P36N5S,"0,15,30,45 * * * *",job-hunter-bot,error,[ERROR] [Producer] Queue send failed after retries: Queue sendBatch failed: Too Many Requests. Falling back to DIRECT processing.,[ERROR] [Producer] Queue send failed after retries: Queue sendBatch failed: Too Many Requests. Falling back to DIRECT processing.,346e138aae29f6b381c1ebae50734856,cf-worker,a182c642af561a79ea097003474c6a2a,cron,[ERROR] [Producer] Queue send failed after retries: Queue sendBatch failed: Too Many Requests. Falling back to DIRECT processing.,undefined,undefined,undefined,[]
error,"0,15,30,45 * * * * ",cloudflare-workers,2026-03-09T15:00:32.297Z,false,"0,15,30,45 * * * *",1773068419000,job-hunter-bot,exceededCpu,cron,75836910-f25e-4cea-9556-32ceb2c977b0,stateless,2UQO2D4WE9P36N5S,01KK9HTCX9K6MH1PJH0PTCMGXR,2UQO2D4WE9P36N5S,"0,15,30,45 * * * *",job-hunter-bot,error,"0,15,30,45 * * * * ","0,15,30,45 * * * * ",346e138aae29f6b381c1ebae50734856,cf-worker-event,5b91c98a766e7ec460fe2aab6366fe44,cron,"0,15,30,45 * * * *",undefined,undefined,undefined,[]