source.message,dataset,timestamp,$workers.truncated,$workers.event.cron,$workers.event.scheduledTime,$workers.scriptName,$workers.outcome,$workers.eventType,$workers.scriptVersion.id,$workers.executionModel,$workers.requestId,$metadata.id,$metadata.requestId,$metadata.trigger,$metadata.service,$metadata.message,$metadata.account,$metadata.type,$metadata.fingerprint,$metadata.origin,$metadata.messageTemplate,$metadata.startTime,$metadata.endTime,$metadata.now,links
[INFO] [Connectors] Running rss connector on 5 sources,cloudflare-workers,2026-03-10T14:30:50.810Z,false,"0,15,30,45 * * * *",1773153043000,job-hunter-bot,exceededCpu,cron,a7fd90f8-dd89-49cd-a89f-9d1613cd7b9c,stateless,R5NSXPB6L5Z8042Y,01KKC2GR5TFVQZWBNMSZGZVFTJ,R5NSXPB6L5Z8042Y,"0,15,30,45 * * * *",job-hunter-bot,[INFO] [Connectors] Running rss connector on 5 sources,346e138aae29f6b381c1ebae50734856,cf-worker,9652c0eabd8fbe010167fd7787852081,cron,[INFO] [Connectors] Running rss connector on 5 sources,undefined,undefined,undefined,[]
[INFO] [Producer] Direct mode: processing 87 sources inline...,cloudflare-workers,2026-03-10T14:30:49.840Z,false,"0,15,30,45 * * * *",1773153043000,job-hunter-bot,exceededCpu,cron,a7fd90f8-dd89-49cd-a89f-9d1613cd7b9c,stateless,R5NSXPB6L5Z8042Y,01KKC2GQ7GYJN1BRAWP13CDWYD,R5NSXPB6L5Z8042Y,"0,15,30,45 * * * *",job-hunter-bot,[INFO] [Producer] Direct mode: processing 87 sources inline...,346e138aae29f6b381c1ebae50734856,cf-worker,9652c0eabd8fbe010167fd7787852081,cron,[INFO] [Producer] Direct mode: processing 87 sources inline...,undefined,undefined,undefined,[]
"[WARN] [Retry] Attempt 3/4 failed (Queue sendBatch failed: Too Many Requests), retrying in 2077ms...",cloudflare-workers,2026-03-10T14:30:47.739Z,false,"0,15,30,45 * * * *",1773153043000,job-hunter-bot,exceededCpu,cron,a7fd90f8-dd89-49cd-a89f-9d1613cd7b9c,stateless,R5NSXPB6L5Z8042Y,01KKC2GN5VJKVN2H3BZ2N9J7ZA,R5NSXPB6L5Z8042Y,"0,15,30,45 * * * *",job-hunter-bot,"[WARN] [Retry] Attempt 3/4 failed (Queue sendBatch failed: Too Many Requests), retrying in 2077ms...",346e138aae29f6b381c1ebae50734856,cf-worker,9652c0eabd8fbe010167fd7787852081,cron,"[WARN] [Retry] Attempt <*>/4 failed (Queue sendBatch failed: Too Many Requests), retrying in <*>...",undefined,undefined,undefined,[]
"[WARN] [Retry] Attempt 2/4 failed (Queue sendBatch failed: Too Many Requests), retrying in 1092ms...",cloudflare-workers,2026-03-10T14:30:46.623Z,false,"0,15,30,45 * * * *",1773153043000,job-hunter-bot,exceededCpu,cron,a7fd90f8-dd89-49cd-a89f-9d1613cd7b9c,stateless,R5NSXPB6L5Z8042Y,01KKC2GMWBGZXSTFCJC593RJMB,R5NSXPB6L5Z8042Y,"0,15,30,45 * * * *",job-hunter-bot,"[WARN] [Retry] Attempt 2/4 failed (Queue sendBatch failed: Too Many Requests), retrying in 1092ms...",346e138aae29f6b381c1ebae50734856,cf-worker,9652c0eabd8fbe010167fd7787852081,cron,"[WARN] [Retry] Attempt <*>/4 failed (Queue sendBatch failed: Too Many Requests), retrying in <*>...",undefined,undefined,undefined,[]
"[WARN] [Retry] Attempt 1/4 failed (Queue sendBatch failed: Too Many Requests), retrying in 529ms...",cloudflare-workers,2026-03-10T14:30:46.080Z,false,"0,15,30,45 * * * *",1773153043000,job-hunter-bot,exceededCpu,cron,a7fd90f8-dd89-49cd-a89f-9d1613cd7b9c,stateless,R5NSXPB6L5Z8042Y,01KKC2GMWBGZXSTFCJC593RJMA,R5NSXPB6L5Z8042Y,"0,15,30,45 * * * *",job-hunter-bot,"[WARN] [Retry] Attempt 1/4 failed (Queue sendBatch failed: Too Many Requests), retrying in 529ms...",346e138aae29f6b381c1ebae50734856,cf-worker,9652c0eabd8fbe010167fd7787852081,cron,"[WARN] [Retry] Attempt <*>/4 failed (Queue sendBatch failed: Too Many Requests), retrying in <*>...",undefined,undefined,undefined,[]
[INFO] [Producer] Broadcasting 87 sources to FEED_QUEUE...,cloudflare-workers,2026-03-10T14:30:46.069Z,false,"0,15,30,45 * * * *",1773153043000,job-hunter-bot,exceededCpu,cron,a7fd90f8-dd89-49cd-a89f-9d1613cd7b9c,stateless,R5NSXPB6L5Z8042Y,01KKC2GMWBGZXSTFCJC593RJM9,R5NSXPB6L5Z8042Y,"0,15,30,45 * * * *",job-hunter-bot,[INFO] [Producer] Broadcasting 87 sources to FEED_QUEUE...,346e138aae29f6b381c1ebae50734856,cf-worker,9652c0eabd8fbe010167fd7787852081,cron,[INFO] [Producer] Broadcasting 87 sources to FEED_QUEUE...,undefined,undefined,undefined,[]
[INFO] [Producer] Intelligence: 87 sources selected (87 config + 0 registry),cloudflare-workers,2026-03-10T14:30:46.069Z,false,"0,15,30,45 * * * *",1773153043000,job-hunter-bot,exceededCpu,cron,a7fd90f8-dd89-49cd-a89f-9d1613cd7b9c,stateless,R5NSXPB6L5Z8042Y,01KKC2GMWBGZXSTFCJC593RJM8,R5NSXPB6L5Z8042Y,"0,15,30,45 * * * *",job-hunter-bot,[INFO] [Producer] Intelligence: 87 sources selected (87 config + 0 registry),346e138aae29f6b381c1ebae50734856,cf-worker,9652c0eabd8fbe010167fd7787852081,cron,[INFO] [Producer] Intelligence: 87 sources selected (87 config + 0 registry),undefined,undefined,undefined,[]
[INFO] [Producer] Cron cycle #847 fired.,cloudflare-workers,2026-03-10T14:30:44.028Z,false,"0,15,30,45 * * * *",1773153043000,job-hunter-bot,exceededCpu,cron,a7fd90f8-dd89-49cd-a89f-9d1613cd7b9c,stateless,R5NSXPB6L5Z8042Y,01KKC2GMWBGZXSTFCJC593RJM7,R5NSXPB6L5Z8042Y,"0,15,30,45 * * * *",job-hunter-bot,[INFO] [Producer] Cron cycle #847 fired.,346e138aae29f6b381c1ebae50734856,cf-worker,9652c0eabd8fbe010167fd7787852081,cron,[INFO] [Producer] Cron cycle #847 fired.,undefined,undefined,undefined,[]
[INFO] [Connectors] Running rss connector on 5 sources,cloudflare-workers,2026-03-10T14:15:50.095Z,false,"0,15,30,45 * * * *",1773152143000,job-hunter-bot,exceededCpu,cron,a7fd90f8-dd89-49cd-a89f-9d1613cd7b9c,stateless,P1724ES2PSGYWHZ5,01KKC1N8JFC6BDSECSVX5FSMNT,P1724ES2PSGYWHZ5,"0,15,30,45 * * * *",job-hunter-bot,[INFO] [Connectors] Running rss connector on 5 sources,346e138aae29f6b381c1ebae50734856,cf-worker,9652c0eabd8fbe010167fd7787852081,cron,[INFO] [Connectors] Running rss connector on 5 sources,undefined,undefined,undefined,[]
[INFO] [Producer] Direct mode: processing 179 sources inline...,cloudflare-workers,2026-03-10T14:15:48.888Z,false,"0,15,30,45 * * * *",1773152143000,job-hunter-bot,exceededCpu,cron,a7fd90f8-dd89-49cd-a89f-9d1613cd7b9c,stateless,P1724ES2PSGYWHZ5,01KKC1N7F6QXTJ0DJBBSZZK8WK,P1724ES2PSGYWHZ5,"0,15,30,45 * * * *",job-hunter-bot,[INFO] [Producer] Direct mode: processing 179 sources inline...,346e138aae29f6b381c1ebae50734856,cf-worker,9652c0eabd8fbe010167fd7787852081,cron,[INFO] [Producer] Direct mode: processing 179 sources inline...,undefined,undefined,undefined,[]
"[WARN] [Retry] Attempt 3/4 failed (Queue sendBatch failed: Too Many Requests), retrying in 2030ms...",cloudflare-workers,2026-03-10T14:15:46.848Z,false,"0,15,30,45 * * * *",1773152143000,job-hunter-bot,exceededCpu,cron,a7fd90f8-dd89-49cd-a89f-9d1613cd7b9c,stateless,P1724ES2PSGYWHZ5,01KKC1N7F6QXTJ0DJBBSZZK8WH,P1724ES2PSGYWHZ5,"0,15,30,45 * * * *",job-hunter-bot,"[WARN] [Retry] Attempt 3/4 failed (Queue sendBatch failed: Too Many Requests), retrying in 2030ms...",346e138aae29f6b381c1ebae50734856,cf-worker,9652c0eabd8fbe010167fd7787852081,cron,"[WARN] [Retry] Attempt <*>/4 failed (Queue sendBatch failed: Too Many Requests), retrying in <*>...",undefined,undefined,undefined,[]
"[WARN] [Retry] Attempt 2/4 failed (Queue sendBatch failed: Too Many Requests), retrying in 1095ms...",cloudflare-workers,2026-03-10T14:15:45.740Z,false,"0,15,30,45 * * * *",1773152143000,job-hunter-bot,exceededCpu,cron,a7fd90f8-dd89-49cd-a89f-9d1613cd7b9c,stateless,P1724ES2PSGYWHZ5,01KKC1N7F6QXTJ0DJBBSZZK8WG,P1724ES2PSGYWHZ5,"0,15,30,45 * * * *",job-hunter-bot,"[WARN] [Retry] Attempt 2/4 failed (Queue sendBatch failed: Too Many Requests), retrying in 1095ms...",346e138aae29f6b381c1ebae50734856,cf-worker,9652c0eabd8fbe010167fd7787852081,cron,"[WARN] [Retry] Attempt <*>/4 failed (Queue sendBatch failed: Too Many Requests), retrying in <*>...",undefined,undefined,undefined,[]
"[WARN] [Retry] Attempt 1/4 failed (Queue sendBatch failed: Too Many Requests), retrying in 582ms...",cloudflare-workers,2026-03-10T14:15:45.149Z,false,"0,15,30,45 * * * *",1773152143000,job-hunter-bot,exceededCpu,cron,a7fd90f8-dd89-49cd-a89f-9d1613cd7b9c,stateless,P1724ES2PSGYWHZ5,01KKC1N7F6QXTJ0DJBBSZZK8WF,P1724ES2PSGYWHZ5,"0,15,30,45 * * * *",job-hunter-bot,"[WARN] [Retry] Attempt 1/4 failed (Queue sendBatch failed: Too Many Requests), retrying in 582ms...",346e138aae29f6b381c1ebae50734856,cf-worker,9652c0eabd8fbe010167fd7787852081,cron,"[WARN] [Retry] Attempt <*>/4 failed (Queue sendBatch failed: Too Many Requests), retrying in <*>...",undefined,undefined,undefined,[]
[INFO] [Producer] Broadcasting 179 sources to FEED_QUEUE...,cloudflare-workers,2026-03-10T14:15:45.132Z,false,"0,15,30,45 * * * *",1773152143000,job-hunter-bot,exceededCpu,cron,a7fd90f8-dd89-49cd-a89f-9d1613cd7b9c,stateless,P1724ES2PSGYWHZ5,01KKC1N7F6QXTJ0DJBBSZZK8WE,P1724ES2PSGYWHZ5,"0,15,30,45 * * * *",job-hunter-bot,[INFO] [Producer] Broadcasting 179 sources to FEED_QUEUE...,346e138aae29f6b381c1ebae50734856,cf-worker,9652c0eabd8fbe010167fd7787852081,cron,[INFO] [Producer] Broadcasting 179 sources to FEED_QUEUE...,undefined,undefined,undefined,[]
[INFO] [Producer] Intelligence: 179 sources selected (87 config + 92 registry),cloudflare-workers,2026-03-10T14:15:45.132Z,false,"0,15,30,45 * * * *",1773152143000,job-hunter-bot,exceededCpu,cron,a7fd90f8-dd89-49cd-a89f-9d1613cd7b9c,stateless,P1724ES2PSGYWHZ5,01KKC1N7F6QXTJ0DJBBSZZK8WD,P1724ES2PSGYWHZ5,"0,15,30,45 * * * *",job-hunter-bot,[INFO] [Producer] Intelligence: 179 sources selected (87 config + 92 registry),346e138aae29f6b381c1ebae50734856,cf-worker,9652c0eabd8fbe010167fd7787852081,cron,[INFO] [Producer] Intelligence: 179 sources selected (87 config + 92 registry),undefined,undefined,undefined,[]
[INFO] [Producer] Cron cycle #846 fired.,cloudflare-workers,2026-03-10T14:15:43.977Z,false,"0,15,30,45 * * * *",1773152143000,job-hunter-bot,exceededCpu,cron,a7fd90f8-dd89-49cd-a89f-9d1613cd7b9c,stateless,P1724ES2PSGYWHZ5,01KKC1N7F6QXTJ0DJBBSZZK8WC,P1724ES2PSGYWHZ5,"0,15,30,45 * * * *",job-hunter-bot,[INFO] [Producer] Cron cycle #846 fired.,346e138aae29f6b381c1ebae50734856,cf-worker,9652c0eabd8fbe010167fd7787852081,cron,[INFO] [Producer] Cron cycle #846 fired.,undefined,undefined,undefined,[]
[INFO] [Connectors] Running rss connector on 5 sources,cloudflare-workers,2026-03-10T14:00:51.223Z,false,"0,15,30,45 * * * *",1773151243000,job-hunter-bot,exceededCpu,cron,a7fd90f8-dd89-49cd-a89f-9d1613cd7b9c,stateless,81QIT0R9ZUXEWX0H,01KKC0STRQ2TD0NW0JRFTZR417,81QIT0R9ZUXEWX0H,"0,15,30,45 * * * *",job-hunter-bot,[INFO] [Connectors] Running rss connector on 5 sources,346e138aae29f6b381c1ebae50734856,cf-worker,9652c0eabd8fbe010167fd7787852081,cron,[INFO] [Connectors] Running rss connector on 5 sources,undefined,undefined,undefined,[]
[INFO] [Producer] Direct mode: processing 87 sources inline...,cloudflare-workers,2026-03-10T14:00:50.214Z,false,"0,15,30,45 * * * *",1773151243000,job-hunter-bot,exceededCpu,cron,a7fd90f8-dd89-49cd-a89f-9d1613cd7b9c,stateless,81QIT0R9ZUXEWX0H,01KKC0SSS66M4NDE08NBNGFPWN,81QIT0R9ZUXEWX0H,"0,15,30,45 * * * *",job-hunter-bot,[INFO] [Producer] Direct mode: processing 87 sources inline...,346e138aae29f6b381c1ebae50734856,cf-worker,9652c0eabd8fbe010167fd7787852081,cron,[INFO] [Producer] Direct mode: processing 87 sources inline...,undefined,undefined,undefined,[]
"[WARN] [Retry] Attempt 3/4 failed (Queue sendBatch failed: Too Many Requests), retrying in 2037ms...",cloudflare-workers,2026-03-10T14:00:48.160Z,false,"0,15,30,45 * * * *",1773151243000,job-hunter-bot,exceededCpu,cron,a7fd90f8-dd89-49cd-a89f-9d1613cd7b9c,stateless,81QIT0R9ZUXEWX0H,01KKC0SQS0T67M1VWFCVAEWFB4,81QIT0R9ZUXEWX0H,"0,15,30,45 * * * *",job-hunter-bot,"[WARN] [Retry] Attempt 3/4 failed (Queue sendBatch failed: Too Many Requests), retrying in 2037ms...",346e138aae29f6b381c1ebae50734856,cf-worker,9652c0eabd8fbe010167fd7787852081,cron,"[WARN] [Retry] Attempt <*>/4 failed (Queue sendBatch failed: Too Many Requests), retrying in <*>...",undefined,undefined,undefined,[]
"[WARN] [Retry] Attempt 2/4 failed (Queue sendBatch failed: Too Many Requests), retrying in 1005ms...",cloudflare-workers,2026-03-10T14:00:47.145Z,false,"0,15,30,45 * * * *",1773151243000,job-hunter-bot,exceededCpu,cron,a7fd90f8-dd89-49cd-a89f-9d1613cd7b9c,stateless,81QIT0R9ZUXEWX0H,01KKC0SPS9CTM4D4PR2EXW1TN0,81QIT0R9ZUXEWX0H,"0,15,30,45 * * * *",job-hunter-bot,"[WARN] [Retry] Attempt 2/4 failed (Queue sendBatch failed: Too Many Requests), retrying in 1005ms...",346e138aae29f6b381c1ebae50734856,cf-worker,9652c0eabd8fbe010167fd7787852081,cron,"[WARN] [Retry] Attempt <*>/4 failed (Queue sendBatch failed: Too Many Requests), retrying in <*>...",undefined,undefined,undefined,[]
"[WARN] [Retry] Attempt 1/4 failed (Queue sendBatch failed: Too Many Requests), retrying in 579ms...",cloudflare-workers,2026-03-10T14:00:46.555Z,false,"0,15,30,45 * * * *",1773151243000,job-hunter-bot,exceededCpu,cron,a7fd90f8-dd89-49cd-a89f-9d1613cd7b9c,stateless,81QIT0R9ZUXEWX0H,01KKC0SP6VC5BTYJ75JW6N2XVW,81QIT0R9ZUXEWX0H,"0,15,30,45 * * * *",job-hunter-bot,"[WARN] [Retry] Attempt 1/4 failed (Queue sendBatch failed: Too Many Requests), retrying in 579ms...",346e138aae29f6b381c1ebae50734856,cf-worker,9652c0eabd8fbe010167fd7787852081,cron,"[WARN] [Retry] Attempt <*>/4 failed (Queue sendBatch failed: Too Many Requests), retrying in <*>...",undefined,undefined,undefined,[]
[INFO] [Producer] Broadcasting 87 sources to FEED_QUEUE...,cloudflare-workers,2026-03-10T14:00:46.537Z,false,"0,15,30,45 * * * *",1773151243000,job-hunter-bot,exceededCpu,cron,a7fd90f8-dd89-49cd-a89f-9d1613cd7b9c,stateless,81QIT0R9ZUXEWX0H,01KKC0SP69F9FG34ESQK4V4E74,81QIT0R9ZUXEWX0H,"0,15,30,45 * * * *",job-hunter-bot,[INFO] [Producer] Broadcasting 87 sources to FEED_QUEUE...,346e138aae29f6b381c1ebae50734856,cf-worker,9652c0eabd8fbe010167fd7787852081,cron,[INFO] [Producer] Broadcasting 87 sources to FEED_QUEUE...,undefined,undefined,undefined,[]
[INFO] [Producer] Intelligence: 87 sources selected (87 config + 0 registry),cloudflare-workers,2026-03-10T14:00:46.537Z,false,"0,15,30,45 * * * *",1773151243000,job-hunter-bot,exceededCpu,cron,a7fd90f8-dd89-49cd-a89f-9d1613cd7b9c,stateless,81QIT0R9ZUXEWX0H,01KKC0SP69F9FG34ESQK4V4E73,81QIT0R9ZUXEWX0H,"0,15,30,45 * * * *",job-hunter-bot,[INFO] [Producer] Intelligence: 87 sources selected (87 config + 0 registry),346e138aae29f6b381c1ebae50734856,cf-worker,9652c0eabd8fbe010167fd7787852081,cron,[INFO] [Producer] Intelligence: 87 sources selected (87 config + 0 registry),undefined,undefined,undefined,[]
[INFO] [Producer] Cron cycle #845 fired.,cloudflare-workers,2026-03-10T14:00:45.435Z,false,"0,15,30,45 * * * *",1773151243000,job-hunter-bot,exceededCpu,cron,a7fd90f8-dd89-49cd-a89f-9d1613cd7b9c,stateless,81QIT0R9ZUXEWX0H,01KKC0SN3VX6PQS4BH07DSTMDJ,81QIT0R9ZUXEWX0H,"0,15,30,45 * * * *",job-hunter-bot,[INFO] [Producer] Cron cycle #845 fired.,346e138aae29f6b381c1ebae50734856,cf-worker,9652c0eabd8fbe010167fd7787852081,cron,[INFO] [Producer] Cron cycle #845 fired.,undefined,undefined,undefined,[]
[INFO] [Connectors] Running rss connector on 5 sources,cloudflare-workers,2026-03-10T13:45:49.986Z,false,"0,15,30,45 * * * *",1773150343000,job-hunter-bot,exceededCpu,cron,a7fd90f8-dd89-49cd-a89f-9d1613cd7b9c,stateless,5RDUOPKXRVACXPUN,01KKBZYAN20E56TV3F6GEGAJET,5RDUOPKXRVACXPUN,"0,15,30,45 * * * *",job-hunter-bot,[INFO] [Connectors] Running rss connector on 5 sources,346e138aae29f6b381c1ebae50734856,cf-worker,9652c0eabd8fbe010167fd7787852081,cron,[INFO] [Connectors] Running rss connector on 5 sources,undefined,undefined,undefined,[]
[INFO] [Producer] Direct mode: processing 87 sources inline...,cloudflare-workers,2026-03-10T13:45:48.946Z,false,"0,15,30,45 * * * *",1773150343000,job-hunter-bot,exceededCpu,cron,a7fd90f8-dd89-49cd-a89f-9d1613cd7b9c,stateless,5RDUOPKXRVACXPUN,01KKBZY9MJFVHDHVQT9QB5X86D,5RDUOPKXRVACXPUN,"0,15,30,45 * * * *",job-hunter-bot,[INFO] [Producer] Direct mode: processing 87 sources inline...,346e138aae29f6b381c1ebae50734856,cf-worker,9652c0eabd8fbe010167fd7787852081,cron,[INFO] [Producer] Direct mode: processing 87 sources inline...,undefined,undefined,undefined,[]
"[WARN] [Retry] Attempt 3/4 failed (Queue sendBatch failed: Too Many Requests), retrying in 2048ms...",cloudflare-workers,2026-03-10T13:45:46.886Z,false,"0,15,30,45 * * * *",1773150343000,job-hunter-bot,exceededCpu,cron,a7fd90f8-dd89-49cd-a89f-9d1613cd7b9c,stateless,5RDUOPKXRVACXPUN,01KKBZY7M6ESVGT5WWTMQB1E7D,5RDUOPKXRVACXPUN,"0,15,30,45 * * * *",job-hunter-bot,"[WARN] [Retry] Attempt 3/4 failed (Queue sendBatch failed: Too Many Requests), retrying in 2048ms...",346e138aae29f6b381c1ebae50734856,cf-worker,9652c0eabd8fbe010167fd7787852081,cron,"[WARN] [Retry] Attempt <*>/4 failed (Queue sendBatch failed: Too Many Requests), retrying in <*>...",undefined,undefined,undefined,[]
"[WARN] [Retry] Attempt 2/4 failed (Queue sendBatch failed: Too Many Requests), retrying in 1089ms...",cloudflare-workers,2026-03-10T13:45:45.789Z,false,"0,15,30,45 * * * *",1773150343000,job-hunter-bot,exceededCpu,cron,a7fd90f8-dd89-49cd-a89f-9d1613cd7b9c,stateless,5RDUOPKXRVACXPUN,01KKBZY7HVY2WE8AMKAH2ZDDM6,5RDUOPKXRVACXPUN,"0,15,30,45 * * * *",job-hunter-bot,"[WARN] [Retry] Attempt 2/4 failed (Queue sendBatch failed: Too Many Requests), retrying in 1089ms...",346e138aae29f6b381c1ebae50734856,cf-worker,9652c0eabd8fbe010167fd7787852081,cron,"[WARN] [Retry] Attempt <*>/4 failed (Queue sendBatch failed: Too Many Requests), retrying in <*>...",undefined,undefined,undefined,[]
"[WARN] [Retry] Attempt 1/4 failed (Queue sendBatch failed: Too Many Requests), retrying in 506ms...",cloudflare-workers,2026-03-10T13:45:45.268Z,false,"0,15,30,45 * * * *",1773150343000,job-hunter-bot,exceededCpu,cron,a7fd90f8-dd89-49cd-a89f-9d1613cd7b9c,stateless,5RDUOPKXRVACXPUN,01KKBZY7HVY2WE8AMKAH2ZDDM5,5RDUOPKXRVACXPUN,"0,15,30,45 * * * *",job-hunter-bot,"[WARN] [Retry] Attempt 1/4 failed (Queue sendBatch failed: Too Many Requests), retrying in 506ms...",346e138aae29f6b381c1ebae50734856,cf-worker,9652c0eabd8fbe010167fd7787852081,cron,"[WARN] [Retry] Attempt <*>/4 failed (Queue sendBatch failed: Too Many Requests), retrying in <*>...",undefined,undefined,undefined,[]
[INFO] [Producer] Broadcasting 87 sources to FEED_QUEUE...,cloudflare-workers,2026-03-10T13:45:45.243Z,false,"0,15,30,45 * * * *",1773150343000,job-hunter-bot,exceededCpu,cron,a7fd90f8-dd89-49cd-a89f-9d1613cd7b9c,stateless,5RDUOPKXRVACXPUN,01KKBZY7HVY2WE8AMKAH2ZDDM4,5RDUOPKXRVACXPUN,"0,15,30,45 * * * *",job-hunter-bot,[INFO] [Producer] Broadcasting 87 sources to FEED_QUEUE...,346e138aae29f6b381c1ebae50734856,cf-worker,9652c0eabd8fbe010167fd7787852081,cron,[INFO] [Producer] Broadcasting 87 sources to FEED_QUEUE...,undefined,undefined,undefined,[]
[INFO] [Producer] Intelligence: 87 sources selected (87 config + 0 registry),cloudflare-workers,2026-03-10T13:45:45.243Z,false,"0,15,30,45 * * * *",1773150343000,job-hunter-bot,exceededCpu,cron,a7fd90f8-dd89-49cd-a89f-9d1613cd7b9c,stateless,5RDUOPKXRVACXPUN,01KKBZY7HVY2WE8AMKAH2ZDDM3,5RDUOPKXRVACXPUN,"0,15,30,45 * * * *",job-hunter-bot,[INFO] [Producer] Intelligence: 87 sources selected (87 config + 0 registry),346e138aae29f6b381c1ebae50734856,cf-worker,9652c0eabd8fbe010167fd7787852081,cron,[INFO] [Producer] Intelligence: 87 sources selected (87 config + 0 registry),undefined,undefined,undefined,[]
[INFO] [Producer] Cron cycle #844 fired.,cloudflare-workers,2026-03-10T13:45:44.226Z,false,"0,15,30,45 * * * *",1773150343000,job-hunter-bot,exceededCpu,cron,a7fd90f8-dd89-49cd-a89f-9d1613cd7b9c,stateless,5RDUOPKXRVACXPUN,01KKBZY7HVY2WE8AMKAH2ZDDM2,5RDUOPKXRVACXPUN,"0,15,30,45 * * * *",job-hunter-bot,[INFO] [Producer] Cron cycle #844 fired.,346e138aae29f6b381c1ebae50734856,cf-worker,9652c0eabd8fbe010167fd7787852081,cron,[INFO] [Producer] Cron cycle #844 fired.,undefined,undefined,undefined,[]
[INFO] [Connectors] Running rss connector on 5 sources,cloudflare-workers,2026-03-10T13:30:51.128Z,false,"0,15,30,45 * * * *",1773149443000,job-hunter-bot,exceededCpu,cron,a7fd90f8-dd89-49cd-a89f-9d1613cd7b9c,stateless,RI03D9OBH0FRF3KF,01KKBZ2WVRDX1GH8QNSDQXP6JP,RI03D9OBH0FRF3KF,"0,15,30,45 * * * *",job-hunter-bot,[INFO] [Connectors] Running rss connector on 5 sources,346e138aae29f6b381c1ebae50734856,cf-worker,9652c0eabd8fbe010167fd7787852081,cron,[INFO] [Connectors] Running rss connector on 5 sources,undefined,undefined,undefined,[]
[INFO] [Producer] Direct mode: processing 179 sources inline...,cloudflare-workers,2026-03-10T13:30:50.041Z,false,"0,15,30,45 * * * *",1773149443000,job-hunter-bot,exceededCpu,cron,a7fd90f8-dd89-49cd-a89f-9d1613cd7b9c,stateless,RI03D9OBH0FRF3KF,01KKBZ2W2JBJTC4N40B6VB3ETG,RI03D9OBH0FRF3KF,"0,15,30,45 * * * *",job-hunter-bot,[INFO] [Producer] Direct mode: processing 179 sources inline...,346e138aae29f6b381c1ebae50734856,cf-worker,9652c0eabd8fbe010167fd7787852081,cron,[INFO] [Producer] Direct mode: processing 179 sources inline...,undefined,undefined,undefined,[]
"[WARN] [Retry] Attempt 3/4 failed (Queue sendBatch failed: Too Many Requests), retrying in 2080ms...",cloudflare-workers,2026-03-10T13:30:47.950Z,false,"0,15,30,45 * * * *",1773149443000,job-hunter-bot,exceededCpu,cron,a7fd90f8-dd89-49cd-a89f-9d1613cd7b9c,stateless,RI03D9OBH0FRF3KF,01KKBZ2W2JBJTC4N40B6VB3ETE,RI03D9OBH0FRF3KF,"0,15,30,45 * * * *",job-hunter-bot,"[WARN] [Retry] Attempt 3/4 failed (Queue sendBatch failed: Too Many Requests), retrying in 2080ms...",346e138aae29f6b381c1ebae50734856,cf-worker,9652c0eabd8fbe010167fd7787852081,cron,"[WARN] [Retry] Attempt <*>/4 failed (Queue sendBatch failed: Too Many Requests), retrying in <*>...",undefined,undefined,undefined,[]
"[WARN] [Retry] Attempt 2/4 failed (Queue sendBatch failed: Too Many Requests), retrying in 1040ms...",cloudflare-workers,2026-03-10T13:30:46.900Z,false,"0,15,30,45 * * * *",1773149443000,job-hunter-bot,exceededCpu,cron,a7fd90f8-dd89-49cd-a89f-9d1613cd7b9c,stateless,RI03D9OBH0FRF3KF,01KKBZ2W2JBJTC4N40B6VB3ETD,RI03D9OBH0FRF3KF,"0,15,30,45 * * * *",job-hunter-bot,"[WARN] [Retry] Attempt 2/4 failed (Queue sendBatch failed: Too Many Requests), retrying in 1040ms...",346e138aae29f6b381c1ebae50734856,cf-worker,9652c0eabd8fbe010167fd7787852081,cron,"[WARN] [Retry] Attempt <*>/4 failed (Queue sendBatch failed: Too Many Requests), retrying in <*>...",undefined,undefined,undefined,[]
"[WARN] [Retry] Attempt 1/4 failed (Queue sendBatch failed: Too Many Requests), retrying in 537ms...",cloudflare-workers,2026-03-10T13:30:46.341Z,false,"0,15,30,45 * * * *",1773149443000,job-hunter-bot,exceededCpu,cron,a7fd90f8-dd89-49cd-a89f-9d1613cd7b9c,stateless,RI03D9OBH0FRF3KF,01KKBZ2W2JBJTC4N40B6VB3ETC,RI03D9OBH0FRF3KF,"0,15,30,45 * * * *",job-hunter-bot,"[WARN] [Retry] Attempt 1/4 failed (Queue sendBatch failed: Too Many Requests), retrying in 537ms...",346e138aae29f6b381c1ebae50734856,cf-worker,9652c0eabd8fbe010167fd7787852081,cron,"[WARN] [Retry] Attempt <*>/4 failed (Queue sendBatch failed: Too Many Requests), retrying in <*>...",undefined,undefined,undefined,[]
[INFO] [Producer] Broadcasting 179 sources to FEED_QUEUE...,cloudflare-workers,2026-03-10T13:30:46.328Z,false,"0,15,30,45 * * * *",1773149443000,job-hunter-bot,exceededCpu,cron,a7fd90f8-dd89-49cd-a89f-9d1613cd7b9c,stateless,RI03D9OBH0FRF3KF,01KKBZ2W2JBJTC4N40B6VB3ETB,RI03D9OBH0FRF3KF,"0,15,30,45 * * * *",job-hunter-bot,[INFO] [Producer] Broadcasting 179 sources to FEED_QUEUE...,346e138aae29f6b381c1ebae50734856,cf-worker,9652c0eabd8fbe010167fd7787852081,cron,[INFO] [Producer] Broadcasting 179 sources to FEED_QUEUE...,undefined,undefined,undefined,[]
[INFO] [Producer] Intelligence: 179 sources selected (87 config + 92 registry),cloudflare-workers,2026-03-10T13:30:46.328Z,false,"0,15,30,45 * * * *",1773149443000,job-hunter-bot,exceededCpu,cron,a7fd90f8-dd89-49cd-a89f-9d1613cd7b9c,stateless,RI03D9OBH0FRF3KF,01KKBZ2W2JBJTC4N40B6VB3ETA,RI03D9OBH0FRF3KF,"0,15,30,45 * * * *",job-hunter-bot,[INFO] [Producer] Intelligence: 179 sources selected (87 config + 92 registry),346e138aae29f6b381c1ebae50734856,cf-worker,9652c0eabd8fbe010167fd7787852081,cron,[INFO] [Producer] Intelligence: 179 sources selected (87 config + 92 registry),undefined,undefined,undefined,[]
[INFO] [Producer] Cron cycle #843 fired.,cloudflare-workers,2026-03-10T13:30:45.329Z,false,"0,15,30,45 * * * *",1773149443000,job-hunter-bot,exceededCpu,cron,a7fd90f8-dd89-49cd-a89f-9d1613cd7b9c,stateless,RI03D9OBH0FRF3KF,01KKBZ2W2JBJTC4N40B6VB3ET9,RI03D9OBH0FRF3KF,"0,15,30,45 * * * *",job-hunter-bot,[INFO] [Producer] Cron cycle #843 fired.,346e138aae29f6b381c1ebae50734856,cf-worker,9652c0eabd8fbe010167fd7787852081,cron,[INFO] [Producer] Cron cycle #843 fired.,undefined,undefined,undefined,[]
[INFO] [Greenhouse] Vercel: 80 jobs fetched,cloudflare-workers,2026-03-10T13:16:07.478Z,false,"0,15,30,45 * * * *",1773148543000,job-hunter-bot,exceededCpu,cron,a7fd90f8-dd89-49cd-a89f-9d1613cd7b9c,stateless,K0LESVO95TJ8WFG2,01KKBY80N9KMP05BA4K8QDDZX6,K0LESVO95TJ8WFG2,"0,15,30,45 * * * *",job-hunter-bot,[INFO] [Greenhouse] Vercel: 80 jobs fetched,346e138aae29f6b381c1ebae50734856,cf-worker,9652c0eabd8fbe010167fd7787852081,cron,[INFO] [Greenhouse] <*>: <*> jobs fetched,undefined,undefined,undefined,[]
[INFO] [Connectors] Running greenhouse connector on 2 sources,cloudflare-workers,2026-03-10T13:16:07.415Z,false,"0,15,30,45 * * * *",1773148543000,job-hunter-bot,exceededCpu,cron,a7fd90f8-dd89-49cd-a89f-9d1613cd7b9c,stateless,K0LESVO95TJ8WFG2,01KKBY80N9KMP05BA4K8QDDZX5,K0LESVO95TJ8WFG2,"0,15,30,45 * * * *",job-hunter-bot,[INFO] [Connectors] Running greenhouse connector on 2 sources,346e138aae29f6b381c1ebae50734856,cf-worker,9652c0eabd8fbe010167fd7787852081,cron,[INFO] [Connectors] Running <*> connector on <*> sources,undefined,undefined,undefined,[]
[WARN] [Circuit] Skipping https://boards-api.greenhouse.io/v1/boards/notion/jobs — circuit is OPEN,cloudflare-workers,2026-03-10T13:16:07.200Z,false,"0,15,30,45 * * * *",1773148543000,job-hunter-bot,exceededCpu,cron,a7fd90f8-dd89-49cd-a89f-9d1613cd7b9c,stateless,K0LESVO95TJ8WFG2,01KKBY80N9KMP05BA4K8QDDZX4,K0LESVO95TJ8WFG2,"0,15,30,45 * * * *",job-hunter-bot,[WARN] [Circuit] Skipping https://boards-api.greenhouse.io/v1/boards/notion/jobs — circuit is OPEN,346e138aae29f6b381c1ebae50734856,cf-worker,9652c0eabd8fbe010167fd7787852081,cron,[WARN] [Circuit] Skipping https://boards-api.greenhouse.io/v1/boards/<*>/jobs — circuit is OPEN,undefined,undefined,undefined,[]
[WARN] [Circuit] Skipping https://boards-api.greenhouse.io/v1/boards/linear/jobs — circuit is OPEN,cloudflare-workers,2026-03-10T13:16:06.967Z,false,"0,15,30,45 * * * *",1773148543000,job-hunter-bot,exceededCpu,cron,a7fd90f8-dd89-49cd-a89f-9d1613cd7b9c,stateless,K0LESVO95TJ8WFG2,01KKBY80N9KMP05BA4K8QDDZX3,K0LESVO95TJ8WFG2,"0,15,30,45 * * * *",job-hunter-bot,[WARN] [Circuit] Skipping https://boards-api.greenhouse.io/v1/boards/linear/jobs — circuit is OPEN,346e138aae29f6b381c1ebae50734856,cf-worker,9652c0eabd8fbe010167fd7787852081,cron,[WARN] [Circuit] Skipping https://boards-api.greenhouse.io/v1/boards/<*>/jobs — circuit is OPEN,undefined,undefined,undefined,[]
[WARN] [Circuit] Skipping https://boards-api.greenhouse.io/v1/boards/supabase/jobs — circuit is OPEN,cloudflare-workers,2026-03-10T13:16:06.739Z,false,"0,15,30,45 * * * *",1773148543000,job-hunter-bot,exceededCpu,cron,a7fd90f8-dd89-49cd-a89f-9d1613cd7b9c,stateless,K0LESVO95TJ8WFG2,01KKBY80N9KMP05BA4K8QDDZX2,K0LESVO95TJ8WFG2,"0,15,30,45 * * * *",job-hunter-bot,[WARN] [Circuit] Skipping https://boards-api.greenhouse.io/v1/boards/supabase/jobs — circuit is OPEN,346e138aae29f6b381c1ebae50734856,cf-worker,9652c0eabd8fbe010167fd7787852081,cron,[WARN] [Circuit] Skipping https://boards-api.greenhouse.io/v1/boards/<*>/jobs — circuit is OPEN,undefined,undefined,undefined,[]
[INFO] [Connectors] Harvest complete | Sources: 4 (greenhouse:4) | Jobs: 840 | Errors: 0,cloudflare-workers,2026-03-10T13:16:05.812Z,false,"0,15,30,45 * * * *",1773148543000,job-hunter-bot,exceededCpu,cron,a7fd90f8-dd89-49cd-a89f-9d1613cd7b9c,stateless,K0LESVO95TJ8WFG2,01KKBY80N9KMP05BA4K8QDDZX1,K0LESVO95TJ8WFG2,"0,15,30,45 * * * *",job-hunter-bot,[INFO] [Connectors] Harvest complete | Sources: 4 (greenhouse:4) | Jobs: 840 | Errors: 0,346e138aae29f6b381c1ebae50734856,cf-worker,9652c0eabd8fbe010167fd7787852081,cron,[INFO] [Connectors] Harvest complete | Sources: <*> (<*>) | Jobs: <*> | Errors: 0,undefined,undefined,undefined,[]
[INFO] [Greenhouse] Figma: 171 jobs fetched,cloudflare-workers,2026-03-10T13:16:05.812Z,false,"0,15,30,45 * * * *",1773148543000,job-hunter-bot,exceededCpu,cron,a7fd90f8-dd89-49cd-a89f-9d1613cd7b9c,stateless,K0LESVO95TJ8WFG2,01KKBY80N9KMP05BA4K8QDDZX0,K0LESVO95TJ8WFG2,"0,15,30,45 * * * *",job-hunter-bot,[INFO] [Greenhouse] Figma: 171 jobs fetched,346e138aae29f6b381c1ebae50734856,cf-worker,9652c0eabd8fbe010167fd7787852081,cron,[INFO] [Greenhouse] <*>: <*> jobs fetched,undefined,undefined,undefined,[]
[INFO] [Greenhouse] Cloudflare: 585 jobs fetched,cloudflare-workers,2026-03-10T13:16:05.666Z,false,"0,15,30,45 * * * *",1773148543000,job-hunter-bot,exceededCpu,cron,a7fd90f8-dd89-49cd-a89f-9d1613cd7b9c,stateless,K0LESVO95TJ8WFG2,01KKBY80N9KMP05BA4K8QDDZWZ,K0LESVO95TJ8WFG2,"0,15,30,45 * * * *",job-hunter-bot,[INFO] [Greenhouse] Cloudflare: 585 jobs fetched,346e138aae29f6b381c1ebae50734856,cf-worker,9652c0eabd8fbe010167fd7787852081,cron,[INFO] [Greenhouse] <*>: <*> jobs fetched,undefined,undefined,undefined,[]
[INFO] [Greenhouse] Netlify: 2 jobs fetched,cloudflare-workers,2026-03-10T13:16:05.456Z,false,"0,15,30,45 * * * *",1773148543000,job-hunter-bot,exceededCpu,cron,a7fd90f8-dd89-49cd-a89f-9d1613cd7b9c,stateless,K0LESVO95TJ8WFG2,01KKBY80N9KMP05BA4K8QDDZWY,K0LESVO95TJ8WFG2,"0,15,30,45 * * * *",job-hunter-bot,[INFO] [Greenhouse] Netlify: 2 jobs fetched,346e138aae29f6b381c1ebae50734856,cf-worker,9652c0eabd8fbe010167fd7787852081,cron,[INFO] [Greenhouse] <*>: <*> jobs fetched,undefined,undefined,undefined,[]
[INFO] [Greenhouse] Discord: 82 jobs fetched,cloudflare-workers,2026-03-10T13:16:03.753Z,false,"0,15,30,45 * * * *",1773148543000,job-hunter-bot,exceededCpu,cron,a7fd90f8-dd89-49cd-a89f-9d1613cd7b9c,stateless,K0LESVO95TJ8WFG2,01KKBY80N9KMP05BA4K8QDDZWX,K0LESVO95TJ8WFG2,"0,15,30,45 * * * *",job-hunter-bot,[INFO] [Greenhouse] Discord: 82 jobs fetched,346e138aae29f6b381c1ebae50734856,cf-worker,9652c0eabd8fbe010167fd7787852081,cron,[INFO] [Greenhouse] <*>: <*> jobs fetched,undefined,undefined,undefined,[]
[INFO] [Connectors] Running greenhouse connector on 4 sources,cloudflare-workers,2026-03-10T13:16:03.411Z,false,"0,15,30,45 * * * *",1773148543000,job-hunter-bot,exceededCpu,cron,a7fd90f8-dd89-49cd-a89f-9d1613cd7b9c,stateless,K0LESVO95TJ8WFG2,01KKBY80N9KMP05BA4K8QDDZWW,K0LESVO95TJ8WFG2,"0,15,30,45 * * * *",job-hunter-bot,[INFO] [Connectors] Running greenhouse connector on 4 sources,346e138aae29f6b381c1ebae50734856,cf-worker,9652c0eabd8fbe010167fd7787852081,cron,[INFO] [Connectors] Running <*> connector on <*> sources,undefined,undefined,undefined,[]
[INFO] [Fetcher] Harvest complete. Inserted 0 new jobs (0 dupes filtered).,cloudflare-workers,2026-03-10T13:16:02.834Z,false,"0,15,30,45 * * * *",1773148543000,job-hunter-bot,exceededCpu,cron,a7fd90f8-dd89-49cd-a89f-9d1613cd7b9c,stateless,K0LESVO95TJ8WFG2,01KKBY80N9KMP05BA4K8QDDZWV,K0LESVO95TJ8WFG2,"0,15,30,45 * * * *",job-hunter-bot,[INFO] [Fetcher] Harvest complete. Inserted 0 new jobs (0 dupes filtered).,346e138aae29f6b381c1ebae50734856,cf-worker,9652c0eabd8fbe010167fd7787852081,cron,[INFO] [Fetcher] Harvest complete. Inserted <*> new jobs (0 dupes filtered).,undefined,undefined,undefined,[]
[INFO] [Fetcher] Batch recorded 5 source yields,cloudflare-workers,2026-03-10T13:16:02.834Z,false,"0,15,30,45 * * * *",1773148543000,job-hunter-bot,exceededCpu,cron,a7fd90f8-dd89-49cd-a89f-9d1613cd7b9c,stateless,K0LESVO95TJ8WFG2,01KKBY80N9KMP05BA4K8QDDZWT,K0LESVO95TJ8WFG2,"0,15,30,45 * * * *",job-hunter-bot,[INFO] [Fetcher] Batch recorded 5 source yields,346e138aae29f6b381c1ebae50734856,cf-worker,9652c0eabd8fbe010167fd7787852081,cron,[INFO] [Fetcher] Batch recorded 5 source yields,undefined,undefined,undefined,[]
[WARN] [Circuit] Skipping https://boards-api.greenhouse.io/v1/boards/hashicorp/jobs — circuit is OPEN,cloudflare-workers,2026-03-10T13:16:02.600Z,false,"0,15,30,45 * * * *",1773148543000,job-hunter-bot,exceededCpu,cron,a7fd90f8-dd89-49cd-a89f-9d1613cd7b9c,stateless,K0LESVO95TJ8WFG2,01KKBY80N9KMP05BA4K8QDDZWS,K0LESVO95TJ8WFG2,"0,15,30,45 * * * *",job-hunter-bot,[WARN] [Circuit] Skipping https://boards-api.greenhouse.io/v1/boards/hashicorp/jobs — circuit is OPEN,346e138aae29f6b381c1ebae50734856,cf-worker,9652c0eabd8fbe010167fd7787852081,cron,[WARN] [Circuit] Skipping https://boards-api.greenhouse.io/v1/boards/hashicorp/jobs — circuit is OPEN,undefined,undefined,undefined,[]
[INFO] [Connectors] Harvest complete | Sources: 5 (rss:5) | Jobs: 0 | Errors: 0,cloudflare-workers,2026-03-10T13:16:01.988Z,false,"0,15,30,45 * * * *",1773148543000,job-hunter-bot,exceededCpu,cron,a7fd90f8-dd89-49cd-a89f-9d1613cd7b9c,stateless,K0LESVO95TJ8WFG2,01KKBY80N9KMP05BA4K8QDDZWR,K0LESVO95TJ8WFG2,"0,15,30,45 * * * *",job-hunter-bot,[INFO] [Connectors] Harvest complete | Sources: 5 (rss:5) | Jobs: 0 | Errors: 0,346e138aae29f6b381c1ebae50734856,cf-worker,9652c0eabd8fbe010167fd7787852081,cron,[INFO] [Connectors] Harvest complete | Sources: 5 (rss:5) | Jobs: <*> | Errors: 0,undefined,undefined,undefined,[]
[INFO] [RSS] Cursor filtered 10 seen items from remoteworkhub — 0 new,cloudflare-workers,2026-03-10T13:16:01.988Z,false,"0,15,30,45 * * * *",1773148543000,job-hunter-bot,exceededCpu,cron,a7fd90f8-dd89-49cd-a89f-9d1613cd7b9c,stateless,K0LESVO95TJ8WFG2,01KKBY80N9KMP05BA4K8QDDZWQ,K0LESVO95TJ8WFG2,"0,15,30,45 * * * *",job-hunter-bot,[INFO] [RSS] Cursor filtered 10 seen items from remoteworkhub — 0 new,346e138aae29f6b381c1ebae50734856,cf-worker,9652c0eabd8fbe010167fd7787852081,cron,[INFO] [RSS] Cursor filtered <*> seen items from <*> — <*> new,undefined,undefined,undefined,[]
[INFO] [RSS] Cursor filtered 19 seen items from landing — 0 new,cloudflare-workers,2026-03-10T13:16:01.765Z,false,"0,15,30,45 * * * *",1773148543000,job-hunter-bot,exceededCpu,cron,a7fd90f8-dd89-49cd-a89f-9d1613cd7b9c,stateless,K0LESVO95TJ8WFG2,01KKBY80N9KMP05BA4K8QDDZWP,K0LESVO95TJ8WFG2,"0,15,30,45 * * * *",job-hunter-bot,[INFO] [RSS] Cursor filtered 19 seen items from landing — 0 new,346e138aae29f6b381c1ebae50734856,cf-worker,9652c0eabd8fbe010167fd7787852081,cron,[INFO] [RSS] Cursor filtered <*> seen items from <*> — <*> new,undefined,undefined,undefined,[]
[INFO] [RSS] Cursor filtered 100 seen items from cryptojobslist — 0 new,cloudflare-workers,2026-03-10T13:16:01.194Z,false,"0,15,30,45 * * * *",1773148543000,job-hunter-bot,exceededCpu,cron,a7fd90f8-dd89-49cd-a89f-9d1613cd7b9c,stateless,K0LESVO95TJ8WFG2,01KKBY80N9KMP05BA4K8QDDZWN,K0LESVO95TJ8WFG2,"0,15,30,45 * * * *",job-hunter-bot,[INFO] [RSS] Cursor filtered 100 seen items from cryptojobslist — 0 new,346e138aae29f6b381c1ebae50734856,cf-worker,9652c0eabd8fbe010167fd7787852081,cron,[INFO] [RSS] Cursor filtered <*> seen items from <*> — <*> new,undefined,undefined,undefined,[]
[INFO] [RSS] Cursor filtered 20 seen items from jobspresso — 0 new,cloudflare-workers,2026-03-10T13:16:01.123Z,false,"0,15,30,45 * * * *",1773148543000,job-hunter-bot,exceededCpu,cron,a7fd90f8-dd89-49cd-a89f-9d1613cd7b9c,stateless,K0LESVO95TJ8WFG2,01KKBY80N9KMP05BA4K8QDDZWM,K0LESVO95TJ8WFG2,"0,15,30,45 * * * *",job-hunter-bot,[INFO] [RSS] Cursor filtered 20 seen items from jobspresso — 0 new,346e138aae29f6b381c1ebae50734856,cf-worker,9652c0eabd8fbe010167fd7787852081,cron,[INFO] [RSS] Cursor filtered <*> seen items from <*> — <*> new,undefined,undefined,undefined,[]
[INFO] [RSS] Cursor filtered 75 seen items from cryptocurrencyjobs — 0 new,cloudflare-workers,2026-03-10T13:16:01.086Z,false,"0,15,30,45 * * * *",1773148543000,job-hunter-bot,exceededCpu,cron,a7fd90f8-dd89-49cd-a89f-9d1613cd7b9c,stateless,K0LESVO95TJ8WFG2,01KKBY80N9KMP05BA4K8QDDZWK,K0LESVO95TJ8WFG2,"0,15,30,45 * * * *",job-hunter-bot,[INFO] [RSS] Cursor filtered 75 seen items from cryptocurrencyjobs — 0 new,346e138aae29f6b381c1ebae50734856,cf-worker,9652c0eabd8fbe010167fd7787852081,cron,[INFO] [RSS] Cursor filtered <*> seen items from <*> — <*> new,undefined,undefined,undefined,[]
[INFO] [Connectors] Running rss connector on 5 sources,cloudflare-workers,2026-03-10T13:16:00.994Z,false,"0,15,30,45 * * * *",1773148543000,job-hunter-bot,exceededCpu,cron,a7fd90f8-dd89-49cd-a89f-9d1613cd7b9c,stateless,K0LESVO95TJ8WFG2,01KKBY80N9KMP05BA4K8QDDZWJ,K0LESVO95TJ8WFG2,"0,15,30,45 * * * *",job-hunter-bot,[INFO] [Connectors] Running rss connector on 5 sources,346e138aae29f6b381c1ebae50734856,cf-worker,9652c0eabd8fbe010167fd7787852081,cron,[INFO] [Connectors] Running <*> connector on <*> sources,undefined,undefined,undefined,[]
[INFO] [Fetcher] Harvest complete. Inserted 0 new jobs (0 dupes filtered).,cloudflare-workers,2026-03-10T13:16:00.402Z,false,"0,15,30,45 * * * *",1773148543000,job-hunter-bot,exceededCpu,cron,a7fd90f8-dd89-49cd-a89f-9d1613cd7b9c,stateless,K0LESVO95TJ8WFG2,01KKBY80N9KMP05BA4K8QDDZWH,K0LESVO95TJ8WFG2,"0,15,30,45 * * * *",job-hunter-bot,[INFO] [Fetcher] Harvest complete. Inserted 0 new jobs (0 dupes filtered).,346e138aae29f6b381c1ebae50734856,cf-worker,9652c0eabd8fbe010167fd7787852081,cron,[INFO] [Fetcher] Harvest complete. Inserted <*> new jobs (0 dupes filtered).,undefined,undefined,undefined,[]
[INFO] [Fetcher] Batch recorded 5 source yields,cloudflare-workers,2026-03-10T13:16:00.402Z,false,"0,15,30,45 * * * *",1773148543000,job-hunter-bot,exceededCpu,cron,a7fd90f8-dd89-49cd-a89f-9d1613cd7b9c,stateless,K0LESVO95TJ8WFG2,01KKBY80N9KMP05BA4K8QDDZWG,K0LESVO95TJ8WFG2,"0,15,30,45 * * * *",job-hunter-bot,[INFO] [Fetcher] Batch recorded 5 source yields,346e138aae29f6b381c1ebae50734856,cf-worker,9652c0eabd8fbe010167fd7787852081,cron,[INFO] [Fetcher] Batch recorded 5 source yields,undefined,undefined,undefined,[]
[INFO] [Connectors] Harvest complete | Sources: 5 (rss:5) | Jobs: 0 | Errors: 0,cloudflare-workers,2026-03-10T13:15:59.588Z,false,"0,15,30,45 * * * *",1773148543000,job-hunter-bot,exceededCpu,cron,a7fd90f8-dd89-49cd-a89f-9d1613cd7b9c,stateless,K0LESVO95TJ8WFG2,01KKBY80N9KMP05BA4K8QDDZWF,K0LESVO95TJ8WFG2,"0,15,30,45 * * * *",job-hunter-bot,[INFO] [Connectors] Harvest complete | Sources: 5 (rss:5) | Jobs: 0 | Errors: 0,346e138aae29f6b381c1ebae50734856,cf-worker,9652c0eabd8fbe010167fd7787852081,cron,[INFO] [Connectors] Harvest complete | Sources: 5 (rss:5) | Jobs: <*> | Errors: 0,undefined,undefined,undefined,[]
[INFO] [RSS] Cursor filtered 38 seen items from hasjob — 0 new,cloudflare-workers,2026-03-10T13:15:59.588Z,false,"0,15,30,45 * * * *",1773148543000,job-hunter-bot,exceededCpu,cron,a7fd90f8-dd89-49cd-a89f-9d1613cd7b9c,stateless,K0LESVO95TJ8WFG2,01KKBY80N9KMP05BA4K8QDDZWE,K0LESVO95TJ8WFG2,"0,15,30,45 * * * *",job-hunter-bot,[INFO] [RSS] Cursor filtered 38 seen items from hasjob — 0 new,346e138aae29f6b381c1ebae50734856,cf-worker,9652c0eabd8fbe010167fd7787852081,cron,[INFO] [RSS] Cursor filtered <*> seen items from <*> — <*> new,undefined,undefined,undefined,[]
[INFO] [RSS] Cursor filtered 10 seen items from fossjobs — 0 new,cloudflare-workers,2026-03-10T13:15:59.334Z,false,"0,15,30,45 * * * *",1773148543000,job-hunter-bot,exceededCpu,cron,a7fd90f8-dd89-49cd-a89f-9d1613cd7b9c,stateless,K0LESVO95TJ8WFG2,01KKBY80N9KMP05BA4K8QDDZWD,K0LESVO95TJ8WFG2,"0,15,30,45 * * * *",job-hunter-bot,[INFO] [RSS] Cursor filtered 10 seen items from fossjobs — 0 new,346e138aae29f6b381c1ebae50734856,cf-worker,9652c0eabd8fbe010167fd7787852081,cron,[INFO] [RSS] Cursor filtered <*> seen items from <*> — <*> new,undefined,undefined,undefined,[]
[INFO] [RSS] Cursor filtered 99 seen items from dribbble — 0 new,cloudflare-workers,2026-03-10T13:15:58.738Z,false,"0,15,30,45 * * * *",1773148543000,job-hunter-bot,exceededCpu,cron,a7fd90f8-dd89-49cd-a89f-9d1613cd7b9c,stateless,K0LESVO95TJ8WFG2,01KKBY80N9KMP05BA4K8QDDZWC,K0LESVO95TJ8WFG2,"0,15,30,45 * * * *",job-hunter-bot,[INFO] [RSS] Cursor filtered 99 seen items from dribbble — 0 new,346e138aae29f6b381c1ebae50734856,cf-worker,9652c0eabd8fbe010167fd7787852081,cron,[INFO] [RSS] Cursor filtered <*> seen items from <*> — <*> new,undefined,undefined,undefined,[]
[INFO] [RSS] Cursor filtered 26 seen items from app — 0 new,cloudflare-workers,2026-03-10T13:15:58.639Z,false,"0,15,30,45 * * * *",1773148543000,job-hunter-bot,exceededCpu,cron,a7fd90f8-dd89-49cd-a89f-9d1613cd7b9c,stateless,K0LESVO95TJ8WFG2,01KKBY80N9KMP05BA4K8QDDZWB,K0LESVO95TJ8WFG2,"0,15,30,45 * * * *",job-hunter-bot,[INFO] [RSS] Cursor filtered 26 seen items from app — 0 new,346e138aae29f6b381c1ebae50734856,cf-worker,9652c0eabd8fbe010167fd7787852081,cron,[INFO] [RSS] Cursor filtered <*> seen items from <*> — <*> new,undefined,undefined,undefined,[]
[INFO] [Connectors] Running rss connector on 5 sources,cloudflare-workers,2026-03-10T13:15:58.384Z,false,"0,15,30,45 * * * *",1773148543000,job-hunter-bot,exceededCpu,cron,a7fd90f8-dd89-49cd-a89f-9d1613cd7b9c,stateless,K0LESVO95TJ8WFG2,01KKBY80N9KMP05BA4K8QDDZWA,K0LESVO95TJ8WFG2,"0,15,30,45 * * * *",job-hunter-bot,[INFO] [Connectors] Running rss connector on 5 sources,346e138aae29f6b381c1ebae50734856,cf-worker,9652c0eabd8fbe010167fd7787852081,cron,[INFO] [Connectors] Running <*> connector on <*> sources,undefined,undefined,undefined,[]
[INFO] [Fetcher] Harvest complete. Inserted 0 new jobs (0 dupes filtered).,cloudflare-workers,2026-03-10T13:15:57.723Z,false,"0,15,30,45 * * * *",1773148543000,job-hunter-bot,exceededCpu,cron,a7fd90f8-dd89-49cd-a89f-9d1613cd7b9c,stateless,K0LESVO95TJ8WFG2,01KKBY80N9KMP05BA4K8QDDZW9,K0LESVO95TJ8WFG2,"0,15,30,45 * * * *",job-hunter-bot,[INFO] [Fetcher] Harvest complete. Inserted 0 new jobs (0 dupes filtered).,346e138aae29f6b381c1ebae50734856,cf-worker,9652c0eabd8fbe010167fd7787852081,cron,[INFO] [Fetcher] Harvest complete. Inserted <*> new jobs (0 dupes filtered).,undefined,undefined,undefined,[]
[INFO] [Fetcher] Batch recorded 5 source yields,cloudflare-workers,2026-03-10T13:15:57.723Z,false,"0,15,30,45 * * * *",1773148543000,job-hunter-bot,exceededCpu,cron,a7fd90f8-dd89-49cd-a89f-9d1613cd7b9c,stateless,K0LESVO95TJ8WFG2,01KKBY80N9KMP05BA4K8QDDZW8,K0LESVO95TJ8WFG2,"0,15,30,45 * * * *",job-hunter-bot,[INFO] [Fetcher] Batch recorded 5 source yields,346e138aae29f6b381c1ebae50734856,cf-worker,9652c0eabd8fbe010167fd7787852081,cron,[INFO] [Fetcher] Batch recorded 5 source yields,undefined,undefined,undefined,[]
[INFO] [Fetcher] Harvest complete. Inserted 19 new jobs (0 dupes filtered).,cloudflare-workers,2026-03-10T13:15:57.707Z,false,"0,15,30,45 * * * *",1773148543000,job-hunter-bot,exceededCpu,cron,a7fd90f8-dd89-49cd-a89f-9d1613cd7b9c,stateless,K0LESVO95TJ8WFG2,01KKBY80N9KMP05BA4K8QDDZW7,K0LESVO95TJ8WFG2,"0,15,30,45 * * * *",job-hunter-bot,[INFO] [Fetcher] Harvest complete. Inserted 19 new jobs (0 dupes filtered).,346e138aae29f6b381c1ebae50734856,cf-worker,9652c0eabd8fbe010167fd7787852081,cron,[INFO] [Fetcher] Harvest complete. Inserted <*> new jobs (0 dupes filtered).,undefined,undefined,undefined,[]
[INFO] [Fetcher] Batch recorded 5 source yields,cloudflare-workers,2026-03-10T13:15:57.488Z,false,"0,15,30,45 * * * *",1773148543000,job-hunter-bot,exceededCpu,cron,a7fd90f8-dd89-49cd-a89f-9d1613cd7b9c,stateless,K0LESVO95TJ8WFG2,01KKBY80N9KMP05BA4K8QDDZW6,K0LESVO95TJ8WFG2,"0,15,30,45 * * * *",job-hunter-bot,[INFO] [Fetcher] Batch recorded 5 source yields,346e138aae29f6b381c1ebae50734856,cf-worker,9652c0eabd8fbe010167fd7787852081,cron,[INFO] [Fetcher] Batch recorded 5 source yields,undefined,undefined,undefined,[]
[INFO] [Discovery] Queued 2 company domains for career probing,cloudflare-workers,2026-03-10T13:15:57.270Z,false,"0,15,30,45 * * * *",1773148543000,job-hunter-bot,exceededCpu,cron,a7fd90f8-dd89-49cd-a89f-9d1613cd7b9c,stateless,K0LESVO95TJ8WFG2,01KKBY80N9KMP05BA4K8QDDZW5,K0LESVO95TJ8WFG2,"0,15,30,45 * * * *",job-hunter-bot,[INFO] [Discovery] Queued 2 company domains for career probing,346e138aae29f6b381c1ebae50734856,cf-worker,9652c0eabd8fbe010167fd7787852081,cron,[INFO] [Discovery] Queued 2 company domains for career probing,undefined,undefined,undefined,[]
[INFO] [Fetcher] Direct evaluation completed for 19 jobs,cloudflare-workers,2026-03-10T13:15:57.062Z,false,"0,15,30,45 * * * *",1773148543000,job-hunter-bot,exceededCpu,cron,a7fd90f8-dd89-49cd-a89f-9d1613cd7b9c,stateless,K0LESVO95TJ8WFG2,01KKBY80N9KMP05BA4K8QDDZW4,K0LESVO95TJ8WFG2,"0,15,30,45 * * * *",job-hunter-bot,[INFO] [Fetcher] Direct evaluation completed for 19 jobs,346e138aae29f6b381c1ebae50734856,cf-worker,9652c0eabd8fbe010167fd7787852081,cron,[INFO] [Fetcher] Direct evaluation completed for 19 jobs,undefined,undefined,undefined,[]
[INFO] [Threshold] Too few matches (0) → lowering to 30,cloudflare-workers,2026-03-10T13:15:57.062Z,false,"0,15,30,45 * * * *",1773148543000,job-hunter-bot,exceededCpu,cron,a7fd90f8-dd89-49cd-a89f-9d1613cd7b9c,stateless,K0LESVO95TJ8WFG2,01KKBY80N9KMP05BA4K8QDDZW3,K0LESVO95TJ8WFG2,"0,15,30,45 * * * *",job-hunter-bot,[INFO] [Threshold] Too few matches (0) → lowering to 30,346e138aae29f6b381c1ebae50734856,cf-worker,9652c0eabd8fbe010167fd7787852081,cron,[INFO] [Threshold] Too few matches (0) → lowering to 30,undefined,undefined,undefined,[]
[INFO] [Connectors] Harvest complete | Sources: 5 (rss:5) | Jobs: 0 | Errors: 0,cloudflare-workers,2026-03-10T13:15:56.848Z,false,"0,15,30,45 * * * *",1773148543000,job-hunter-bot,exceededCpu,cron,a7fd90f8-dd89-49cd-a89f-9d1613cd7b9c,stateless,K0LESVO95TJ8WFG2,01KKBY80N9KMP05BA4K8QDDZW2,K0LESVO95TJ8WFG2,"0,15,30,45 * * * *",job-hunter-bot,[INFO] [Connectors] Harvest complete | Sources: 5 (rss:5) | Jobs: 0 | Errors: 0,346e138aae29f6b381c1ebae50734856,cf-worker,9652c0eabd8fbe010167fd7787852081,cron,[INFO] [Connectors] Harvest complete | Sources: 5 (rss:5) | Jobs: <*> | Errors: 0,undefined,undefined,undefined,[]
[INFO] [RSS] Cursor filtered 150 seen items from 4dayweek — 0 new,cloudflare-workers,2026-03-10T13:15:56.848Z,false,"0,15,30,45 * * * *",1773148543000,job-hunter-bot,exceededCpu,cron,a7fd90f8-dd89-49cd-a89f-9d1613cd7b9c,stateless,K0LESVO95TJ8WFG2,01KKBY80N9KMP05BA4K8QDDZW1,K0LESVO95TJ8WFG2,"0,15,30,45 * * * *",job-hunter-bot,[INFO] [RSS] Cursor filtered 150 seen items from 4dayweek — 0 new,346e138aae29f6b381c1ebae50734856,cf-worker,9652c0eabd8fbe010167fd7787852081,cron,[INFO] [RSS] Cursor filtered <*> seen items from <*> — <*> new,undefined,undefined,undefined,[]
[INFO] [RSS] Cursor filtered 44 seen items from weworkremotely — 0 new,cloudflare-workers,2026-03-10T13:15:55.889Z,false,"0,15,30,45 * * * *",1773148543000,job-hunter-bot,exceededCpu,cron,a7fd90f8-dd89-49cd-a89f-9d1613cd7b9c,stateless,K0LESVO95TJ8WFG2,01KKBY80N9KMP05BA4K8QDDZVZ,K0LESVO95TJ8WFG2,"0,15,30,45 * * * *",job-hunter-bot,[INFO] [RSS] Cursor filtered 44 seen items from weworkremotely — 0 new,346e138aae29f6b381c1ebae50734856,cf-worker,9652c0eabd8fbe010167fd7787852081,cron,[INFO] [RSS] Cursor filtered <*> seen items from <*> — <*> new,undefined,undefined,undefined,[]
[INFO] [RSS] Cursor filtered 100 seen items from himalayas — 0 new,cloudflare-workers,2026-03-10T13:15:55.838Z,false,"0,15,30,45 * * * *",1773148543000,job-hunter-bot,exceededCpu,cron,a7fd90f8-dd89-49cd-a89f-9d1613cd7b9c,stateless,K0LESVO95TJ8WFG2,01KKBY80N9KMP05BA4K8QDDZVY,K0LESVO95TJ8WFG2,"0,15,30,45 * * * *",job-hunter-bot,[INFO] [RSS] Cursor filtered 100 seen items from himalayas — 0 new,346e138aae29f6b381c1ebae50734856,cf-worker,9652c0eabd8fbe010167fd7787852081,cron,[INFO] [RSS] Cursor filtered <*> seen items from <*> — <*> new,undefined,undefined,undefined,[]
[INFO] [RSS] Cursor filtered 22 seen items from weworkremotely — 0 new,cloudflare-workers,2026-03-10T13:15:55.829Z,false,"0,15,30,45 * * * *",1773148543000,job-hunter-bot,exceededCpu,cron,a7fd90f8-dd89-49cd-a89f-9d1613cd7b9c,stateless,K0LESVO95TJ8WFG2,01KKBY80N9KMP05BA4K8QDDZVX,K0LESVO95TJ8WFG2,"0,15,30,45 * * * *",job-hunter-bot,[INFO] [RSS] Cursor filtered 22 seen items from weworkremotely — 0 new,346e138aae29f6b381c1ebae50734856,cf-worker,9652c0eabd8fbe010167fd7787852081,cron,[INFO] [RSS] Cursor filtered <*> seen items from <*> — <*> new,undefined,undefined,undefined,[]
[INFO] [Connectors] Running rss connector on 5 sources,cloudflare-workers,2026-03-10T13:15:55.634Z,false,"0,15,30,45 * * * *",1773148543000,job-hunter-bot,exceededCpu,cron,a7fd90f8-dd89-49cd-a89f-9d1613cd7b9c,stateless,K0LESVO95TJ8WFG2,01KKBY80N9KMP05BA4K8QDDZVW,K0LESVO95TJ8WFG2,"0,15,30,45 * * * *",job-hunter-bot,[INFO] [Connectors] Running rss connector on 5 sources,346e138aae29f6b381c1ebae50734856,cf-worker,9652c0eabd8fbe010167fd7787852081,cron,[INFO] [Connectors] Running <*> connector on <*> sources,undefined,undefined,undefined,[]
[INFO] [Fetcher] Harvest complete. Inserted 0 new jobs (0 dupes filtered).,cloudflare-workers,2026-03-10T13:15:55.092Z,false,"0,15,30,45 * * * *",1773148543000,job-hunter-bot,exceededCpu,cron,a7fd90f8-dd89-49cd-a89f-9d1613cd7b9c,stateless,K0LESVO95TJ8WFG2,01KKBY80N9KMP05BA4K8QDDZVV,K0LESVO95TJ8WFG2,"0,15,30,45 * * * *",job-hunter-bot,[INFO] [Fetcher] Harvest complete. Inserted 0 new jobs (0 dupes filtered).,346e138aae29f6b381c1ebae50734856,cf-worker,9652c0eabd8fbe010167fd7787852081,cron,[INFO] [Fetcher] Harvest complete. Inserted <*> new jobs (0 dupes filtered).,undefined,undefined,undefined,[]
[INFO] [Fetcher] Batch recorded 5 source yields,cloudflare-workers,2026-03-10T13:15:55.092Z,false,"0,15,30,45 * * * *",1773148543000,job-hunter-bot,exceededCpu,cron,a7fd90f8-dd89-49cd-a89f-9d1613cd7b9c,stateless,K0LESVO95TJ8WFG2,01KKBY80N9KMP05BA4K8QDDZVT,K0LESVO95TJ8WFG2,"0,15,30,45 * * * *",job-hunter-bot,[INFO] [Fetcher] Batch recorded 5 source yields,346e138aae29f6b381c1ebae50734856,cf-worker,9652c0eabd8fbe010167fd7787852081,cron,[INFO] [Fetcher] Batch recorded 5 source yields,undefined,undefined,undefined,[]
[INFO] [Connectors] Harvest complete | Sources: 5 (rss:5) | Jobs: 0 | Errors: 0,cloudflare-workers,2026-03-10T13:15:54.203Z,false,"0,15,30,45 * * * *",1773148543000,job-hunter-bot,exceededCpu,cron,a7fd90f8-dd89-49cd-a89f-9d1613cd7b9c,stateless,K0LESVO95TJ8WFG2,01KKBY80N9KMP05BA4K8QDDZVS,K0LESVO95TJ8WFG2,"0,15,30,45 * * * *",job-hunter-bot,[INFO] [Connectors] Harvest complete | Sources: 5 (rss:5) | Jobs: 0 | Errors: 0,346e138aae29f6b381c1ebae50734856,cf-worker,9652c0eabd8fbe010167fd7787852081,cron,[INFO] [Connectors] Harvest complete | Sources: 5 (rss:5) | Jobs: <*> | Errors: 0,undefined,undefined,undefined,[]
[INFO] [RSS] Cursor filtered 100 seen items from weworkremotely — 0 new,cloudflare-workers,2026-03-10T13:15:54.203Z,false,"0,15,30,45 * * * *",1773148543000,job-hunter-bot,exceededCpu,cron,a7fd90f8-dd89-49cd-a89f-9d1613cd7b9c,stateless,K0LESVO95TJ8WFG2,01KKBY80N9KMP05BA4K8QDDZVR,K0LESVO95TJ8WFG2,"0,15,30,45 * * * *",job-hunter-bot,[INFO] [RSS] Cursor filtered 100 seen items from weworkremotely — 0 new,346e138aae29f6b381c1ebae50734856,cf-worker,9652c0eabd8fbe010167fd7787852081,cron,[INFO] [RSS] Cursor filtered <*> seen items from <*> — <*> new,undefined,undefined,undefined,[]
"[WARN] [Retry] Attempt 3/4 failed (Queue sendBatch failed: Too Many Requests), retrying in 2078ms...",cloudflare-workers,2026-03-10T13:15:54.020Z,false,"0,15,30,45 * * * *",1773148543000,job-hunter-bot,exceededCpu,cron,a7fd90f8-dd89-49cd-a89f-9d1613cd7b9c,stateless,K0LESVO95TJ8WFG2,01KKBY80N9KMP05BA4K8QDDZVQ,K0LESVO95TJ8WFG2,"0,15,30,45 * * * *",job-hunter-bot,"[WARN] [Retry] Attempt 3/4 failed (Queue sendBatch failed: Too Many Requests), retrying in 2078ms...",346e138aae29f6b381c1ebae50734856,cf-worker,9652c0eabd8fbe010167fd7787852081,cron,"[WARN] [Retry] Attempt <*>/4 failed (Queue sendBatch failed: Too Many Requests), retrying in <*>...",undefined,undefined,undefined,[]
[INFO] [RSS] Cursor filtered 197 seen items from smartremotejobs — 0 new,cloudflare-workers,2026-03-10T13:15:53.815Z,false,"0,15,30,45 * * * *",1773148543000,job-hunter-bot,exceededCpu,cron,a7fd90f8-dd89-49cd-a89f-9d1613cd7b9c,stateless,K0LESVO95TJ8WFG2,01KKBY80N9KMP05BA4K8QDDZVP,K0LESVO95TJ8WFG2,"0,15,30,45 * * * *",job-hunter-bot,[INFO] [RSS] Cursor filtered 197 seen items from smartremotejobs — 0 new,346e138aae29f6b381c1ebae50734856,cf-worker,9652c0eabd8fbe010167fd7787852081,cron,[INFO] [RSS] Cursor filtered <*> seen items from <*> — <*> new,undefined,undefined,undefined,[]
[INFO] [RSS] Cursor filtered 83 seen items from weworkremotely — 0 new,cloudflare-workers,2026-03-10T13:15:53.628Z,false,"0,15,30,45 * * * *",1773148543000,job-hunter-bot,exceededCpu,cron,a7fd90f8-dd89-49cd-a89f-9d1613cd7b9c,stateless,K0LESVO95TJ8WFG2,01KKBY80N9KMP05BA4K8QDDZVN,K0LESVO95TJ8WFG2,"0,15,30,45 * * * *",job-hunter-bot,[INFO] [RSS] Cursor filtered 83 seen items from weworkremotely — 0 new,346e138aae29f6b381c1ebae50734856,cf-worker,9652c0eabd8fbe010167fd7787852081,cron,[INFO] [RSS] Cursor filtered <*> seen items from <*> — <*> new,undefined,undefined,undefined,[]
[INFO] [RSS] Cursor filtered 41 seen items from weworkremotely — 0 new,cloudflare-workers,2026-03-10T13:15:53.578Z,false,"0,15,30,45 * * * *",1773148543000,job-hunter-bot,exceededCpu,cron,a7fd90f8-dd89-49cd-a89f-9d1613cd7b9c,stateless,K0LESVO95TJ8WFG2,01KKBY80N9KMP05BA4K8QDDZVM,K0LESVO95TJ8WFG2,"0,15,30,45 * * * *",job-hunter-bot,[INFO] [RSS] Cursor filtered 41 seen items from weworkremotely — 0 new,346e138aae29f6b381c1ebae50734856,cf-worker,9652c0eabd8fbe010167fd7787852081,cron,[INFO] [RSS] Cursor filtered <*> seen items from <*> — <*> new,undefined,undefined,undefined,[]
[INFO] [RSS] Cursor filtered 25 seen items from weworkremotely — 0 new,cloudflare-workers,2026-03-10T13:15:53.550Z,false,"0,15,30,45 * * * *",1773148543000,job-hunter-bot,exceededCpu,cron,a7fd90f8-dd89-49cd-a89f-9d1613cd7b9c,stateless,K0LESVO95TJ8WFG2,01KKBY80N9KMP05BA4K8QDDZVK,K0LESVO95TJ8WFG2,"0,15,30,45 * * * *",job-hunter-bot,[INFO] [RSS] Cursor filtered 25 seen items from weworkremotely — 0 new,346e138aae29f6b381c1ebae50734856,cf-worker,9652c0eabd8fbe010167fd7787852081,cron,[INFO] [RSS] Cursor filtered <*> seen items from <*> — <*> new,undefined,undefined,undefined,[]
[INFO] [Connectors] Running rss connector on 5 sources,cloudflare-workers,2026-03-10T13:15:53.326Z,false,"0,15,30,45 * * * *",1773148543000,job-hunter-bot,exceededCpu,cron,a7fd90f8-dd89-49cd-a89f-9d1613cd7b9c,stateless,K0LESVO95TJ8WFG2,01KKBY80N9KMP05BA4K8QDDZVJ,K0LESVO95TJ8WFG2,"0,15,30,45 * * * *",job-hunter-bot,[INFO] [Connectors] Running rss connector on 5 sources,346e138aae29f6b381c1ebae50734856,cf-worker,9652c0eabd8fbe010167fd7787852081,cron,[INFO] [Connectors] Running <*> connector on <*> sources,undefined,undefined,undefined,[]
"[WARN] [Retry] Attempt 2/4 failed (Queue sendBatch failed: Too Many Requests), retrying in 1046ms...",cloudflare-workers,2026-03-10T13:15:52.960Z,false,"0,15,30,45 * * * *",1773148543000,job-hunter-bot,exceededCpu,cron,a7fd90f8-dd89-49cd-a89f-9d1613cd7b9c,stateless,K0LESVO95TJ8WFG2,01KKBY80N9KMP05BA4K8QDDZVH,K0LESVO95TJ8WFG2,"0,15,30,45 * * * *",job-hunter-bot,"[WARN] [Retry] Attempt 2/4 failed (Queue sendBatch failed: Too Many Requests), retrying in 1046ms...",346e138aae29f6b381c1ebae50734856,cf-worker,9652c0eabd8fbe010167fd7787852081,cron,"[WARN] [Retry] Attempt <*>/4 failed (Queue sendBatch failed: Too Many Requests), retrying in <*>...",undefined,undefined,undefined,[]
"[WARN] [Retry] Attempt 1/4 failed (Queue sendBatch failed: Too Many Requests), retrying in 545ms...",cloudflare-workers,2026-03-10T13:15:52.404Z,false,"0,15,30,45 * * * *",1773148543000,job-hunter-bot,exceededCpu,cron,a7fd90f8-dd89-49cd-a89f-9d1613cd7b9c,stateless,K0LESVO95TJ8WFG2,01KKBY80N9KMP05BA4K8QDDZVG,K0LESVO95TJ8WFG2,"0,15,30,45 * * * *",job-hunter-bot,"[WARN] [Retry] Attempt 1/4 failed (Queue sendBatch failed: Too Many Requests), retrying in 545ms...",346e138aae29f6b381c1ebae50734856,cf-worker,9652c0eabd8fbe010167fd7787852081,cron,"[WARN] [Retry] Attempt <*>/4 failed (Queue sendBatch failed: Too Many Requests), retrying in <*>...",undefined,undefined,undefined,[]
[INFO] [D1] Batch inserted 19 new jobs (0 dupes) in 1 batches,cloudflare-workers,2026-03-10T13:15:52.392Z,false,"0,15,30,45 * * * *",1773148543000,job-hunter-bot,exceededCpu,cron,a7fd90f8-dd89-49cd-a89f-9d1613cd7b9c,stateless,K0LESVO95TJ8WFG2,01KKBY80N9KMP05BA4K8QDDZVF,K0LESVO95TJ8WFG2,"0,15,30,45 * * * *",job-hunter-bot,[INFO] [D1] Batch inserted 19 new jobs (0 dupes) in 1 batches,346e138aae29f6b381c1ebae50734856,cf-worker,9652c0eabd8fbe010167fd7787852081,cron,[INFO] [D1] Batch inserted 19 new jobs (0 dupes) in 1 batches,undefined,undefined,undefined,[]
[INFO] [Connectors] Harvest complete | Sources: 5 (rss:5) | Jobs: 19 | Errors: 0,cloudflare-workers,2026-03-10T13:15:51.666Z,false,"0,15,30,45 * * * *",1773148543000,job-hunter-bot,exceededCpu,cron,a7fd90f8-dd89-49cd-a89f-9d1613cd7b9c,stateless,K0LESVO95TJ8WFG2,01KKBY80N9KMP05BA4K8QDDZVE,K0LESVO95TJ8WFG2,"0,15,30,45 * * * *",job-hunter-bot,[INFO] [Connectors] Harvest complete | Sources: 5 (rss:5) | Jobs: 19 | Errors: 0,346e138aae29f6b381c1ebae50734856,cf-worker,9652c0eabd8fbe010167fd7787852081,cron,[INFO] [Connectors] Harvest complete | Sources: <*> (<*>) | Jobs: <*> | Errors: 0,undefined,undefined,undefined,[]
[INFO] [RSS] Cursor filtered 775 seen items from smartremotejobs — 0 new,cloudflare-workers,2026-03-10T13:15:51.666Z,false,"0,15,30,45 * * * *",1773148543000,job-hunter-bot,exceededCpu,cron,a7fd90f8-dd89-49cd-a89f-9d1613cd7b9c,stateless,K0LESVO95TJ8WFG2,01KKBY80N9KMP05BA4K8QDDZVD,K0LESVO95TJ8WFG2,"0,15,30,45 * * * *",job-hunter-bot,[INFO] [RSS] Cursor filtered 775 seen items from smartremotejobs — 0 new,346e138aae29f6b381c1ebae50734856,cf-worker,9652c0eabd8fbe010167fd7787852081,cron,[INFO] [RSS] Cursor filtered <*> seen items from <*> — <*> new,undefined,undefined,undefined,[]
[INFO] [RSS] Cursor filtered 100 seen items from hireweb3 — 0 new,cloudflare-workers,2026-03-10T13:15:51.623Z,false,"0,15,30,45 * * * *",1773148543000,job-hunter-bot,exceededCpu,cron,a7fd90f8-dd89-49cd-a89f-9d1613cd7b9c,stateless,K0LESVO95TJ8WFG2,01KKBY80N9KMP05BA4K8QDDZVC,K0LESVO95TJ8WFG2,"0,15,30,45 * * * *",job-hunter-bot,[INFO] [RSS] Cursor filtered 100 seen items from hireweb3 — 0 new,346e138aae29f6b381c1ebae50734856,cf-worker,9652c0eabd8fbe010167fd7787852081,cron,[INFO] [RSS] Cursor filtered <*> seen items from <*> — <*> new,undefined,undefined,undefined,[]
[INFO] [RSS] Cursor filtered 82 seen items from jobscollider — 18 new,cloudflare-workers,2026-03-10T13:15:51.011Z,false,"0,15,30,45 * * * *",1773148543000,job-hunter-bot,exceededCpu,cron,a7fd90f8-dd89-49cd-a89f-9d1613cd7b9c,stateless,K0LESVO95TJ8WFG2,01KKBY80N9KMP05BA4K8QDDZVB,K0LESVO95TJ8WFG2,"0,15,30,45 * * * *",job-hunter-bot,[INFO] [RSS] Cursor filtered 82 seen items from jobscollider — 18 new,346e138aae29f6b381c1ebae50734856,cf-worker,9652c0eabd8fbe010167fd7787852081,cron,[INFO] [RSS] Cursor filtered <*> seen items from <*> — <*> new,undefined,undefined,undefined,[]
[INFO] [RSS] Cursor filtered 80 seen items from empllo — 1 new,cloudflare-workers,2026-03-10T13:15:50.931Z,false,"0,15,30,45 * * * *",1773148543000,job-hunter-bot,exceededCpu,cron,a7fd90f8-dd89-49cd-a89f-9d1613cd7b9c,stateless,K0LESVO95TJ8WFG2,01KKBY80N9KMP05BA4K8QDDZVA,K0LESVO95TJ8WFG2,"0,15,30,45 * * * *",job-hunter-bot,[INFO] [RSS] Cursor filtered 80 seen items from empllo — 1 new,346e138aae29f6b381c1ebae50734856,cf-worker,9652c0eabd8fbe010167fd7787852081,cron,[INFO] [RSS] Cursor filtered <*> seen items from empllo — <*> new,undefined,undefined,undefined,[]
[INFO] [RSS] Cursor filtered 16 seen items from empllo — 0 new,cloudflare-workers,2026-03-10T13:15:50.908Z,false,"0,15,30,45 * * * *",1773148543000,job-hunter-bot,exceededCpu,cron,a7fd90f8-dd89-49cd-a89f-9d1613cd7b9c,stateless,K0LESVO95TJ8WFG2,01KKBY80N9KMP05BA4K8QDDZV9,K0LESVO95TJ8WFG2,"0,15,30,45 * * * *",job-hunter-bot,[INFO] [RSS] Cursor filtered 16 seen items from empllo — 0 new,346e138aae29f6b381c1ebae50734856,cf-worker,9652c0eabd8fbe010167fd7787852081,cron,[INFO] [RSS] Cursor filtered <*> seen items from <*> — <*> new,undefined,undefined,undefined,[]
[INFO] [Connectors] Running rss connector on 5 sources,cloudflare-workers,2026-03-10T13:15:50.693Z,false,"0,15,30,45 * * * *",1773148543000,job-hunter-bot,exceededCpu,cron,a7fd90f8-dd89-49cd-a89f-9d1613cd7b9c,stateless,K0LESVO95TJ8WFG2,01KKBY80N9KMP05BA4K8QDDZV8,K0LESVO95TJ8WFG2,"0,15,30,45 * * * *",job-hunter-bot,[INFO] [Connectors] Running rss connector on 5 sources,346e138aae29f6b381c1ebae50734856,cf-worker,9652c0eabd8fbe010167fd7787852081,cron,[INFO] [Connectors] Running <*> connector on <*> sources,undefined,undefined,undefined,[]
[INFO] [Producer] Direct mode: processing 87 sources inline...,cloudflare-workers,2026-03-10T13:15:49.612Z,false,"0,15,30,45 * * * *",1773148543000,job-hunter-bot,exceededCpu,cron,a7fd90f8-dd89-49cd-a89f-9d1613cd7b9c,stateless,K0LESVO95TJ8WFG2,01KKBY80N9KMP05BA4K8QDDZV7,K0LESVO95TJ8WFG2,"0,15,30,45 * * * *",job-hunter-bot,[INFO] [Producer] Direct mode: processing 87 sources inline...,346e138aae29f6b381c1ebae50734856,cf-worker,9652c0eabd8fbe010167fd7787852081,cron,[INFO] [Producer] Direct mode: processing 87 sources inline...,undefined,undefined,undefined,[]
"[WARN] [Retry] Attempt 3/4 failed (Queue sendBatch failed: Too Many Requests), retrying in 2096ms...",cloudflare-workers,2026-03-10T13:15:47.327Z,false,"0,15,30,45 * * * *",1773148543000,job-hunter-bot,exceededCpu,cron,a7fd90f8-dd89-49cd-a89f-9d1613cd7b9c,stateless,K0LESVO95TJ8WFG2,01KKBY80N9KMP05BA4K8QDDZV5,K0LESVO95TJ8WFG2,"0,15,30,45 * * * *",job-hunter-bot,"[WARN] [Retry] Attempt 3/4 failed (Queue sendBatch failed: Too Many Requests), retrying in 2096ms...",346e138aae29f6b381c1ebae50734856,cf-worker,9652c0eabd8fbe010167fd7787852081,cron,"[WARN] [Retry] Attempt <*>/4 failed (Queue sendBatch failed: Too Many Requests), retrying in <*>...",undefined,undefined,undefined,[]
"[WARN] [Retry] Attempt 2/4 failed (Queue sendBatch failed: Too Many Requests), retrying in 1053ms...",cloudflare-workers,2026-03-10T13:15:46.263Z,false,"0,15,30,45 * * * *",1773148543000,job-hunter-bot,exceededCpu,cron,a7fd90f8-dd89-49cd-a89f-9d1613cd7b9c,stateless,K0LESVO95TJ8WFG2,01KKBY80N9KMP05BA4K8QDDZV4,K0LESVO95TJ8WFG2,"0,15,30,45 * * * *",job-hunter-bot,"[WARN] [Retry] Attempt 2/4 failed (Queue sendBatch failed: Too Many Requests), retrying in 1053ms...",346e138aae29f6b381c1ebae50734856,cf-worker,9652c0eabd8fbe010167fd7787852081,cron,"[WARN] [Retry] Attempt <*>/4 failed (Queue sendBatch failed: Too Many Requests), retrying in <*>...",undefined,undefined,undefined,[]
"[WARN] [Retry] Attempt 1/4 failed (Queue sendBatch failed: Too Many Requests), retrying in 523ms...",cloudflare-workers,2026-03-10T13:15:45.728Z,false,"0,15,30,45 * * * *",1773148543000,job-hunter-bot,exceededCpu,cron,a7fd90f8-dd89-49cd-a89f-9d1613cd7b9c,stateless,K0LESVO95TJ8WFG2,01KKBY80N9KMP05BA4K8QDDZV3,K0LESVO95TJ8WFG2,"0,15,30,45 * * * *",job-hunter-bot,"[WARN] [Retry] Attempt 1/4 failed (Queue sendBatch failed: Too Many Requests), retrying in 523ms...",346e138aae29f6b381c1ebae50734856,cf-worker,9652c0eabd8fbe010167fd7787852081,cron,"[WARN] [Retry] Attempt <*>/4 failed (Queue sendBatch failed: Too Many Requests), retrying in <*>...",undefined,undefined,undefined,[]
[INFO] [Producer] Broadcasting 87 sources to FEED_QUEUE...,cloudflare-workers,2026-03-10T13:15:45.715Z,false,"0,15,30,45 * * * *",1773148543000,job-hunter-bot,exceededCpu,cron,a7fd90f8-dd89-49cd-a89f-9d1613cd7b9c,stateless,K0LESVO95TJ8WFG2,01KKBY80N9KMP05BA4K8QDDZV2,K0LESVO95TJ8WFG2,"0,15,30,45 * * * *",job-hunter-bot,[INFO] [Producer] Broadcasting 87 sources to FEED_QUEUE...,346e138aae29f6b381c1ebae50734856,cf-worker,9652c0eabd8fbe010167fd7787852081,cron,[INFO] [Producer] Broadcasting 87 sources to FEED_QUEUE...,undefined,undefined,undefined,[]
[INFO] [Producer] Intelligence: 87 sources selected (87 config + 0 registry),cloudflare-workers,2026-03-10T13:15:45.715Z,false,"0,15,30,45 * * * *",1773148543000,job-hunter-bot,exceededCpu,cron,a7fd90f8-dd89-49cd-a89f-9d1613cd7b9c,stateless,K0LESVO95TJ8WFG2,01KKBY80N9KMP05BA4K8QDDZV1,K0LESVO95TJ8WFG2,"0,15,30,45 * * * *",job-hunter-bot,[INFO] [Producer] Intelligence: 87 sources selected (87 config + 0 registry),346e138aae29f6b381c1ebae50734856,cf-worker,9652c0eabd8fbe010167fd7787852081,cron,[INFO] [Producer] Intelligence: 87 sources selected (87 config + 0 registry),undefined,undefined,undefined,[]
[INFO] [Producer] Cron cycle #842 fired.,cloudflare-workers,2026-03-10T13:15:44.333Z,false,"0,15,30,45 * * * *",1773148543000,job-hunter-bot,exceededCpu,cron,a7fd90f8-dd89-49cd-a89f-9d1613cd7b9c,stateless,K0LESVO95TJ8WFG2,01KKBY80N9KMP05BA4K8QDDZV0,K0LESVO95TJ8WFG2,"0,15,30,45 * * * *",job-hunter-bot,[INFO] [Producer] Cron cycle #842 fired.,346e138aae29f6b381c1ebae50734856,cf-worker,9652c0eabd8fbe010167fd7787852081,cron,[INFO] [Producer] Cron cycle #842 fired.,undefined,undefined,undefined,[]
[INFO] [Fetcher] Harvest complete. Inserted 0 new jobs (404 dupes filtered).,cloudflare-workers,2026-03-10T13:01:21.188Z,false,"0,15,30,45 * * * *",1773147643000,job-hunter-bot,ok,cron,a7fd90f8-dd89-49cd-a89f-9d1613cd7b9c,stateless,56QNY60B2O8JQYVJ,01KKBXCWD4SKTAV1Q8QBZ6KYH6,56QNY60B2O8JQYVJ,"0,15,30,45 * * * *",job-hunter-bot,[INFO] [Fetcher] Harvest complete. Inserted 0 new jobs (404 dupes filtered).,346e138aae29f6b381c1ebae50734856,cf-worker,9652c0eabd8fbe010167fd7787852081,cron,[INFO] [Fetcher] Harvest complete. Inserted <*> new jobs (<*> dupes filtered).,undefined,undefined,undefined,[]
[INFO] [Fetcher] Batch recorded 2 source yields,cloudflare-workers,2026-03-10T13:01:20.982Z,false,"0,15,30,45 * * * *",1773147643000,job-hunter-bot,ok,cron,a7fd90f8-dd89-49cd-a89f-9d1613cd7b9c,stateless,56QNY60B2O8JQYVJ,01KKBXCW6PTMX73H0BN7YZ8W6Q,56QNY60B2O8JQYVJ,"0,15,30,45 * * * *",job-hunter-bot,[INFO] [Fetcher] Batch recorded 2 source yields,346e138aae29f6b381c1ebae50734856,cf-worker,9652c0eabd8fbe010167fd7787852081,cron,[INFO] [Fetcher] Batch recorded <*> source yields,undefined,undefined,undefined,[]
[INFO] [Discovery] Queued 1 company domains for career probing,cloudflare-workers,2026-03-10T13:01:20.786Z,false,"0,15,30,45 * * * *",1773147643000,job-hunter-bot,ok,cron,a7fd90f8-dd89-49cd-a89f-9d1613cd7b9c,stateless,56QNY60B2O8JQYVJ,01KKBXCW0J1DQTE8W378YKGD55,56QNY60B2O8JQYVJ,"0,15,30,45 * * * *",job-hunter-bot,[INFO] [Discovery] Queued 1 company domains for career probing,346e138aae29f6b381c1ebae50734856,cf-worker,9652c0eabd8fbe010167fd7787852081,cron,[INFO] [Discovery] Queued 1 company domains for career probing,undefined,undefined,undefined,[]
[INFO] [Producer] Cycle #841 dispatch complete.,cloudflare-workers,2026-03-10T13:01:18.524Z,false,"0,15,30,45 * * * *",1773147643000,job-hunter-bot,ok,cron,a7fd90f8-dd89-49cd-a89f-9d1613cd7b9c,stateless,56QNY60B2O8JQYVJ,01KKBXCSSWZ4SWGMCV70A3GQE7,56QNY60B2O8JQYVJ,"0,15,30,45 * * * *",job-hunter-bot,[INFO] [Producer] Cycle #841 dispatch complete.,346e138aae29f6b381c1ebae50734856,cf-worker,9652c0eabd8fbe010167fd7787852081,cron,[INFO] [Producer] <*> <*> <*> <*>.,undefined,undefined,undefined,[]
[INFO] [Producer] Direct processing: 40/87 sources completed.,cloudflare-workers,2026-03-10T13:01:17.923Z,false,"0,15,30,45 * * * *",1773147643000,job-hunter-bot,ok,cron,a7fd90f8-dd89-49cd-a89f-9d1613cd7b9c,stateless,56QNY60B2O8JQYVJ,01KKBXCS731RQS8BR84Z64HMBZ,56QNY60B2O8JQYVJ,"0,15,30,45 * * * *",job-hunter-bot,[INFO] [Producer] Direct processing: 40/87 sources completed.,346e138aae29f6b381c1ebae50734856,cf-worker,9652c0eabd8fbe010167fd7787852081,cron,[INFO] [Producer] Direct <*>: <*>/87 sources <*>.,undefined,undefined,undefined,[]
"[WARN] [Producer] Wall-time guard: processed 40/87 sources in 25.8s, deferring rest to next cycle.",cloudflare-workers,2026-03-10T13:01:17.923Z,false,"0,15,30,45 * * * *",1773147643000,job-hunter-bot,ok,cron,a7fd90f8-dd89-49cd-a89f-9d1613cd7b9c,stateless,56QNY60B2O8JQYVJ,01KKBXCS731RQS8BR84Z64HMBY,56QNY60B2O8JQYVJ,"0,15,30,45 * * * *",job-hunter-bot,"[WARN] [Producer] Wall-time guard: processed 40/87 sources in 25.8s, deferring rest to next cycle.",346e138aae29f6b381c1ebae50734856,cf-worker,9652c0eabd8fbe010167fd7787852081,cron,"[WARN] [Producer] Wall-time guard: processed 40/87 sources in 25.8s, deferring rest to next cycle.",undefined,undefined,undefined,[]
[INFO] [Fetcher] Harvest complete. Inserted 0 new jobs (508 dupes filtered).,cloudflare-workers,2026-03-10T13:01:17.637Z,false,"0,15,30,45 * * * *",1773147643000,job-hunter-bot,ok,cron,a7fd90f8-dd89-49cd-a89f-9d1613cd7b9c,stateless,56QNY60B2O8JQYVJ,01KKBXCRY56RK1NX9TGMP1P79J,56QNY60B2O8JQYVJ,"0,15,30,45 * * * *",job-hunter-bot,[INFO] [Fetcher] Harvest complete. Inserted 0 new jobs (508 dupes filtered).,346e138aae29f6b381c1ebae50734856,cf-worker,9652c0eabd8fbe010167fd7787852081,cron,[INFO] [Fetcher] Harvest complete. Inserted <*> new jobs (<*> dupes filtered).,undefined,undefined,undefined,[]
[WARN] [Circuit] OPEN for https://boards-api.greenhouse.io/v1/boards/daboraio/jobs after 248 consecutive failures. Cooldown: 233min,cloudflare-workers,2026-03-10T13:01:17.310Z,false,"0,15,30,45 * * * *",1773147643000,job-hunter-bot,ok,cron,a7fd90f8-dd89-49cd-a89f-9d1613cd7b9c,stateless,56QNY60B2O8JQYVJ,01KKBXCRKYY9EADXATCYF22RFC,56QNY60B2O8JQYVJ,"0,15,30,45 * * * *",job-hunter-bot,[WARN] [Circuit] OPEN for https://boards-api.greenhouse.io/v1/boards/daboraio/jobs after 248 consecutive failures. Cooldown: 233min,346e138aae29f6b381c1ebae50734856,cf-worker,9652c0eabd8fbe010167fd7787852081,cron,[WARN] [Circuit] OPEN for https://boards-api.greenhouse.io/v1/boards/<*>/jobs after <*> consecutive failures. Cooldown: <*>,undefined,undefined,undefined,[]
[WARN] [Circuit] OPEN for https://boards-api.greenhouse.io/v1/boards/retool/jobs after 77 consecutive failures. Cooldown: 283min,cloudflare-workers,2026-03-10T13:01:17.283Z,false,"0,15,30,45 * * * *",1773147643000,job-hunter-bot,ok,cron,a7fd90f8-dd89-49cd-a89f-9d1613cd7b9c,stateless,56QNY60B2O8JQYVJ,01KKBXCRK3TTCRAW6JVRDGWCQD,56QNY60B2O8JQYVJ,"0,15,30,45 * * * *",job-hunter-bot,[WARN] [Circuit] OPEN for https://boards-api.greenhouse.io/v1/boards/retool/jobs after 77 consecutive failures. Cooldown: 283min,346e138aae29f6b381c1ebae50734856,cf-worker,9652c0eabd8fbe010167fd7787852081,cron,[WARN] [Circuit] OPEN for https://boards-api.greenhouse.io/v1/boards/<*>/jobs after <*> consecutive failures. Cooldown: <*>,undefined,undefined,undefined,[]
[INFO] [Fetcher] Batch recorded 2 source yields,cloudflare-workers,2026-03-10T13:01:17.280Z,false,"0,15,30,45 * * * *",1773147643000,job-hunter-bot,ok,cron,a7fd90f8-dd89-49cd-a89f-9d1613cd7b9c,stateless,56QNY60B2O8JQYVJ,01KKBXCRK0RE7D1TSG0221XY8E,56QNY60B2O8JQYVJ,"0,15,30,45 * * * *",job-hunter-bot,[INFO] [Fetcher] Batch recorded 2 source yields,346e138aae29f6b381c1ebae50734856,cf-worker,9652c0eabd8fbe010167fd7787852081,cron,[INFO] [Fetcher] Batch recorded <*> source yields,undefined,undefined,undefined,[]
[INFO] [Connectors] Harvest complete | Sources: 4 (greenhouse:4) | Jobs: 404 | Errors: 2,cloudflare-workers,2026-03-10T13:01:17.124Z,false,"0,15,30,45 * * * *",1773147643000,job-hunter-bot,ok,cron,a7fd90f8-dd89-49cd-a89f-9d1613cd7b9c,stateless,56QNY60B2O8JQYVJ,01KKBXCRE4RN5M43MNV8HAHZXQ,56QNY60B2O8JQYVJ,"0,15,30,45 * * * *",job-hunter-bot,[INFO] [Connectors] Harvest complete | Sources: 4 (greenhouse:4) | Jobs: 404 | Errors: 2,346e138aae29f6b381c1ebae50734856,cf-worker,9652c0eabd8fbe010167fd7787852081,cron,[INFO] [Connectors] Harvest complete | Sources: <*> (<*>) | Jobs: <*> | Errors: <*>,undefined,undefined,undefined,[]
[WARN] [Greenhouse] Retool failed: HTTP 404: Not Found,cloudflare-workers,2026-03-10T13:01:17.124Z,false,"0,15,30,45 * * * *",1773147643000,job-hunter-bot,ok,cron,a7fd90f8-dd89-49cd-a89f-9d1613cd7b9c,stateless,56QNY60B2O8JQYVJ,01KKBXCRE4RN5M43MNV8HAHZXP,56QNY60B2O8JQYVJ,"0,15,30,45 * * * *",job-hunter-bot,[WARN] [Greenhouse] Retool failed: HTTP 404: Not Found,346e138aae29f6b381c1ebae50734856,cf-worker,9652c0eabd8fbe010167fd7787852081,cron,[WARN] [Greenhouse] <*> failed: HTTP 404: Not Found,undefined,undefined,undefined,[]
[INFO] [Discovery] Queued 1 company domains for career probing,cloudflare-workers,2026-03-10T13:01:17.104Z,false,"0,15,30,45 * * * *",1773147643000,job-hunter-bot,ok,cron,a7fd90f8-dd89-49cd-a89f-9d1613cd7b9c,stateless,56QNY60B2O8JQYVJ,01KKBXCRDGRSQGBM1N76R8RVTR,56QNY60B2O8JQYVJ,"0,15,30,45 * * * *",job-hunter-bot,[INFO] [Discovery] Queued 1 company domains for career probing,346e138aae29f6b381c1ebae50734856,cf-worker,9652c0eabd8fbe010167fd7787852081,cron,[INFO] [Discovery] Queued 1 company domains for career probing,undefined,undefined,undefined,[]
[INFO] [Greenhouse] Grafana Labs: 163 jobs fetched,cloudflare-workers,2026-03-10T13:01:15.209Z,false,"0,15,30,45 * * * *",1773147643000,job-hunter-bot,ok,cron,a7fd90f8-dd89-49cd-a89f-9d1613cd7b9c,stateless,56QNY60B2O8JQYVJ,01KKBXCPJ9ZKFSPVG8YSR73K8N,56QNY60B2O8JQYVJ,"0,15,30,45 * * * *",job-hunter-bot,[INFO] [Greenhouse] Grafana Labs: 163 jobs fetched,346e138aae29f6b381c1ebae50734856,cf-worker,9652c0eabd8fbe010167fd7787852081,cron,[INFO] [Greenhouse] Grafana Labs: 163 jobs fetched,undefined,undefined,undefined,[]
[INFO] [Greenhouse] Brex: 241 jobs fetched,cloudflare-workers,2026-03-10T13:01:15.194Z,false,"0,15,30,45 * * * *",1773147643000,job-hunter-bot,ok,cron,a7fd90f8-dd89-49cd-a89f-9d1613cd7b9c,stateless,56QNY60B2O8JQYVJ,01KKBXCPHTCS151SNESVHY003A,56QNY60B2O8JQYVJ,"0,15,30,45 * * * *",job-hunter-bot,[INFO] [Greenhouse] Brex: 241 jobs fetched,346e138aae29f6b381c1ebae50734856,cf-worker,9652c0eabd8fbe010167fd7787852081,cron,[INFO] [Greenhouse] <*>: <*> jobs fetched,undefined,undefined,undefined,[]
[WARN] [Greenhouse] dbt Labs failed: HTTP 404: Not Found,cloudflare-workers,2026-03-10T13:01:15.140Z,false,"0,15,30,45 * * * *",1773147643000,job-hunter-bot,ok,cron,a7fd90f8-dd89-49cd-a89f-9d1613cd7b9c,stateless,56QNY60B2O8JQYVJ,01KKBXCPG4PN5JPA0EFCFX5BSD,56QNY60B2O8JQYVJ,"0,15,30,45 * * * *",job-hunter-bot,[WARN] [Greenhouse] dbt Labs failed: HTTP 404: Not Found,346e138aae29f6b381c1ebae50734856,cf-worker,9652c0eabd8fbe010167fd7787852081,cron,[WARN] [Greenhouse] dbt Labs failed: HTTP 404: Not Found,undefined,undefined,undefined,[]
[INFO] [Fetcher] Harvest complete. Inserted 0 new jobs (840 dupes filtered).,cloudflare-workers,2026-03-10T13:01:15.123Z,false,"0,15,30,45 * * * *",1773147643000,job-hunter-bot,ok,cron,a7fd90f8-dd89-49cd-a89f-9d1613cd7b9c,stateless,56QNY60B2O8JQYVJ,01KKBXCPFKAZGJD9CKQV0WT0T6,56QNY60B2O8JQYVJ,"0,15,30,45 * * * *",job-hunter-bot,[INFO] [Fetcher] Harvest complete. Inserted 0 new jobs (840 dupes filtered).,346e138aae29f6b381c1ebae50734856,cf-worker,9652c0eabd8fbe010167fd7787852081,cron,[INFO] [Fetcher] Harvest complete. Inserted <*> new jobs (<*> dupes filtered).,undefined,undefined,undefined,[]
[INFO] [Fetcher] Batch recorded 4 source yields,cloudflare-workers,2026-03-10T13:01:15.123Z,false,"0,15,30,45 * * * *",1773147643000,job-hunter-bot,ok,cron,a7fd90f8-dd89-49cd-a89f-9d1613cd7b9c,stateless,56QNY60B2O8JQYVJ,01KKBXCPFKAZGJD9CKQV0WT0T5,56QNY60B2O8JQYVJ,"0,15,30,45 * * * *",job-hunter-bot,[INFO] [Fetcher] Batch recorded 4 source yields,346e138aae29f6b381c1ebae50734856,cf-worker,9652c0eabd8fbe010167fd7787852081,cron,[INFO] [Fetcher] Batch recorded <*> source yields,undefined,undefined,undefined,[]
[INFO] [Connectors] Running greenhouse connector on 4 sources,cloudflare-workers,2026-03-10T13:01:14.919Z,false,"0,15,30,45 * * * *",1773147643000,job-hunter-bot,ok,cron,a7fd90f8-dd89-49cd-a89f-9d1613cd7b9c,stateless,56QNY60B2O8JQYVJ,01KKBXCP97NPG56MCGAG8RCTXK,56QNY60B2O8JQYVJ,"0,15,30,45 * * * *",job-hunter-bot,[INFO] [Connectors] Running greenhouse connector on 4 sources,346e138aae29f6b381c1ebae50734856,cf-worker,9652c0eabd8fbe010167fd7787852081,cron,[INFO] [Connectors] Running <*> connector on <*> sources,undefined,undefined,undefined,[]
[WARN] [Circuit] Skipping https://boards-api.greenhouse.io/v1/boards/plaid/jobs — circuit is OPEN,cloudflare-workers,2026-03-10T13:01:14.687Z,false,"0,15,30,45 * * * *",1773147643000,job-hunter-bot,ok,cron,a7fd90f8-dd89-49cd-a89f-9d1613cd7b9c,stateless,56QNY60B2O8JQYVJ,01KKBXCP1ZQ2V6PHRESXA6K8AJ,56QNY60B2O8JQYVJ,"0,15,30,45 * * * *",job-hunter-bot,[WARN] [Circuit] Skipping https://boards-api.greenhouse.io/v1/boards/plaid/jobs — circuit is OPEN,346e138aae29f6b381c1ebae50734856,cf-worker,9652c0eabd8fbe010167fd7787852081,cron,[WARN] [Circuit] Skipping https://boards-api.greenhouse.io/v1/boards/<*>/jobs — circuit is OPEN,undefined,undefined,undefined,[]
[INFO] [Connectors] Harvest complete | Sources: 2 (greenhouse:2) | Jobs: 508 | Errors: 0,cloudflare-workers,2026-03-10T13:01:13.262Z,false,"0,15,30,45 * * * *",1773147643000,job-hunter-bot,ok,cron,a7fd90f8-dd89-49cd-a89f-9d1613cd7b9c,stateless,56QNY60B2O8JQYVJ,01KKBXCMNEVJHDEN134VD56ZGP,56QNY60B2O8JQYVJ,"0,15,30,45 * * * *",job-hunter-bot,[INFO] [Connectors] Harvest complete | Sources: 2 (greenhouse:2) | Jobs: 508 | Errors: 0,346e138aae29f6b381c1ebae50734856,cf-worker,9652c0eabd8fbe010167fd7787852081,cron,[INFO] [Connectors] Harvest complete | Sources: <*> (<*>) | Jobs: <*> | Errors: <*>,undefined,undefined,undefined,[]
[INFO] [Greenhouse] Datadog: 428 jobs fetched,cloudflare-workers,2026-03-10T13:01:13.262Z,false,"0,15,30,45 * * * *",1773147643000,job-hunter-bot,ok,cron,a7fd90f8-dd89-49cd-a89f-9d1613cd7b9c,stateless,56QNY60B2O8JQYVJ,01KKBXCMNEVJHDEN134VD56ZGN,56QNY60B2O8JQYVJ,"0,15,30,45 * * * *",job-hunter-bot,[INFO] [Greenhouse] Datadog: 428 jobs fetched,346e138aae29f6b381c1ebae50734856,cf-worker,9652c0eabd8fbe010167fd7787852081,cron,[INFO] [Greenhouse] <*>: <*> jobs fetched,undefined,undefined,undefined,[]
[INFO] [Greenhouse] Vercel: 80 jobs fetched,cloudflare-workers,2026-03-10T13:01:11.153Z,false,"0,15,30,45 * * * *",1773147643000,job-hunter-bot,ok,cron,a7fd90f8-dd89-49cd-a89f-9d1613cd7b9c,stateless,56QNY60B2O8JQYVJ,01KKBXCJKHC8QAS6BR8FF1W1VR,56QNY60B2O8JQYVJ,"0,15,30,45 * * * *",job-hunter-bot,[INFO] [Greenhouse] Vercel: 80 jobs fetched,346e138aae29f6b381c1ebae50734856,cf-worker,9652c0eabd8fbe010167fd7787852081,cron,[INFO] [Greenhouse] <*>: <*> jobs fetched,undefined,undefined,undefined,[]
[INFO] [Connectors] Running greenhouse connector on 2 sources,cloudflare-workers,2026-03-10T13:01:11.092Z,false,"0,15,30,45 * * * *",1773147643000,job-hunter-bot,ok,cron,a7fd90f8-dd89-49cd-a89f-9d1613cd7b9c,stateless,56QNY60B2O8JQYVJ,01KKBXCJHM11M6VMX15GSHSR7D,56QNY60B2O8JQYVJ,"0,15,30,45 * * * *",job-hunter-bot,[INFO] [Connectors] Running greenhouse connector on 2 sources,346e138aae29f6b381c1ebae50734856,cf-worker,9652c0eabd8fbe010167fd7787852081,cron,[INFO] [Connectors] Running <*> connector on <*> sources,undefined,undefined,undefined,[]
[WARN] [Circuit] Skipping https://boards-api.greenhouse.io/v1/boards/notion/jobs — circuit is OPEN,cloudflare-workers,2026-03-10T13:01:10.869Z,false,"0,15,30,45 * * * *",1773147643000,job-hunter-bot,ok,cron,a7fd90f8-dd89-49cd-a89f-9d1613cd7b9c,stateless,56QNY60B2O8JQYVJ,01KKBXCJAN00KPKRD5R46GY4YN,56QNY60B2O8JQYVJ,"0,15,30,45 * * * *",job-hunter-bot,[WARN] [Circuit] Skipping https://boards-api.greenhouse.io/v1/boards/notion/jobs — circuit is OPEN,346e138aae29f6b381c1ebae50734856,cf-worker,9652c0eabd8fbe010167fd7787852081,cron,[WARN] [Circuit] Skipping https://boards-api.greenhouse.io/v1/boards/<*>/jobs — circuit is OPEN,undefined,undefined,undefined,[]
[WARN] [Circuit] Skipping https://boards-api.greenhouse.io/v1/boards/linear/jobs — circuit is OPEN,cloudflare-workers,2026-03-10T13:01:10.638Z,false,"0,15,30,45 * * * *",1773147643000,job-hunter-bot,ok,cron,a7fd90f8-dd89-49cd-a89f-9d1613cd7b9c,stateless,56QNY60B2O8JQYVJ,01KKBXCJ3E5B9VAPYKBGKGF56R,56QNY60B2O8JQYVJ,"0,15,30,45 * * * *",job-hunter-bot,[WARN] [Circuit] Skipping https://boards-api.greenhouse.io/v1/boards/linear/jobs — circuit is OPEN,346e138aae29f6b381c1ebae50734856,cf-worker,9652c0eabd8fbe010167fd7787852081,cron,[WARN] [Circuit] Skipping https://boards-api.greenhouse.io/v1/boards/<*>/jobs — circuit is OPEN,undefined,undefined,undefined,[]
[INFO] [Fetcher] Harvest complete. Inserted 6 new jobs (1 dupes filtered).,cloudflare-workers,2026-03-10T13:01:10.626Z,false,"0,15,30,45 * * * *",1773147643000,job-hunter-bot,ok,cron,a7fd90f8-dd89-49cd-a89f-9d1613cd7b9c,stateless,56QNY60B2O8JQYVJ,01KKBXCJ32ZS1JGYGCYZPDQ61V,56QNY60B2O8JQYVJ,"0,15,30,45 * * * *",job-hunter-bot,[INFO] [Fetcher] Harvest complete. Inserted 6 new jobs (1 dupes filtered).,346e138aae29f6b381c1ebae50734856,cf-worker,9652c0eabd8fbe010167fd7787852081,cron,[INFO] [Fetcher] Harvest complete. Inserted <*> new jobs (<*> dupes filtered).,undefined,undefined,undefined,[]
[INFO] [Fetcher] Batch recorded 5 source yields,cloudflare-workers,2026-03-10T13:01:10.626Z,false,"0,15,30,45 * * * *",1773147643000,job-hunter-bot,ok,cron,a7fd90f8-dd89-49cd-a89f-9d1613cd7b9c,stateless,56QNY60B2O8JQYVJ,01KKBXCJ32ZS1JGYGCYZPDQ61T,56QNY60B2O8JQYVJ,"0,15,30,45 * * * *",job-hunter-bot,[INFO] [Fetcher] Batch recorded 5 source yields,346e138aae29f6b381c1ebae50734856,cf-worker,9652c0eabd8fbe010167fd7787852081,cron,[INFO] [Fetcher] Batch recorded <*> source yields,undefined,undefined,undefined,[]
[INFO] [Fetcher] Direct evaluation completed for 6 jobs,cloudflare-workers,2026-03-10T13:01:10.389Z,false,"0,15,30,45 * * * *",1773147643000,job-hunter-bot,ok,cron,a7fd90f8-dd89-49cd-a89f-9d1613cd7b9c,stateless,56QNY60B2O8JQYVJ,01KKBXCHVN3YKMMDEYP81Z69FP,56QNY60B2O8JQYVJ,"0,15,30,45 * * * *",job-hunter-bot,[INFO] [Fetcher] Direct evaluation completed for 6 jobs,346e138aae29f6b381c1ebae50734856,cf-worker,9652c0eabd8fbe010167fd7787852081,cron,[INFO] [Fetcher] Direct evaluation completed for <*> jobs,undefined,undefined,undefined,[]
[INFO] [Threshold] Too few matches (0) → lowering to 30,cloudflare-workers,2026-03-10T13:01:10.389Z,false,"0,15,30,45 * * * *",1773147643000,job-hunter-bot,ok,cron,a7fd90f8-dd89-49cd-a89f-9d1613cd7b9c,stateless,56QNY60B2O8JQYVJ,01KKBXCHVN3YKMMDEYP81Z69FN,56QNY60B2O8JQYVJ,"0,15,30,45 * * * *",job-hunter-bot,[INFO] [Threshold] Too few matches (0) → lowering to 30,346e138aae29f6b381c1ebae50734856,cf-worker,9652c0eabd8fbe010167fd7787852081,cron,[INFO] [Threshold] Too few matches (0) → lowering to 30,undefined,undefined,undefined,[]
[WARN] [Circuit] Skipping https://boards-api.greenhouse.io/v1/boards/supabase/jobs — circuit is OPEN,cloudflare-workers,2026-03-10T13:01:10.314Z,false,"0,15,30,45 * * * *",1773147643000,job-hunter-bot,ok,cron,a7fd90f8-dd89-49cd-a89f-9d1613cd7b9c,stateless,56QNY60B2O8JQYVJ,01KKBXCHSA78QWXTMFS5SQJDK1,56QNY60B2O8JQYVJ,"0,15,30,45 * * * *",job-hunter-bot,[WARN] [Circuit] Skipping https://boards-api.greenhouse.io/v1/boards/supabase/jobs — circuit is OPEN,346e138aae29f6b381c1ebae50734856,cf-worker,9652c0eabd8fbe010167fd7787852081,cron,[WARN] [Circuit] Skipping https://boards-api.greenhouse.io/v1/boards/supabase/jobs — circuit is OPEN,undefined,undefined,undefined,[]
[WARN] [Circuit] OPEN for https://boards-api.greenhouse.io/v1/boards/hashicorp/jobs after 253 consecutive failures. Cooldown: 276min,cloudflare-workers,2026-03-10T13:01:09.481Z,false,"0,15,30,45 * * * *",1773147643000,job-hunter-bot,ok,cron,a7fd90f8-dd89-49cd-a89f-9d1613cd7b9c,stateless,56QNY60B2O8JQYVJ,01KKBXCGZ96HAJJJG2M1H10X8D,56QNY60B2O8JQYVJ,"0,15,30,45 * * * *",job-hunter-bot,[WARN] [Circuit] OPEN for https://boards-api.greenhouse.io/v1/boards/hashicorp/jobs after 253 consecutive failures. Cooldown: 276min,346e138aae29f6b381c1ebae50734856,cf-worker,9652c0eabd8fbe010167fd7787852081,cron,[WARN] [Circuit] OPEN for https://boards-api.greenhouse.io/v1/boards/hashicorp/jobs after 253 consecutive failures. Cooldown: 276min,undefined,undefined,undefined,[]
[INFO] [Connectors] Harvest complete | Sources: 5 (greenhouse:5) | Jobs: 840 | Errors: 1,cloudflare-workers,2026-03-10T13:01:09.223Z,false,"0,15,30,45 * * * *",1773147643000,job-hunter-bot,ok,cron,a7fd90f8-dd89-49cd-a89f-9d1613cd7b9c,stateless,56QNY60B2O8JQYVJ,01KKBXCGQ7WQW6DNB55VTGZ4M1,56QNY60B2O8JQYVJ,"0,15,30,45 * * * *",job-hunter-bot,[INFO] [Connectors] Harvest complete | Sources: 5 (greenhouse:5) | Jobs: 840 | Errors: 1,346e138aae29f6b381c1ebae50734856,cf-worker,9652c0eabd8fbe010167fd7787852081,cron,[INFO] [Connectors] Harvest complete | Sources: 5 (<*>) | Jobs: <*> | Errors: <*>,undefined,undefined,undefined,[]
[INFO] [Greenhouse] Cloudflare: 585 jobs fetched,cloudflare-workers,2026-03-10T13:01:09.223Z,false,"0,15,30,45 * * * *",1773147643000,job-hunter-bot,ok,cron,a7fd90f8-dd89-49cd-a89f-9d1613cd7b9c,stateless,56QNY60B2O8JQYVJ,01KKBXCGQ7WQW6DNB55VTGZ4M0,56QNY60B2O8JQYVJ,"0,15,30,45 * * * *",job-hunter-bot,[INFO] [Greenhouse] Cloudflare: 585 jobs fetched,346e138aae29f6b381c1ebae50734856,cf-worker,9652c0eabd8fbe010167fd7787852081,cron,[INFO] [Greenhouse] <*>: <*> jobs fetched,undefined,undefined,undefined,[]
[INFO] [Greenhouse] Netlify: 2 jobs fetched,cloudflare-workers,2026-03-10T13:01:08.883Z,false,"0,15,30,45 * * * *",1773147643000,job-hunter-bot,ok,cron,a7fd90f8-dd89-49cd-a89f-9d1613cd7b9c,stateless,56QNY60B2O8JQYVJ,01KKBXCGCK1FMCNZJ145RFSVW0,56QNY60B2O8JQYVJ,"0,15,30,45 * * * *",job-hunter-bot,[INFO] [Greenhouse] Netlify: 2 jobs fetched,346e138aae29f6b381c1ebae50734856,cf-worker,9652c0eabd8fbe010167fd7787852081,cron,[INFO] [Greenhouse] <*>: <*> jobs fetched,undefined,undefined,undefined,[]
[INFO] [Fetcher] Harvest complete. Inserted 2 new jobs (1 dupes filtered).,cloudflare-workers,2026-03-10T13:01:07.754Z,false,"0,15,30,45 * * * *",1773147643000,job-hunter-bot,ok,cron,a7fd90f8-dd89-49cd-a89f-9d1613cd7b9c,stateless,56QNY60B2O8JQYVJ,01KKBXCF9AKN215H18SVC2YNDK,56QNY60B2O8JQYVJ,"0,15,30,45 * * * *",job-hunter-bot,[INFO] [Fetcher] Harvest complete. Inserted 2 new jobs (1 dupes filtered).,346e138aae29f6b381c1ebae50734856,cf-worker,9652c0eabd8fbe010167fd7787852081,cron,[INFO] [Fetcher] Harvest complete. Inserted <*> new jobs (<*> dupes filtered).,undefined,undefined,undefined,[]
[INFO] [Fetcher] Batch recorded 5 source yields,cloudflare-workers,2026-03-10T13:01:07.754Z,false,"0,15,30,45 * * * *",1773147643000,job-hunter-bot,ok,cron,a7fd90f8-dd89-49cd-a89f-9d1613cd7b9c,stateless,56QNY60B2O8JQYVJ,01KKBXCF9AKN215H18SVC2YNDJ,56QNY60B2O8JQYVJ,"0,15,30,45 * * * *",job-hunter-bot,[INFO] [Fetcher] Batch recorded 5 source yields,346e138aae29f6b381c1ebae50734856,cf-worker,9652c0eabd8fbe010167fd7787852081,cron,[INFO] [Fetcher] Batch recorded <*> source yields,undefined,undefined,undefined,[]
[INFO] [Fetcher] Direct evaluation completed for 2 jobs,cloudflare-workers,2026-03-10T13:01:07.534Z,false,"0,15,30,45 * * * *",1773147643000,job-hunter-bot,ok,cron,a7fd90f8-dd89-49cd-a89f-9d1613cd7b9c,stateless,56QNY60B2O8JQYVJ,01KKBXCF2EPRTP44GT0XNH25MJ,56QNY60B2O8JQYVJ,"0,15,30,45 * * * *",job-hunter-bot,[INFO] [Fetcher] Direct evaluation completed for 2 jobs,346e138aae29f6b381c1ebae50734856,cf-worker,9652c0eabd8fbe010167fd7787852081,cron,[INFO] [Fetcher] Direct evaluation completed for <*> jobs,undefined,undefined,undefined,[]
[INFO] [Threshold] Too few matches (0) → lowering to 30,cloudflare-workers,2026-03-10T13:01:07.534Z,false,"0,15,30,45 * * * *",1773147643000,job-hunter-bot,ok,cron,a7fd90f8-dd89-49cd-a89f-9d1613cd7b9c,stateless,56QNY60B2O8JQYVJ,01KKBXCF2EPRTP44GT0XNH25MH,56QNY60B2O8JQYVJ,"0,15,30,45 * * * *",job-hunter-bot,[INFO] [Threshold] Too few matches (0) → lowering to 30,346e138aae29f6b381c1ebae50734856,cf-worker,9652c0eabd8fbe010167fd7787852081,cron,[INFO] [Threshold] Too few matches (0) → lowering to 30,undefined,undefined,undefined,[]
"[WARN] [Retry] Attempt 3/4 failed (Queue sendBatch failed: Too Many Requests), retrying in 2041ms...",cloudflare-workers,2026-03-10T13:01:07.434Z,false,"0,15,30,45 * * * *",1773147643000,job-hunter-bot,ok,cron,a7fd90f8-dd89-49cd-a89f-9d1613cd7b9c,stateless,56QNY60B2O8JQYVJ,01KKBXCEZAXCAAX7399XW8DRKK,56QNY60B2O8JQYVJ,"0,15,30,45 * * * *",job-hunter-bot,"[WARN] [Retry] Attempt 3/4 failed (Queue sendBatch failed: Too Many Requests), retrying in 2041ms...",346e138aae29f6b381c1ebae50734856,cf-worker,9652c0eabd8fbe010167fd7787852081,cron,"[WARN] [Retry] Attempt <*>/4 failed (Queue sendBatch failed: Too Many Requests), retrying in <*>...",undefined,undefined,undefined,[]
[INFO] [Greenhouse] Figma: 171 jobs fetched,cloudflare-workers,2026-03-10T13:01:07.087Z,false,"0,15,30,45 * * * *",1773147643000,job-hunter-bot,ok,cron,a7fd90f8-dd89-49cd-a89f-9d1613cd7b9c,stateless,56QNY60B2O8JQYVJ,01KKBXCEMF3XMC23PDC3THY02M,56QNY60B2O8JQYVJ,"0,15,30,45 * * * *",job-hunter-bot,[INFO] [Greenhouse] Figma: 171 jobs fetched,346e138aae29f6b381c1ebae50734856,cf-worker,9652c0eabd8fbe010167fd7787852081,cron,[INFO] [Greenhouse] <*>: <*> jobs fetched,undefined,undefined,undefined,[]
[INFO] [Greenhouse] Discord: 82 jobs fetched,cloudflare-workers,2026-03-10T13:01:06.974Z,false,"0,15,30,45 * * * *",1773147643000,job-hunter-bot,ok,cron,a7fd90f8-dd89-49cd-a89f-9d1613cd7b9c,stateless,56QNY60B2O8JQYVJ,01KKBXCEGY836JYGNVKE5M33PS,56QNY60B2O8JQYVJ,"0,15,30,45 * * * *",job-hunter-bot,[INFO] [Greenhouse] Discord: 82 jobs fetched,346e138aae29f6b381c1ebae50734856,cf-worker,9652c0eabd8fbe010167fd7787852081,cron,[INFO] [Greenhouse] <*>: <*> jobs fetched,undefined,undefined,undefined,[]
[WARN] [Greenhouse] HashiCorp failed: HTTP 404: Not Found,cloudflare-workers,2026-03-10T13:01:06.955Z,false,"0,15,30,45 * * * *",1773147643000,job-hunter-bot,ok,cron,a7fd90f8-dd89-49cd-a89f-9d1613cd7b9c,stateless,56QNY60B2O8JQYVJ,01KKBXCEGBG579D9FZFG3V6ZJT,56QNY60B2O8JQYVJ,"0,15,30,45 * * * *",job-hunter-bot,[WARN] [Greenhouse] HashiCorp failed: HTTP 404: Not Found,346e138aae29f6b381c1ebae50734856,cf-worker,9652c0eabd8fbe010167fd7787852081,cron,[WARN] [Greenhouse] <*> failed: HTTP 404: Not Found,undefined,undefined,undefined,[]
[INFO] [Connectors] Running greenhouse connector on 5 sources,cloudflare-workers,2026-03-10T13:01:06.731Z,false,"0,15,30,45 * * * *",1773147643000,job-hunter-bot,ok,cron,a7fd90f8-dd89-49cd-a89f-9d1613cd7b9c,stateless,56QNY60B2O8JQYVJ,01KKBXCE9B98KM5ATD8FREFC8K,56QNY60B2O8JQYVJ,"0,15,30,45 * * * *",job-hunter-bot,[INFO] [Connectors] Running greenhouse connector on 5 sources,346e138aae29f6b381c1ebae50734856,cf-worker,9652c0eabd8fbe010167fd7787852081,cron,[INFO] [Connectors] Running <*> connector on 5 sources,undefined,undefined,undefined,[]
"[WARN] [Retry] Attempt 2/4 failed (Queue sendBatch failed: Too Many Requests), retrying in 1070ms...",cloudflare-workers,2026-03-10T13:01:06.351Z,false,"0,15,30,45 * * * *",1773147643000,job-hunter-bot,ok,cron,a7fd90f8-dd89-49cd-a89f-9d1613cd7b9c,stateless,56QNY60B2O8JQYVJ,01KKBXCDXFK0SFV37V38X5TFZM,56QNY60B2O8JQYVJ,"0,15,30,45 * * * *",job-hunter-bot,"[WARN] [Retry] Attempt 2/4 failed (Queue sendBatch failed: Too Many Requests), retrying in 1070ms...",346e138aae29f6b381c1ebae50734856,cf-worker,9652c0eabd8fbe010167fd7787852081,cron,"[WARN] [Retry] Attempt <*>/4 failed (Queue sendBatch failed: Too Many Requests), retrying in <*>...",undefined,undefined,undefined,[]
"[WARN] [Retry] Attempt 1/4 failed (Queue sendBatch failed: Too Many Requests), retrying in 554ms...",cloudflare-workers,2026-03-10T13:01:05.780Z,false,"0,15,30,45 * * * *",1773147643000,job-hunter-bot,ok,cron,a7fd90f8-dd89-49cd-a89f-9d1613cd7b9c,stateless,56QNY60B2O8JQYVJ,01KKBXCDBMQRFQ74E4Q3Y59R7S,56QNY60B2O8JQYVJ,"0,15,30,45 * * * *",job-hunter-bot,"[WARN] [Retry] Attempt 1/4 failed (Queue sendBatch failed: Too Many Requests), retrying in 554ms...",346e138aae29f6b381c1ebae50734856,cf-worker,9652c0eabd8fbe010167fd7787852081,cron,"[WARN] [Retry] Attempt <*>/4 failed (Queue sendBatch failed: Too Many Requests), retrying in <*>...",undefined,undefined,undefined,[]
[INFO] [D1] Batch inserted 6 new jobs (1 dupes) in 1 batches,cloudflare-workers,2026-03-10T13:01:05.766Z,false,"0,15,30,45 * * * *",1773147643000,job-hunter-bot,ok,cron,a7fd90f8-dd89-49cd-a89f-9d1613cd7b9c,stateless,56QNY60B2O8JQYVJ,01KKBXCDB6844XE6QQMDA4GRR4,56QNY60B2O8JQYVJ,"0,15,30,45 * * * *",job-hunter-bot,[INFO] [D1] Batch inserted 6 new jobs (1 dupes) in 1 batches,346e138aae29f6b381c1ebae50734856,cf-worker,9652c0eabd8fbe010167fd7787852081,cron,[INFO] [D1] Batch inserted <*> new jobs (<*> dupes) in <*> batches,undefined,undefined,undefined,[]
[INFO] [Connectors] Harvest complete | Sources: 5 (rss:5) | Jobs: 7 | Errors: 0,cloudflare-workers,2026-03-10T13:01:05.115Z,false,"0,15,30,45 * * * *",1773147643000,job-hunter-bot,ok,cron,a7fd90f8-dd89-49cd-a89f-9d1613cd7b9c,stateless,56QNY60B2O8JQYVJ,01KKBXCCPV8QQDZC5Y0F6YZM8D,56QNY60B2O8JQYVJ,"0,15,30,45 * * * *",job-hunter-bot,[INFO] [Connectors] Harvest complete | Sources: 5 (rss:5) | Jobs: 7 | Errors: 0,346e138aae29f6b381c1ebae50734856,cf-worker,9652c0eabd8fbe010167fd7787852081,cron,[INFO] [Connectors] Harvest complete | Sources: 5 (rss:5) | Jobs: <*> | Errors: 0,undefined,undefined,undefined,[]
[INFO] [RSS] Cursor filtered 10 seen items from remoteworkhub — 0 new,cloudflare-workers,2026-03-10T13:01:05.115Z,false,"0,15,30,45 * * * *",1773147643000,job-hunter-bot,ok,cron,a7fd90f8-dd89-49cd-a89f-9d1613cd7b9c,stateless,56QNY60B2O8JQYVJ,01KKBXCCPV8QQDZC5Y0F6YZM8C,56QNY60B2O8JQYVJ,"0,15,30,45 * * * *",job-hunter-bot,[INFO] [RSS] Cursor filtered 10 seen items from remoteworkhub — 0 new,346e138aae29f6b381c1ebae50734856,cf-worker,9652c0eabd8fbe010167fd7787852081,cron,[INFO] [RSS] Cursor filtered <*> seen items from <*> — <*> new,undefined,undefined,undefined,[]
[INFO] [Fetcher] Harvest complete. Inserted 2 new jobs (0 dupes filtered).,cloudflare-workers,2026-03-10T13:01:04.931Z,false,"0,15,30,45 * * * *",1773147643000,job-hunter-bot,ok,cron,a7fd90f8-dd89-49cd-a89f-9d1613cd7b9c,stateless,56QNY60B2O8JQYVJ,01KKBXCCH381YFKXKAF4K29NHV,56QNY60B2O8JQYVJ,"0,15,30,45 * * * *",job-hunter-bot,[INFO] [Fetcher] Harvest complete. Inserted 2 new jobs (0 dupes filtered).,346e138aae29f6b381c1ebae50734856,cf-worker,9652c0eabd8fbe010167fd7787852081,cron,[INFO] [Fetcher] Harvest complete. Inserted <*> new jobs (0 dupes filtered).,undefined,undefined,undefined,[]
[INFO] [Fetcher] Batch recorded 5 source yields,cloudflare-workers,2026-03-10T13:01:04.931Z,false,"0,15,30,45 * * * *",1773147643000,job-hunter-bot,ok,cron,a7fd90f8-dd89-49cd-a89f-9d1613cd7b9c,stateless,56QNY60B2O8JQYVJ,01KKBXCCH381YFKXKAF4K29NHT,56QNY60B2O8JQYVJ,"0,15,30,45 * * * *",job-hunter-bot,[INFO] [Fetcher] Batch recorded 5 source yields,346e138aae29f6b381c1ebae50734856,cf-worker,9652c0eabd8fbe010167fd7787852081,cron,[INFO] [Fetcher] Batch recorded <*> source yields,undefined,undefined,undefined,[]
"[WARN] [Retry] Attempt 3/4 failed (Queue sendBatch failed: Too Many Requests), retrying in 2006ms...",cloudflare-workers,2026-03-10T13:01:04.730Z,false,"0,15,30,45 * * * *",1773147643000,job-hunter-bot,ok,cron,a7fd90f8-dd89-49cd-a89f-9d1613cd7b9c,stateless,56QNY60B2O8JQYVJ,01KKBXCCATAHYYCG39JP29MJH6,56QNY60B2O8JQYVJ,"0,15,30,45 * * * *",job-hunter-bot,"[WARN] [Retry] Attempt 3/4 failed (Queue sendBatch failed: Too Many Requests), retrying in 2006ms...",346e138aae29f6b381c1ebae50734856,cf-worker,9652c0eabd8fbe010167fd7787852081,cron,"[WARN] [Retry] Attempt <*>/4 failed (Queue sendBatch failed: Too Many Requests), retrying in <*>...",undefined,undefined,undefined,[]
[INFO] [RSS] Cursor filtered 19 seen items from landing — 0 new,cloudflare-workers,2026-03-10T13:01:04.724Z,false,"0,15,30,45 * * * *",1773147643000,job-hunter-bot,ok,cron,a7fd90f8-dd89-49cd-a89f-9d1613cd7b9c,stateless,56QNY60B2O8JQYVJ,01KKBXCCAMNFYMDD5X7YENQVDP,56QNY60B2O8JQYVJ,"0,15,30,45 * * * *",job-hunter-bot,[INFO] [RSS] Cursor filtered 19 seen items from landing — 0 new,346e138aae29f6b381c1ebae50734856,cf-worker,9652c0eabd8fbe010167fd7787852081,cron,[INFO] [RSS] Cursor filtered <*> seen items from <*> — <*> new,undefined,undefined,undefined,[]
[INFO] [Fetcher] Direct evaluation completed for 2 jobs,cloudflare-workers,2026-03-10T13:01:04.714Z,false,"0,15,30,45 * * * *",1773147643000,job-hunter-bot,ok,cron,a7fd90f8-dd89-49cd-a89f-9d1613cd7b9c,stateless,56QNY60B2O8JQYVJ,01KKBXCCAAJ5TZQZJVRN7QFXPA,56QNY60B2O8JQYVJ,"0,15,30,45 * * * *",job-hunter-bot,[INFO] [Fetcher] Direct evaluation completed for 2 jobs,346e138aae29f6b381c1ebae50734856,cf-worker,9652c0eabd8fbe010167fd7787852081,cron,[INFO] [Fetcher] Direct evaluation completed for <*> jobs,undefined,undefined,undefined,[]
[INFO] [Threshold] Too few matches (0) → lowering to 30,cloudflare-workers,2026-03-10T13:01:04.714Z,false,"0,15,30,45 * * * *",1773147643000,job-hunter-bot,ok,cron,a7fd90f8-dd89-49cd-a89f-9d1613cd7b9c,stateless,56QNY60B2O8JQYVJ,01KKBXCCAAJ5TZQZJVRN7QFXP9,56QNY60B2O8JQYVJ,"0,15,30,45 * * * *",job-hunter-bot,[INFO] [Threshold] Too few matches (0) → lowering to 30,346e138aae29f6b381c1ebae50734856,cf-worker,9652c0eabd8fbe010167fd7787852081,cron,[INFO] [Threshold] Too few matches (0) → lowering to 30,undefined,undefined,undefined,[]
[INFO] [RSS] Cursor filtered 100 seen items from cryptojobslist — 0 new,cloudflare-workers,2026-03-10T13:01:04.176Z,false,"0,15,30,45 * * * *",1773147643000,job-hunter-bot,ok,cron,a7fd90f8-dd89-49cd-a89f-9d1613cd7b9c,stateless,56QNY60B2O8JQYVJ,01KKBXCBSGCQ2T6WJB9JY3SM5D,56QNY60B2O8JQYVJ,"0,15,30,45 * * * *",job-hunter-bot,[INFO] [RSS] Cursor filtered 100 seen items from cryptojobslist — 0 new,346e138aae29f6b381c1ebae50734856,cf-worker,9652c0eabd8fbe010167fd7787852081,cron,[INFO] [RSS] Cursor filtered <*> seen items from <*> — <*> new,undefined,undefined,undefined,[]
[INFO] [RSS] Cursor filtered 20 seen items from jobspresso — 0 new,cloudflare-workers,2026-03-10T13:01:04.146Z,false,"0,15,30,45 * * * *",1773147643000,job-hunter-bot,ok,cron,a7fd90f8-dd89-49cd-a89f-9d1613cd7b9c,stateless,56QNY60B2O8JQYVJ,01KKBXCBRJJM8CEY2WSSPJMSRM,56QNY60B2O8JQYVJ,"0,15,30,45 * * * *",job-hunter-bot,[INFO] [RSS] Cursor filtered 20 seen items from jobspresso — 0 new,346e138aae29f6b381c1ebae50734856,cf-worker,9652c0eabd8fbe010167fd7787852081,cron,[INFO] [RSS] Cursor filtered <*> seen items from <*> — <*> new,undefined,undefined,undefined,[]
[INFO] [RSS] Cursor filtered 68 seen items from cryptocurrencyjobs — 7 new,cloudflare-workers,2026-03-10T13:01:04.073Z,false,"0,15,30,45 * * * *",1773147643000,job-hunter-bot,ok,cron,a7fd90f8-dd89-49cd-a89f-9d1613cd7b9c,stateless,56QNY60B2O8JQYVJ,01KKBXCBP955110N8N161CB95A,56QNY60B2O8JQYVJ,"0,15,30,45 * * * *",job-hunter-bot,[INFO] [RSS] Cursor filtered 68 seen items from cryptocurrencyjobs — 7 new,346e138aae29f6b381c1ebae50734856,cf-worker,9652c0eabd8fbe010167fd7787852081,cron,[INFO] [RSS] Cursor filtered <*> seen items from <*> — <*> new,undefined,undefined,undefined,[]
[INFO] [Connectors] Running rss connector on 5 sources,cloudflare-workers,2026-03-10T13:01:03.975Z,false,"0,15,30,45 * * * *",1773147643000,job-hunter-bot,ok,cron,a7fd90f8-dd89-49cd-a89f-9d1613cd7b9c,stateless,56QNY60B2O8JQYVJ,01KKBXCBK7MYRS3PSWWB9HJEXF,56QNY60B2O8JQYVJ,"0,15,30,45 * * * *",job-hunter-bot,[INFO] [Connectors] Running rss connector on 5 sources,346e138aae29f6b381c1ebae50734856,cf-worker,9652c0eabd8fbe010167fd7787852081,cron,[INFO] [Connectors] Running <*> connector on <*> sources,undefined,undefined,undefined,[]
"[WARN] [Retry] Attempt 2/4 failed (Queue sendBatch failed: Too Many Requests), retrying in 1099ms...",cloudflare-workers,2026-03-10T13:01:03.619Z,false,"0,15,30,45 * * * *",1773147643000,job-hunter-bot,ok,cron,a7fd90f8-dd89-49cd-a89f-9d1613cd7b9c,stateless,56QNY60B2O8JQYVJ,01KKBXCB83MSTDQ4YM9JX3GPZN,56QNY60B2O8JQYVJ,"0,15,30,45 * * * *",job-hunter-bot,"[WARN] [Retry] Attempt 2/4 failed (Queue sendBatch failed: Too Many Requests), retrying in 1099ms...",346e138aae29f6b381c1ebae50734856,cf-worker,9652c0eabd8fbe010167fd7787852081,cron,"[WARN] [Retry] Attempt <*>/4 failed (Queue sendBatch failed: Too Many Requests), retrying in <*>...",undefined,undefined,undefined,[]
"[WARN] [Retry] Attempt 1/4 failed (Queue sendBatch failed: Too Many Requests), retrying in 520ms...",cloudflare-workers,2026-03-10T13:01:03.088Z,false,"0,15,30,45 * * * *",1773147643000,job-hunter-bot,ok,cron,a7fd90f8-dd89-49cd-a89f-9d1613cd7b9c,stateless,56QNY60B2O8JQYVJ,01KKBXCAQG2EW3TP720DDXQSWH,56QNY60B2O8JQYVJ,"0,15,30,45 * * * *",job-hunter-bot,"[WARN] [Retry] Attempt 1/4 failed (Queue sendBatch failed: Too Many Requests), retrying in 520ms...",346e138aae29f6b381c1ebae50734856,cf-worker,9652c0eabd8fbe010167fd7787852081,cron,"[WARN] [Retry] Attempt <*>/4 failed (Queue sendBatch failed: Too Many Requests), retrying in <*>...",undefined,undefined,undefined,[]
[INFO] [D1] Batch inserted 2 new jobs (1 dupes) in 1 batches,cloudflare-workers,2026-03-10T13:01:03.064Z,false,"0,15,30,45 * * * *",1773147643000,job-hunter-bot,ok,cron,a7fd90f8-dd89-49cd-a89f-9d1613cd7b9c,stateless,56QNY60B2O8JQYVJ,01KKBXCAPRDYCQ0RN3PVBGSW3V,56QNY60B2O8JQYVJ,"0,15,30,45 * * * *",job-hunter-bot,[INFO] [D1] Batch inserted 2 new jobs (1 dupes) in 1 batches,346e138aae29f6b381c1ebae50734856,cf-worker,9652c0eabd8fbe010167fd7787852081,cron,[INFO] [D1] Batch inserted <*> new jobs (<*> dupes) in <*> batches,undefined,undefined,undefined,[]
[INFO] [Connectors] Harvest complete | Sources: 5 (rss:5) | Jobs: 3 | Errors: 0,cloudflare-workers,2026-03-10T13:01:02.459Z,false,"0,15,30,45 * * * *",1773147643000,job-hunter-bot,ok,cron,a7fd90f8-dd89-49cd-a89f-9d1613cd7b9c,stateless,56QNY60B2O8JQYVJ,01KKBXCA3VB0P3KGP0XRHH2S57,56QNY60B2O8JQYVJ,"0,15,30,45 * * * *",job-hunter-bot,[INFO] [Connectors] Harvest complete | Sources: 5 (rss:5) | Jobs: 3 | Errors: 0,346e138aae29f6b381c1ebae50734856,cf-worker,9652c0eabd8fbe010167fd7787852081,cron,[INFO] [Connectors] Harvest complete | Sources: 5 (rss:5) | Jobs: <*> | Errors: 0,undefined,undefined,undefined,[]
[INFO] [Fetcher] Harvest complete. Inserted 1 new jobs (0 dupes filtered).,cloudflare-workers,2026-03-10T13:01:02.291Z,false,"0,15,30,45 * * * *",1773147643000,job-hunter-bot,ok,cron,a7fd90f8-dd89-49cd-a89f-9d1613cd7b9c,stateless,56QNY60B2O8JQYVJ,01KKBXC9YKPHHJFVE33NC20Q4D,56QNY60B2O8JQYVJ,"0,15,30,45 * * * *",job-hunter-bot,[INFO] [Fetcher] Harvest complete. Inserted 1 new jobs (0 dupes filtered).,346e138aae29f6b381c1ebae50734856,cf-worker,9652c0eabd8fbe010167fd7787852081,cron,[INFO] [Fetcher] Harvest complete. Inserted <*> new jobs (0 dupes filtered).,undefined,undefined,undefined,[]
[INFO] [Fetcher] Batch recorded 5 source yields,cloudflare-workers,2026-03-10T13:01:02.291Z,false,"0,15,30,45 * * * *",1773147643000,job-hunter-bot,ok,cron,a7fd90f8-dd89-49cd-a89f-9d1613cd7b9c,stateless,56QNY60B2O8JQYVJ,01KKBXC9YKPHHJFVE33NC20Q4C,56QNY60B2O8JQYVJ,"0,15,30,45 * * * *",job-hunter-bot,[INFO] [Fetcher] Batch recorded 5 source yields,346e138aae29f6b381c1ebae50734856,cf-worker,9652c0eabd8fbe010167fd7787852081,cron,[INFO] [Fetcher] Batch recorded <*> source yields,undefined,undefined,undefined,[]
[INFO] [RSS] Cursor filtered 37 seen items from hasjob — 1 new,cloudflare-workers,2026-03-10T13:01:02.192Z,false,"0,15,30,45 * * * *",1773147643000,job-hunter-bot,ok,cron,a7fd90f8-dd89-49cd-a89f-9d1613cd7b9c,stateless,56QNY60B2O8JQYVJ,01KKBXC9VG5RVZTBYJ0VPW03YD,56QNY60B2O8JQYVJ,"0,15,30,45 * * * *",job-hunter-bot,[INFO] [RSS] Cursor filtered 37 seen items from hasjob — 1 new,346e138aae29f6b381c1ebae50734856,cf-worker,9652c0eabd8fbe010167fd7787852081,cron,[INFO] [RSS] Cursor filtered <*> seen items from <*> — <*> new,undefined,undefined,undefined,[]
[INFO] [Fetcher] Direct evaluation completed for 1 jobs,cloudflare-workers,2026-03-10T13:01:02.077Z,false,"0,15,30,45 * * * *",1773147643000,job-hunter-bot,ok,cron,a7fd90f8-dd89-49cd-a89f-9d1613cd7b9c,stateless,56QNY60B2O8JQYVJ,01KKBXC9QXWHSB78DTRR1NS1XJ,56QNY60B2O8JQYVJ,"0,15,30,45 * * * *",job-hunter-bot,[INFO] [Fetcher] Direct evaluation completed for 1 jobs,346e138aae29f6b381c1ebae50734856,cf-worker,9652c0eabd8fbe010167fd7787852081,cron,[INFO] [Fetcher] Direct evaluation completed for <*> jobs,undefined,undefined,undefined,[]
[INFO] [Threshold] Too few matches (0) → lowering to 30,cloudflare-workers,2026-03-10T13:01:02.077Z,false,"0,15,30,45 * * * *",1773147643000,job-hunter-bot,ok,cron,a7fd90f8-dd89-49cd-a89f-9d1613cd7b9c,stateless,56QNY60B2O8JQYVJ,01KKBXC9QXWHSB78DTRR1NS1XH,56QNY60B2O8JQYVJ,"0,15,30,45 * * * *",job-hunter-bot,[INFO] [Threshold] Too few matches (0) → lowering to 30,346e138aae29f6b381c1ebae50734856,cf-worker,9652c0eabd8fbe010167fd7787852081,cron,[INFO] [Threshold] Too few matches (0) → lowering to 30,undefined,undefined,undefined,[]
[INFO] [RSS] Cursor filtered 10 seen items from fossjobs — 0 new,cloudflare-workers,2026-03-10T13:01:01.918Z,false,"0,15,30,45 * * * *",1773147643000,job-hunter-bot,ok,cron,a7fd90f8-dd89-49cd-a89f-9d1613cd7b9c,stateless,56QNY60B2O8JQYVJ,01KKBXC9JYJ9YY6W8DM9R3SMBJ,56QNY60B2O8JQYVJ,"0,15,30,45 * * * *",job-hunter-bot,[INFO] [RSS] Cursor filtered 10 seen items from fossjobs — 0 new,346e138aae29f6b381c1ebae50734856,cf-worker,9652c0eabd8fbe010167fd7787852081,cron,[INFO] [RSS] Cursor filtered <*> seen items from <*> — <*> new,undefined,undefined,undefined,[]
"[WARN] [Retry] Attempt 3/4 failed (Queue sendBatch failed: Too Many Requests), retrying in 2091ms...",cloudflare-workers,2026-03-10T13:01:01.799Z,false,"0,15,30,45 * * * *",1773147643000,job-hunter-bot,ok,cron,a7fd90f8-dd89-49cd-a89f-9d1613cd7b9c,stateless,56QNY60B2O8JQYVJ,01KKBXC9GFG19VPM5QBBDAVZB0,56QNY60B2O8JQYVJ,"0,15,30,45 * * * *",job-hunter-bot,"[WARN] [Retry] Attempt 3/4 failed (Queue sendBatch failed: Too Many Requests), retrying in 2091ms...",346e138aae29f6b381c1ebae50734856,cf-worker,9652c0eabd8fbe010167fd7787852081,cron,"[WARN] [Retry] Attempt <*>/4 failed (Queue sendBatch failed: Too Many Requests), retrying in <*>...",undefined,undefined,undefined,[]
[INFO] [RSS] Cursor filtered 97 seen items from remoteok — 2 new,cloudflare-workers,2026-03-10T13:01:01.557Z,false,"0,15,30,45 * * * *",1773147643000,job-hunter-bot,ok,cron,a7fd90f8-dd89-49cd-a89f-9d1613cd7b9c,stateless,56QNY60B2O8JQYVJ,01KKBXC9GFG19VPM5QBBDAVZAZ,56QNY60B2O8JQYVJ,"0,15,30,45 * * * *",job-hunter-bot,[INFO] [RSS] Cursor filtered 97 seen items from remoteok — 2 new,346e138aae29f6b381c1ebae50734856,cf-worker,9652c0eabd8fbe010167fd7787852081,cron,[INFO] [RSS] Cursor filtered <*> seen items from <*> — <*> new,undefined,undefined,undefined,[]
[INFO] [RSS] Cursor filtered 99 seen items from dribbble — 0 new,cloudflare-workers,2026-03-10T13:01:01.473Z,false,"0,15,30,45 * * * *",1773147643000,job-hunter-bot,ok,cron,a7fd90f8-dd89-49cd-a89f-9d1613cd7b9c,stateless,56QNY60B2O8JQYVJ,01KKBXC9GFG19VPM5QBBDAVZAY,56QNY60B2O8JQYVJ,"0,15,30,45 * * * *",job-hunter-bot,[INFO] [RSS] Cursor filtered 99 seen items from dribbble — 0 new,346e138aae29f6b381c1ebae50734856,cf-worker,9652c0eabd8fbe010167fd7787852081,cron,[INFO] [RSS] Cursor filtered <*> seen items from <*> — <*> new,undefined,undefined,undefined,[]
[INFO] [RSS] Cursor filtered 26 seen items from app — 0 new,cloudflare-workers,2026-03-10T13:01:01.448Z,false,"0,15,30,45 * * * *",1773147643000,job-hunter-bot,ok,cron,a7fd90f8-dd89-49cd-a89f-9d1613cd7b9c,stateless,56QNY60B2O8JQYVJ,01KKBXC9GFG19VPM5QBBDAVZAX,56QNY60B2O8JQYVJ,"0,15,30,45 * * * *",job-hunter-bot,[INFO] [RSS] Cursor filtered 26 seen items from app — 0 new,346e138aae29f6b381c1ebae50734856,cf-worker,9652c0eabd8fbe010167fd7787852081,cron,[INFO] [RSS] Cursor filtered <*> seen items from <*> — <*> new,undefined,undefined,undefined,[]
[INFO] [Fetcher] Harvest complete. Inserted 100 new jobs (0 dupes filtered).,cloudflare-workers,2026-03-10T13:01:01.399Z,false,"0,15,30,45 * * * *",1773147643000,job-hunter-bot,ok,cron,a7fd90f8-dd89-49cd-a89f-9d1613cd7b9c,stateless,56QNY60B2O8JQYVJ,01KKBXC9GFG19VPM5QBBDAVZAW,56QNY60B2O8JQYVJ,"0,15,30,45 * * * *",job-hunter-bot,[INFO] [Fetcher] Harvest complete. Inserted 100 new jobs (0 dupes filtered).,346e138aae29f6b381c1ebae50734856,cf-worker,9652c0eabd8fbe010167fd7787852081,cron,[INFO] [Fetcher] Harvest complete. Inserted <*> new jobs (<*> dupes filtered).,undefined,undefined,undefined,[]
[INFO] [Fetcher] Batch recorded 5 source yields,cloudflare-workers,2026-03-10T13:01:01.211Z,false,"0,15,30,45 * * * *",1773147643000,job-hunter-bot,ok,cron,a7fd90f8-dd89-49cd-a89f-9d1613cd7b9c,stateless,56QNY60B2O8JQYVJ,01KKBXC9GFG19VPM5QBBDAVZAT,56QNY60B2O8JQYVJ,"0,15,30,45 * * * *",job-hunter-bot,[INFO] [Fetcher] Batch recorded 5 source yields,346e138aae29f6b381c1ebae50734856,cf-worker,9652c0eabd8fbe010167fd7787852081,cron,[INFO] [Fetcher] Batch recorded <*> source yields,undefined,undefined,undefined,[]
[INFO] [Connectors] Running rss connector on 5 sources,cloudflare-workers,2026-03-10T13:01:00.989Z,false,"0,15,30,45 * * * *",1773147643000,job-hunter-bot,ok,cron,a7fd90f8-dd89-49cd-a89f-9d1613cd7b9c,stateless,56QNY60B2O8JQYVJ,01KKBXC9GFG19VPM5QBBDAVZAS,56QNY60B2O8JQYVJ,"0,15,30,45 * * * *",job-hunter-bot,[INFO] [Connectors] Running rss connector on 5 sources,346e138aae29f6b381c1ebae50734856,cf-worker,9652c0eabd8fbe010167fd7787852081,cron,[INFO] [Connectors] Running <*> connector on <*> sources,undefined,undefined,undefined,[]
[INFO] [Discovery] Queued 1 company domains for career probing,cloudflare-workers,2026-03-10T13:01:00.829Z,false,"0,15,30,45 * * * *",1773147643000,job-hunter-bot,ok,cron,a7fd90f8-dd89-49cd-a89f-9d1613cd7b9c,stateless,56QNY60B2O8JQYVJ,01KKBXC9GFG19VPM5QBBDAVZAR,56QNY60B2O8JQYVJ,"0,15,30,45 * * * *",job-hunter-bot,[INFO] [Discovery] Queued 1 company domains for career probing,346e138aae29f6b381c1ebae50734856,cf-worker,9652c0eabd8fbe010167fd7787852081,cron,[INFO] [Discovery] Queued 1 company domains for career probing,undefined,undefined,undefined,[]
"[WARN] [Retry] Attempt 2/4 failed (Queue sendBatch failed: Too Many Requests), retrying in 1022ms...",cloudflare-workers,2026-03-10T13:01:00.764Z,false,"0,15,30,45 * * * *",1773147643000,job-hunter-bot,ok,cron,a7fd90f8-dd89-49cd-a89f-9d1613cd7b9c,stateless,56QNY60B2O8JQYVJ,01KKBXC9GFG19VPM5QBBDAVZAQ,56QNY60B2O8JQYVJ,"0,15,30,45 * * * *",job-hunter-bot,"[WARN] [Retry] Attempt 2/4 failed (Queue sendBatch failed: Too Many Requests), retrying in 1022ms...",346e138aae29f6b381c1ebae50734856,cf-worker,9652c0eabd8fbe010167fd7787852081,cron,"[WARN] [Retry] Attempt <*>/4 failed (Queue sendBatch failed: Too Many Requests), retrying in <*>...",undefined,undefined,undefined,[]
[INFO] [Fetcher] Direct evaluation completed for 100 jobs,cloudflare-workers,2026-03-10T13:01:00.627Z,false,"0,15,30,45 * * * *",1773147643000,job-hunter-bot,ok,cron,a7fd90f8-dd89-49cd-a89f-9d1613cd7b9c,stateless,56QNY60B2O8JQYVJ,01KKBXC9GFG19VPM5QBBDAVZAP,56QNY60B2O8JQYVJ,"0,15,30,45 * * * *",job-hunter-bot,[INFO] [Fetcher] Direct evaluation completed for 100 jobs,346e138aae29f6b381c1ebae50734856,cf-worker,9652c0eabd8fbe010167fd7787852081,cron,[INFO] [Fetcher] Direct evaluation completed for <*> jobs,undefined,undefined,undefined,[]
[INFO] [Threshold] Too few matches (0) → lowering to 30,cloudflare-workers,2026-03-10T13:01:00.627Z,false,"0,15,30,45 * * * *",1773147643000,job-hunter-bot,ok,cron,a7fd90f8-dd89-49cd-a89f-9d1613cd7b9c,stateless,56QNY60B2O8JQYVJ,01KKBXC9GFG19VPM5QBBDAVZAN,56QNY60B2O8JQYVJ,"0,15,30,45 * * * *",job-hunter-bot,[INFO] [Threshold] Too few matches (0) → lowering to 30,346e138aae29f6b381c1ebae50734856,cf-worker,9652c0eabd8fbe010167fd7787852081,cron,[INFO] [Threshold] Too few matches (0) → lowering to 30,undefined,undefined,undefined,[]
"[WARN] [Retry] Attempt 1/4 failed (Queue sendBatch failed: Too Many Requests), retrying in 592ms...",cloudflare-workers,2026-03-10T13:01:00.160Z,false,"0,15,30,45 * * * *",1773147643000,job-hunter-bot,ok,cron,a7fd90f8-dd89-49cd-a89f-9d1613cd7b9c,stateless,56QNY60B2O8JQYVJ,01KKBXC9GFG19VPM5QBBDAVZAM,56QNY60B2O8JQYVJ,"0,15,30,45 * * * *",job-hunter-bot,"[WARN] [Retry] Attempt 1/4 failed (Queue sendBatch failed: Too Many Requests), retrying in 592ms...",346e138aae29f6b381c1ebae50734856,cf-worker,9652c0eabd8fbe010167fd7787852081,cron,"[WARN] [Retry] Attempt <*>/4 failed (Queue sendBatch failed: Too Many Requests), retrying in <*>...",undefined,undefined,undefined,[]
[INFO] [D1] Batch inserted 2 new jobs (0 dupes) in 1 batches,cloudflare-workers,2026-03-10T13:01:00.147Z,false,"0,15,30,45 * * * *",1773147643000,job-hunter-bot,ok,cron,a7fd90f8-dd89-49cd-a89f-9d1613cd7b9c,stateless,56QNY60B2O8JQYVJ,01KKBXC9GFG19VPM5QBBDAVZAK,56QNY60B2O8JQYVJ,"0,15,30,45 * * * *",job-hunter-bot,[INFO] [D1] Batch inserted 2 new jobs (0 dupes) in 1 batches,346e138aae29f6b381c1ebae50734856,cf-worker,9652c0eabd8fbe010167fd7787852081,cron,[INFO] [D1] Batch inserted <*> new jobs (0 dupes) in <*> batches,undefined,undefined,undefined,[]
[INFO] [Connectors] Harvest complete | Sources: 5 (rss:5) | Jobs: 2 | Errors: 0,cloudflare-workers,2026-03-10T13:00:59.384Z,false,"0,15,30,45 * * * *",1773147643000,job-hunter-bot,ok,cron,a7fd90f8-dd89-49cd-a89f-9d1613cd7b9c,stateless,56QNY60B2O8JQYVJ,01KKBXC9GFG19VPM5QBBDAVZAJ,56QNY60B2O8JQYVJ,"0,15,30,45 * * * *",job-hunter-bot,[INFO] [Connectors] Harvest complete | Sources: 5 (rss:5) | Jobs: 2 | Errors: 0,346e138aae29f6b381c1ebae50734856,cf-worker,9652c0eabd8fbe010167fd7787852081,cron,[INFO] [Connectors] Harvest complete | Sources: 5 (rss:5) | Jobs: <*> | Errors: 0,undefined,undefined,undefined,[]
[INFO] [RSS] Cursor filtered 150 seen items from 4dayweek — 0 new,cloudflare-workers,2026-03-10T13:00:59.384Z,false,"0,15,30,45 * * * *",1773147643000,job-hunter-bot,ok,cron,a7fd90f8-dd89-49cd-a89f-9d1613cd7b9c,stateless,56QNY60B2O8JQYVJ,01KKBXC9GFG19VPM5QBBDAVZAH,56QNY60B2O8JQYVJ,"0,15,30,45 * * * *",job-hunter-bot,[INFO] [RSS] Cursor filtered 150 seen items from 4dayweek — 0 new,346e138aae29f6b381c1ebae50734856,cf-worker,9652c0eabd8fbe010167fd7787852081,cron,[INFO] [RSS] Cursor filtered <*> seen items from <*> — <*> new,undefined,undefined,undefined,[]
"[WARN] [Retry] Attempt 3/4 failed (Queue sendBatch failed: Too Many Requests), retrying in 2097ms...",cloudflare-workers,2026-03-10T13:00:59.136Z,false,"0,15,30,45 * * * *",1773147643000,job-hunter-bot,ok,cron,a7fd90f8-dd89-49cd-a89f-9d1613cd7b9c,stateless,56QNY60B2O8JQYVJ,01KKBXC9GFG19VPM5QBBDAVZAG,56QNY60B2O8JQYVJ,"0,15,30,45 * * * *",job-hunter-bot,"[WARN] [Retry] Attempt 3/4 failed (Queue sendBatch failed: Too Many Requests), retrying in 2097ms...",346e138aae29f6b381c1ebae50734856,cf-worker,9652c0eabd8fbe010167fd7787852081,cron,"[WARN] [Retry] Attempt <*>/4 failed (Queue sendBatch failed: Too Many Requests), retrying in <*>...",undefined,undefined,undefined,[]
[INFO] [RSS] Cursor filtered 98 seen items from remoteok — 1 new,cloudflare-workers,2026-03-10T13:00:58.840Z,false,"0,15,30,45 * * * *",1773147643000,job-hunter-bot,ok,cron,a7fd90f8-dd89-49cd-a89f-9d1613cd7b9c,stateless,56QNY60B2O8JQYVJ,01KKBXC9GFG19VPM5QBBDAVZAE,56QNY60B2O8JQYVJ,"0,15,30,45 * * * *",job-hunter-bot,[INFO] [RSS] Cursor filtered 98 seen items from remoteok — 1 new,346e138aae29f6b381c1ebae50734856,cf-worker,9652c0eabd8fbe010167fd7787852081,cron,[INFO] [RSS] Cursor filtered <*> seen items from <*> — <*> new,undefined,undefined,undefined,[]
[INFO] [RSS] Cursor filtered 44 seen items from weworkremotely — 0 new,cloudflare-workers,2026-03-10T13:00:58.589Z,false,"0,15,30,45 * * * *",1773147643000,job-hunter-bot,ok,cron,a7fd90f8-dd89-49cd-a89f-9d1613cd7b9c,stateless,56QNY60B2O8JQYVJ,01KKBXC9GFG19VPM5QBBDAVZAD,56QNY60B2O8JQYVJ,"0,15,30,45 * * * *",job-hunter-bot,[INFO] [RSS] Cursor filtered 44 seen items from weworkremotely — 0 new,346e138aae29f6b381c1ebae50734856,cf-worker,9652c0eabd8fbe010167fd7787852081,cron,[INFO] [RSS] Cursor filtered <*> seen items from <*> — <*> new,undefined,undefined,undefined,[]
[INFO] [RSS] Cursor filtered 22 seen items from weworkremotely — 0 new,cloudflare-workers,2026-03-10T13:00:58.570Z,false,"0,15,30,45 * * * *",1773147643000,job-hunter-bot,ok,cron,a7fd90f8-dd89-49cd-a89f-9d1613cd7b9c,stateless,56QNY60B2O8JQYVJ,01KKBXC9GFG19VPM5QBBDAVZAC,56QNY60B2O8JQYVJ,"0,15,30,45 * * * *",job-hunter-bot,[INFO] [RSS] Cursor filtered 22 seen items from weworkremotely — 0 new,346e138aae29f6b381c1ebae50734856,cf-worker,9652c0eabd8fbe010167fd7787852081,cron,[INFO] [RSS] Cursor filtered <*> seen items from <*> — <*> new,undefined,undefined,undefined,[]
[INFO] [RSS] Cursor filtered 99 seen items from himalayas — 1 new,cloudflare-workers,2026-03-10T13:00:58.521Z,false,"0,15,30,45 * * * *",1773147643000,job-hunter-bot,ok,cron,a7fd90f8-dd89-49cd-a89f-9d1613cd7b9c,stateless,56QNY60B2O8JQYVJ,01KKBXC9GFG19VPM5QBBDAVZAB,56QNY60B2O8JQYVJ,"0,15,30,45 * * * *",job-hunter-bot,[INFO] [RSS] Cursor filtered 99 seen items from himalayas — 1 new,346e138aae29f6b381c1ebae50734856,cf-worker,9652c0eabd8fbe010167fd7787852081,cron,[INFO] [RSS] Cursor filtered <*> seen items from <*> — <*> new,undefined,undefined,undefined,[]
[INFO] [Connectors] Running rss connector on 5 sources,cloudflare-workers,2026-03-10T13:00:58.355Z,false,"0,15,30,45 * * * *",1773147643000,job-hunter-bot,ok,cron,a7fd90f8-dd89-49cd-a89f-9d1613cd7b9c,stateless,56QNY60B2O8JQYVJ,01KKBXC9GFG19VPM5QBBDAVZAA,56QNY60B2O8JQYVJ,"0,15,30,45 * * * *",job-hunter-bot,[INFO] [Connectors] Running rss connector on 5 sources,346e138aae29f6b381c1ebae50734856,cf-worker,9652c0eabd8fbe010167fd7787852081,cron,[INFO] [Connectors] Running <*> connector on <*> sources,undefined,undefined,undefined,[]
"[WARN] [Retry] Attempt 2/4 failed (Queue sendBatch failed: Too Many Requests), retrying in 1006ms...",cloudflare-workers,2026-03-10T13:00:58.113Z,false,"0,15,30,45 * * * *",1773147643000,job-hunter-bot,ok,cron,a7fd90f8-dd89-49cd-a89f-9d1613cd7b9c,stateless,56QNY60B2O8JQYVJ,01KKBXC9GFG19VPM5QBBDAVZA9,56QNY60B2O8JQYVJ,"0,15,30,45 * * * *",job-hunter-bot,"[WARN] [Retry] Attempt 2/4 failed (Queue sendBatch failed: Too Many Requests), retrying in 1006ms...",346e138aae29f6b381c1ebae50734856,cf-worker,9652c0eabd8fbe010167fd7787852081,cron,"[WARN] [Retry] Attempt <*>/4 failed (Queue sendBatch failed: Too Many Requests), retrying in <*>...",undefined,undefined,undefined,[]
"[WARN] [Retry] Attempt 1/4 failed (Queue sendBatch failed: Too Many Requests), retrying in 558ms...",cloudflare-workers,2026-03-10T13:00:57.542Z,false,"0,15,30,45 * * * *",1773147643000,job-hunter-bot,ok,cron,a7fd90f8-dd89-49cd-a89f-9d1613cd7b9c,stateless,56QNY60B2O8JQYVJ,01KKBXC9GFG19VPM5QBBDAVZA8,56QNY60B2O8JQYVJ,"0,15,30,45 * * * *",job-hunter-bot,"[WARN] [Retry] Attempt 1/4 failed (Queue sendBatch failed: Too Many Requests), retrying in 558ms...",346e138aae29f6b381c1ebae50734856,cf-worker,9652c0eabd8fbe010167fd7787852081,cron,"[WARN] [Retry] Attempt <*>/4 failed (Queue sendBatch failed: Too Many Requests), retrying in <*>...",undefined,undefined,undefined,[]
[INFO] [D1] Batch inserted 1 new jobs (0 dupes) in 1 batches,cloudflare-workers,2026-03-10T13:00:57.527Z,false,"0,15,30,45 * * * *",1773147643000,job-hunter-bot,ok,cron,a7fd90f8-dd89-49cd-a89f-9d1613cd7b9c,stateless,56QNY60B2O8JQYVJ,01KKBXC9GFG19VPM5QBBDAVZA7,56QNY60B2O8JQYVJ,"0,15,30,45 * * * *",job-hunter-bot,[INFO] [D1] Batch inserted 1 new jobs (0 dupes) in 1 batches,346e138aae29f6b381c1ebae50734856,cf-worker,9652c0eabd8fbe010167fd7787852081,cron,[INFO] [D1] Batch inserted <*> new jobs (0 dupes) in <*> batches,undefined,undefined,undefined,[]
"[WARN] [Retry] Attempt 3/4 failed (Queue sendBatch failed: Too Many Requests), retrying in 2040ms...",cloudflare-workers,2026-03-10T13:00:56.972Z,false,"0,15,30,45 * * * *",1773147643000,job-hunter-bot,ok,cron,a7fd90f8-dd89-49cd-a89f-9d1613cd7b9c,stateless,56QNY60B2O8JQYVJ,01KKBXC9GFG19VPM5QBBDAVZA6,56QNY60B2O8JQYVJ,"0,15,30,45 * * * *",job-hunter-bot,"[WARN] [Retry] Attempt 3/4 failed (Queue sendBatch failed: Too Many Requests), retrying in 2040ms...",346e138aae29f6b381c1ebae50734856,cf-worker,9652c0eabd8fbe010167fd7787852081,cron,"[WARN] [Retry] Attempt <*>/4 failed (Queue sendBatch failed: Too Many Requests), retrying in <*>...",undefined,undefined,undefined,[]
[INFO] [Connectors] Harvest complete | Sources: 5 (rss:5) | Jobs: 1 | Errors: 0,cloudflare-workers,2026-03-10T13:00:56.845Z,false,"0,15,30,45 * * * *",1773147643000,job-hunter-bot,ok,cron,a7fd90f8-dd89-49cd-a89f-9d1613cd7b9c,stateless,56QNY60B2O8JQYVJ,01KKBXC9GFG19VPM5QBBDAVZA5,56QNY60B2O8JQYVJ,"0,15,30,45 * * * *",job-hunter-bot,[INFO] [Connectors] Harvest complete | Sources: 5 (rss:5) | Jobs: 1 | Errors: 0,346e138aae29f6b381c1ebae50734856,cf-worker,9652c0eabd8fbe010167fd7787852081,cron,[INFO] [Connectors] Harvest complete | Sources: 5 (rss:5) | Jobs: <*> | Errors: 0,undefined,undefined,undefined,[]
[INFO] [RSS] Cursor filtered 99 seen items from weworkremotely — 1 new,cloudflare-workers,2026-03-10T13:00:56.655Z,false,"0,15,30,45 * * * *",1773147643000,job-hunter-bot,ok,cron,a7fd90f8-dd89-49cd-a89f-9d1613cd7b9c,stateless,56QNY60B2O8JQYVJ,01KKBXC9GFG19VPM5QBBDAVZA4,56QNY60B2O8JQYVJ,"0,15,30,45 * * * *",job-hunter-bot,[INFO] [RSS] Cursor filtered 99 seen items from weworkremotely — 1 new,346e138aae29f6b381c1ebae50734856,cf-worker,9652c0eabd8fbe010167fd7787852081,cron,[INFO] [RSS] Cursor filtered <*> seen items from <*> — <*> new,undefined,undefined,undefined,[]
[INFO] [RSS] Cursor filtered 197 seen items from smartremotejobs — 0 new,cloudflare-workers,2026-03-10T13:00:56.287Z,false,"0,15,30,45 * * * *",1773147643000,job-hunter-bot,ok,cron,a7fd90f8-dd89-49cd-a89f-9d1613cd7b9c,stateless,56QNY60B2O8JQYVJ,01KKBXC9GFG19VPM5QBBDAVZA3,56QNY60B2O8JQYVJ,"0,15,30,45 * * * *",job-hunter-bot,[INFO] [RSS] Cursor filtered 197 seen items from smartremotejobs — 0 new,346e138aae29f6b381c1ebae50734856,cf-worker,9652c0eabd8fbe010167fd7787852081,cron,[INFO] [RSS] Cursor filtered <*> seen items from <*> — 0 new,undefined,undefined,undefined,[]
[INFO] [RSS] Cursor filtered 83 seen items from weworkremotely — 0 new,cloudflare-workers,2026-03-10T13:00:56.073Z,false,"0,15,30,45 * * * *",1773147643000,job-hunter-bot,ok,cron,a7fd90f8-dd89-49cd-a89f-9d1613cd7b9c,stateless,56QNY60B2O8JQYVJ,01KKBXC9GFG19VPM5QBBDAVZA2,56QNY60B2O8JQYVJ,"0,15,30,45 * * * *",job-hunter-bot,[INFO] [RSS] Cursor filtered 83 seen items from weworkremotely — 0 new,346e138aae29f6b381c1ebae50734856,cf-worker,9652c0eabd8fbe010167fd7787852081,cron,[INFO] [RSS] Cursor filtered <*> seen items from <*> — 0 new,undefined,undefined,undefined,[]
[INFO] [RSS] Cursor filtered 41 seen items from weworkremotely — 0 new,cloudflare-workers,2026-03-10T13:00:56.004Z,false,"0,15,30,45 * * * *",1773147643000,job-hunter-bot,ok,cron,a7fd90f8-dd89-49cd-a89f-9d1613cd7b9c,stateless,56QNY60B2O8JQYVJ,01KKBXC9GFG19VPM5QBBDAVZA1,56QNY60B2O8JQYVJ,"0,15,30,45 * * * *",job-hunter-bot,[INFO] [RSS] Cursor filtered 41 seen items from weworkremotely — 0 new,346e138aae29f6b381c1ebae50734856,cf-worker,9652c0eabd8fbe010167fd7787852081,cron,[INFO] [RSS] Cursor filtered <*> seen items from <*> — 0 new,undefined,undefined,undefined,[]
[INFO] [RSS] Cursor filtered 25 seen items from weworkremotely — 0 new,cloudflare-workers,2026-03-10T13:00:55.991Z,false,"0,15,30,45 * * * *",1773147643000,job-hunter-bot,ok,cron,a7fd90f8-dd89-49cd-a89f-9d1613cd7b9c,stateless,56QNY60B2O8JQYVJ,01KKBXC9GFG19VPM5QBBDAVZA0,56QNY60B2O8JQYVJ,"0,15,30,45 * * * *",job-hunter-bot,[INFO] [RSS] Cursor filtered 25 seen items from weworkremotely — 0 new,346e138aae29f6b381c1ebae50734856,cf-worker,9652c0eabd8fbe010167fd7787852081,cron,[INFO] [RSS] Cursor filtered <*> seen items from <*> — 0 new,undefined,undefined,undefined,[]
"[WARN] [Retry] Attempt 2/4 failed (Queue sendBatch failed: Too Many Requests), retrying in 1062ms...",cloudflare-workers,2026-03-10T13:00:55.897Z,false,"0,15,30,45 * * * *",1773147643000,job-hunter-bot,ok,cron,a7fd90f8-dd89-49cd-a89f-9d1613cd7b9c,stateless,56QNY60B2O8JQYVJ,01KKBXC9GFG19VPM5QBBDAVZ9Z,56QNY60B2O8JQYVJ,"0,15,30,45 * * * *",job-hunter-bot,"[WARN] [Retry] Attempt 2/4 failed (Queue sendBatch failed: Too Many Requests), retrying in 1062ms...",346e138aae29f6b381c1ebae50734856,cf-worker,9652c0eabd8fbe010167fd7787852081,cron,"[WARN] [Retry] Attempt <*>/4 failed (Queue sendBatch failed: Too Many Requests), retrying in <*>...",undefined,undefined,undefined,[]
[INFO] [Connectors] Running rss connector on 5 sources,cloudflare-workers,2026-03-10T13:00:55.730Z,false,"0,15,30,45 * * * *",1773147643000,job-hunter-bot,ok,cron,a7fd90f8-dd89-49cd-a89f-9d1613cd7b9c,stateless,56QNY60B2O8JQYVJ,01KKBXC9GFG19VPM5QBBDAVZ9Y,56QNY60B2O8JQYVJ,"0,15,30,45 * * * *",job-hunter-bot,[INFO] [Connectors] Running rss connector on 5 sources,346e138aae29f6b381c1ebae50734856,cf-worker,9652c0eabd8fbe010167fd7787852081,cron,[INFO] [Connectors] Running <*> connector on <*> sources,undefined,undefined,undefined,[]
"[WARN] [Retry] Attempt 1/4 failed (Queue sendBatch failed: Too Many Requests), retrying in 521ms...",cloudflare-workers,2026-03-10T13:00:55.375Z,false,"0,15,30,45 * * * *",1773147643000,job-hunter-bot,ok,cron,a7fd90f8-dd89-49cd-a89f-9d1613cd7b9c,stateless,56QNY60B2O8JQYVJ,01KKBXC9GFG19VPM5QBBDAVZ9X,56QNY60B2O8JQYVJ,"0,15,30,45 * * * *",job-hunter-bot,"[WARN] [Retry] Attempt 1/4 failed (Queue sendBatch failed: Too Many Requests), retrying in 521ms...",346e138aae29f6b381c1ebae50734856,cf-worker,9652c0eabd8fbe010167fd7787852081,cron,"[WARN] [Retry] Attempt <*>/4 failed (Queue sendBatch failed: Too Many Requests), retrying in <*>...",undefined,undefined,undefined,[]
[INFO] [D1] Batch inserted 100 new jobs (0 dupes) in 3 batches,cloudflare-workers,2026-03-10T13:00:55.345Z,false,"0,15,30,45 * * * *",1773147643000,job-hunter-bot,ok,cron,a7fd90f8-dd89-49cd-a89f-9d1613cd7b9c,stateless,56QNY60B2O8JQYVJ,01KKBXC9GFG19VPM5QBBDAVZ9W,56QNY60B2O8JQYVJ,"0,15,30,45 * * * *",job-hunter-bot,[INFO] [D1] Batch inserted 100 new jobs (0 dupes) in 3 batches,346e138aae29f6b381c1ebae50734856,cf-worker,9652c0eabd8fbe010167fd7787852081,cron,[INFO] [D1] Batch inserted <*> new jobs (<*> dupes) in <*> batches,undefined,undefined,undefined,[]
[INFO] [Connectors] Harvest complete | Sources: 5 (rss:5) | Jobs: 100 | Errors: 0,cloudflare-workers,2026-03-10T13:00:54.183Z,false,"0,15,30,45 * * * *",1773147643000,job-hunter-bot,ok,cron,a7fd90f8-dd89-49cd-a89f-9d1613cd7b9c,stateless,56QNY60B2O8JQYVJ,01KKBXC9GFG19VPM5QBBDAVZ9V,56QNY60B2O8JQYVJ,"0,15,30,45 * * * *",job-hunter-bot,[INFO] [Connectors] Harvest complete | Sources: 5 (rss:5) | Jobs: 100 | Errors: 0,346e138aae29f6b381c1ebae50734856,cf-worker,9652c0eabd8fbe010167fd7787852081,cron,[INFO] [Connectors] Harvest complete | Sources: <*> (<*>) | Jobs: <*> | Errors: <*>,undefined,undefined,undefined,[]
[INFO] [RSS] Cursor filtered 775 seen items from smartremotejobs — 0 new,cloudflare-workers,2026-03-10T13:00:54.183Z,false,"0,15,30,45 * * * *",1773147643000,job-hunter-bot,ok,cron,a7fd90f8-dd89-49cd-a89f-9d1613cd7b9c,stateless,56QNY60B2O8JQYVJ,01KKBXC9GFG19VPM5QBBDAVZ9T,56QNY60B2O8JQYVJ,"0,15,30,45 * * * *",job-hunter-bot,[INFO] [RSS] Cursor filtered 775 seen items from smartremotejobs — 0 new,346e138aae29f6b381c1ebae50734856,cf-worker,9652c0eabd8fbe010167fd7787852081,cron,[INFO] [RSS] Cursor filtered <*> seen items from <*> — 0 new,undefined,undefined,undefined,[]
[INFO] [RSS] Cursor filtered 100 seen items from hireweb3 — 0 new,cloudflare-workers,2026-03-10T13:00:54.123Z,false,"0,15,30,45 * * * *",1773147643000,job-hunter-bot,ok,cron,a7fd90f8-dd89-49cd-a89f-9d1613cd7b9c,stateless,56QNY60B2O8JQYVJ,01KKBXC9GFG19VPM5QBBDAVZ9S,56QNY60B2O8JQYVJ,"0,15,30,45 * * * *",job-hunter-bot,[INFO] [RSS] Cursor filtered 100 seen items from hireweb3 — 0 new,346e138aae29f6b381c1ebae50734856,cf-worker,9652c0eabd8fbe010167fd7787852081,cron,[INFO] [RSS] Cursor filtered <*> seen items from <*> — 0 new,undefined,undefined,undefined,[]
[INFO] [RSS] Cursor filtered 80 seen items from empllo — 0 new,cloudflare-workers,2026-03-10T13:00:53.372Z,false,"0,15,30,45 * * * *",1773147643000,job-hunter-bot,ok,cron,a7fd90f8-dd89-49cd-a89f-9d1613cd7b9c,stateless,56QNY60B2O8JQYVJ,01KKBXC9GFG19VPM5QBBDAVZ9R,56QNY60B2O8JQYVJ,"0,15,30,45 * * * *",job-hunter-bot,[INFO] [RSS] Cursor filtered 80 seen items from empllo — 0 new,346e138aae29f6b381c1ebae50734856,cf-worker,9652c0eabd8fbe010167fd7787852081,cron,[INFO] [RSS] Cursor filtered <*> seen items from empllo — 0 new,undefined,undefined,undefined,[]
[INFO] [RSS] Cursor filtered 16 seen items from empllo — 0 new,cloudflare-workers,2026-03-10T13:00:53.337Z,false,"0,15,30,45 * * * *",1773147643000,job-hunter-bot,ok,cron,a7fd90f8-dd89-49cd-a89f-9d1613cd7b9c,stateless,56QNY60B2O8JQYVJ,01KKBXC9GFG19VPM5QBBDAVZ9Q,56QNY60B2O8JQYVJ,"0,15,30,45 * * * *",job-hunter-bot,[INFO] [RSS] Cursor filtered 16 seen items from empllo — 0 new,346e138aae29f6b381c1ebae50734856,cf-worker,9652c0eabd8fbe010167fd7787852081,cron,[INFO] [RSS] Cursor filtered <*> seen items from <*> — <*> new,undefined,undefined,undefined,[]
[INFO] [Connectors] Running rss connector on 5 sources,cloudflare-workers,2026-03-10T13:00:53.124Z,false,"0,15,30,45 * * * *",1773147643000,job-hunter-bot,ok,cron,a7fd90f8-dd89-49cd-a89f-9d1613cd7b9c,stateless,56QNY60B2O8JQYVJ,01KKBXC9GFG19VPM5QBBDAVZ9P,56QNY60B2O8JQYVJ,"0,15,30,45 * * * *",job-hunter-bot,[INFO] [Connectors] Running rss connector on 5 sources,346e138aae29f6b381c1ebae50734856,cf-worker,9652c0eabd8fbe010167fd7787852081,cron,[INFO] [Connectors] Running <*> connector on <*> sources,undefined,undefined,undefined,[]
[INFO] [Producer] Direct mode: processing 87 sources inline...,cloudflare-workers,2026-03-10T13:00:52.116Z,false,"0,15,30,45 * * * *",1773147643000,job-hunter-bot,ok,cron,a7fd90f8-dd89-49cd-a89f-9d1613cd7b9c,stateless,56QNY60B2O8JQYVJ,01KKBXC9GFG19VPM5QBBDAVZ9N,56QNY60B2O8JQYVJ,"0,15,30,45 * * * *",job-hunter-bot,[INFO] [Producer] Direct mode: processing 87 sources inline...,346e138aae29f6b381c1ebae50734856,cf-worker,9652c0eabd8fbe010167fd7787852081,cron,[INFO] [Producer] Direct <*>: <*> 87 sources <*>...,undefined,undefined,undefined,[]
"[WARN] [Retry] Attempt 3/4 failed (Queue sendBatch failed: Too Many Requests), retrying in 2021ms...",cloudflare-workers,2026-03-10T13:00:50.079Z,false,"0,15,30,45 * * * *",1773147643000,job-hunter-bot,ok,cron,a7fd90f8-dd89-49cd-a89f-9d1613cd7b9c,stateless,56QNY60B2O8JQYVJ,01KKBXC9GFG19VPM5QBBDAVZ9K,56QNY60B2O8JQYVJ,"0,15,30,45 * * * *",job-hunter-bot,"[WARN] [Retry] Attempt 3/4 failed (Queue sendBatch failed: Too Many Requests), retrying in 2021ms...",346e138aae29f6b381c1ebae50734856,cf-worker,9652c0eabd8fbe010167fd7787852081,cron,"[WARN] [Retry] Attempt <*>/4 failed (Queue sendBatch failed: Too Many Requests), retrying in <*>...",undefined,undefined,undefined,[]
"[WARN] [Retry] Attempt 2/4 failed (Queue sendBatch failed: Too Many Requests), retrying in 1068ms...",cloudflare-workers,2026-03-10T13:00:49.001Z,false,"0,15,30,45 * * * *",1773147643000,job-hunter-bot,ok,cron,a7fd90f8-dd89-49cd-a89f-9d1613cd7b9c,stateless,56QNY60B2O8JQYVJ,01KKBXC9GFG19VPM5QBBDAVZ9J,56QNY60B2O8JQYVJ,"0,15,30,45 * * * *",job-hunter-bot,"[WARN] [Retry] Attempt 2/4 failed (Queue sendBatch failed: Too Many Requests), retrying in 1068ms...",346e138aae29f6b381c1ebae50734856,cf-worker,9652c0eabd8fbe010167fd7787852081,cron,"[WARN] [Retry] Attempt <*>/4 failed (Queue sendBatch failed: Too Many Requests), retrying in <*>...",undefined,undefined,undefined,[]
"[WARN] [Retry] Attempt 1/4 failed (Queue sendBatch failed: Too Many Requests), retrying in 577ms...",cloudflare-workers,2026-03-10T13:00:48.414Z,false,"0,15,30,45 * * * *",1773147643000,job-hunter-bot,ok,cron,a7fd90f8-dd89-49cd-a89f-9d1613cd7b9c,stateless,56QNY60B2O8JQYVJ,01KKBXC9GFG19VPM5QBBDAVZ9H,56QNY60B2O8JQYVJ,"0,15,30,45 * * * *",job-hunter-bot,"[WARN] [Retry] Attempt 1/4 failed (Queue sendBatch failed: Too Many Requests), retrying in 577ms...",346e138aae29f6b381c1ebae50734856,cf-worker,9652c0eabd8fbe010167fd7787852081,cron,"[WARN] [Retry] Attempt <*>/4 failed (Queue sendBatch failed: Too Many Requests), retrying in <*>...",undefined,undefined,undefined,[]
[INFO] [Producer] Broadcasting 87 sources to FEED_QUEUE...,cloudflare-workers,2026-03-10T13:00:48.402Z,false,"0,15,30,45 * * * *",1773147643000,job-hunter-bot,ok,cron,a7fd90f8-dd89-49cd-a89f-9d1613cd7b9c,stateless,56QNY60B2O8JQYVJ,01KKBXC9GFG19VPM5QBBDAVZ9G,56QNY60B2O8JQYVJ,"0,15,30,45 * * * *",job-hunter-bot,[INFO] [Producer] Broadcasting 87 sources to FEED_QUEUE...,346e138aae29f6b381c1ebae50734856,cf-worker,9652c0eabd8fbe010167fd7787852081,cron,[INFO] [Producer] Broadcasting 87 sources to FEED_QUEUE...,undefined,undefined,undefined,[]
[INFO] [Producer] Intelligence: 87 sources selected (87 config + 0 registry),cloudflare-workers,2026-03-10T13:00:48.402Z,false,"0,15,30,45 * * * *",1773147643000,job-hunter-bot,ok,cron,a7fd90f8-dd89-49cd-a89f-9d1613cd7b9c,stateless,56QNY60B2O8JQYVJ,01KKBXC9GFG19VPM5QBBDAVZ9F,56QNY60B2O8JQYVJ,"0,15,30,45 * * * *",job-hunter-bot,[INFO] [Producer] Intelligence: 87 sources selected (87 config + 0 registry),346e138aae29f6b381c1ebae50734856,cf-worker,9652c0eabd8fbe010167fd7787852081,cron,[INFO] [Producer] Intelligence: 87 sources selected (87 config + 0 registry),undefined,undefined,undefined,[]
[INFO] [Producer] Cron cycle #841 fired.,cloudflare-workers,2026-03-10T13:00:46.082Z,false,"0,15,30,45 * * * *",1773147643000,job-hunter-bot,ok,cron,a7fd90f8-dd89-49cd-a89f-9d1613cd7b9c,stateless,56QNY60B2O8JQYVJ,01KKBXC9GFG19VPM5QBBDAVZ9E,56QNY60B2O8JQYVJ,"0,15,30,45 * * * *",job-hunter-bot,[INFO] [Producer] Cron cycle #841 fired.,346e138aae29f6b381c1ebae50734856,cf-worker,9652c0eabd8fbe010167fd7787852081,cron,[INFO] [Producer] <*> <*> <*> <*>.,undefined,undefined,undefined,[]
"0,15,30,45 * * * * ",cloudflare-workers,2026-03-10T13:00:45.940Z,false,"0,15,30,45 * * * *",1773147643000,job-hunter-bot,ok,cron,a7fd90f8-dd89-49cd-a89f-9d1613cd7b9c,stateless,56QNY60B2O8JQYVJ,01KKBXC9GFG19VPM5QBBDAVZ9D,56QNY60B2O8JQYVJ,"0,15,30,45 * * * *",job-hunter-bot,"0,15,30,45 * * * * ",346e138aae29f6b381c1ebae50734856,cf-worker-event,9652c0eabd8fbe010167fd7787852081,cron,"0,15,30,45 * * * *",undefined,undefined,undefined,[]
[INFO] [Connectors] Running rss connector on 5 sources,cloudflare-workers,2026-03-10T12:45:49.800Z,false,"0,15,30,45 * * * *",1773146743000,job-hunter-bot,exceededCpu,cron,a7fd90f8-dd89-49cd-a89f-9d1613cd7b9c,stateless,5YHZSW0PT2SAEFTJ,01KKBWGEV8KFACTYH3834F9QAV,5YHZSW0PT2SAEFTJ,"0,15,30,45 * * * *",job-hunter-bot,[INFO] [Connectors] Running rss connector on 5 sources,346e138aae29f6b381c1ebae50734856,cf-worker,9652c0eabd8fbe010167fd7787852081,cron,[INFO] [Connectors] Running rss connector on 5 sources,undefined,undefined,undefined,[]
[INFO] [Producer] Direct mode: processing 87 sources inline...,cloudflare-workers,2026-03-10T12:45:48.822Z,false,"0,15,30,45 * * * *",1773146743000,job-hunter-bot,exceededCpu,cron,a7fd90f8-dd89-49cd-a89f-9d1613cd7b9c,stateless,5YHZSW0PT2SAEFTJ,01KKBWGDWP36TDJW0PN2TWA18R,5YHZSW0PT2SAEFTJ,"0,15,30,45 * * * *",job-hunter-bot,[INFO] [Producer] Direct mode: processing 87 sources inline...,346e138aae29f6b381c1ebae50734856,cf-worker,9652c0eabd8fbe010167fd7787852081,cron,[INFO] [Producer] Direct mode: processing 87 sources inline...,undefined,undefined,undefined,[]
"[WARN] [Retry] Attempt 3/4 failed (Queue sendBatch failed: Too Many Requests), retrying in 2088ms...",cloudflare-workers,2026-03-10T12:45:46.725Z,false,"0,15,30,45 * * * *",1773146743000,job-hunter-bot,exceededCpu,cron,a7fd90f8-dd89-49cd-a89f-9d1613cd7b9c,stateless,5YHZSW0PT2SAEFTJ,01KKBWGBV58CPQZFREC50VA1WQ,5YHZSW0PT2SAEFTJ,"0,15,30,45 * * * *",job-hunter-bot,"[WARN] [Retry] Attempt 3/4 failed (Queue sendBatch failed: Too Many Requests), retrying in 2088ms...",346e138aae29f6b381c1ebae50734856,cf-worker,9652c0eabd8fbe010167fd7787852081,cron,"[WARN] [Retry] Attempt <*>/4 failed (Queue sendBatch failed: Too Many Requests), retrying in <*>...",undefined,undefined,undefined,[]
"[WARN] [Retry] Attempt 2/4 failed (Queue sendBatch failed: Too Many Requests), retrying in 1026ms...",cloudflare-workers,2026-03-10T12:45:45.689Z,false,"0,15,30,45 * * * *",1773146743000,job-hunter-bot,exceededCpu,cron,a7fd90f8-dd89-49cd-a89f-9d1613cd7b9c,stateless,5YHZSW0PT2SAEFTJ,01KKBWGATSEM0VBVGW71CDAFG7,5YHZSW0PT2SAEFTJ,"0,15,30,45 * * * *",job-hunter-bot,"[WARN] [Retry] Attempt 2/4 failed (Queue sendBatch failed: Too Many Requests), retrying in 1026ms...",346e138aae29f6b381c1ebae50734856,cf-worker,9652c0eabd8fbe010167fd7787852081,cron,"[WARN] [Retry] Attempt <*>/4 failed (Queue sendBatch failed: Too Many Requests), retrying in <*>...",undefined,undefined,undefined,[]
"[WARN] [Retry] Attempt 1/4 failed (Queue sendBatch failed: Too Many Requests), retrying in 591ms...",cloudflare-workers,2026-03-10T12:45:45.088Z,false,"0,15,30,45 * * * *",1773146743000,job-hunter-bot,exceededCpu,cron,a7fd90f8-dd89-49cd-a89f-9d1613cd7b9c,stateless,5YHZSW0PT2SAEFTJ,01KKBWGA807G3CVDVWT3RX301Y,5YHZSW0PT2SAEFTJ,"0,15,30,45 * * * *",job-hunter-bot,"[WARN] [Retry] Attempt 1/4 failed (Queue sendBatch failed: Too Many Requests), retrying in 591ms...",346e138aae29f6b381c1ebae50734856,cf-worker,9652c0eabd8fbe010167fd7787852081,cron,"[WARN] [Retry] Attempt <*>/4 failed (Queue sendBatch failed: Too Many Requests), retrying in <*>...",undefined,undefined,undefined,[]
[INFO] [Producer] Broadcasting 87 sources to FEED_QUEUE...,cloudflare-workers,2026-03-10T12:45:45.077Z,false,"0,15,30,45 * * * *",1773146743000,job-hunter-bot,exceededCpu,cron,a7fd90f8-dd89-49cd-a89f-9d1613cd7b9c,stateless,5YHZSW0PT2SAEFTJ,01KKBWGA7NRXF4XX5QPWAAKVKA,5YHZSW0PT2SAEFTJ,"0,15,30,45 * * * *",job-hunter-bot,[INFO] [Producer] Broadcasting 87 sources to FEED_QUEUE...,346e138aae29f6b381c1ebae50734856,cf-worker,9652c0eabd8fbe010167fd7787852081,cron,[INFO] [Producer] Broadcasting 87 sources to FEED_QUEUE...,undefined,undefined,undefined,[]
[INFO] [Producer] Intelligence: 87 sources selected (87 config + 0 registry),cloudflare-workers,2026-03-10T12:45:45.077Z,false,"0,15,30,45 * * * *",1773146743000,job-hunter-bot,exceededCpu,cron,a7fd90f8-dd89-49cd-a89f-9d1613cd7b9c,stateless,5YHZSW0PT2SAEFTJ,01KKBWGA7NRXF4XX5QPWAAKVK9,5YHZSW0PT2SAEFTJ,"0,15,30,45 * * * *",job-hunter-bot,[INFO] [Producer] Intelligence: 87 sources selected (87 config + 0 registry),346e138aae29f6b381c1ebae50734856,cf-worker,9652c0eabd8fbe010167fd7787852081,cron,[INFO] [Producer] Intelligence: 87 sources selected (87 config + 0 registry),undefined,undefined,undefined,[]
[INFO] [Producer] Cron cycle #844 fired.,cloudflare-workers,2026-03-10T12:45:44.129Z,false,"0,15,30,45 * * * *",1773146743000,job-hunter-bot,exceededCpu,cron,a7fd90f8-dd89-49cd-a89f-9d1613cd7b9c,stateless,5YHZSW0PT2SAEFTJ,01KKBWG9A1FST4K18MYK177DCK,5YHZSW0PT2SAEFTJ,"0,15,30,45 * * * *",job-hunter-bot,[INFO] [Producer] Cron cycle #844 fired.,346e138aae29f6b381c1ebae50734856,cf-worker,9652c0eabd8fbe010167fd7787852081,cron,[INFO] [Producer] Cron cycle #844 fired.,undefined,undefined,undefined,[]
[INFO] [Connectors] Running rss connector on 5 sources,cloudflare-workers,2026-03-10T12:30:50.222Z,false,"0,15,30,45 * * * *",1773145843000,job-hunter-bot,exceededCpu,cron,a7fd90f8-dd89-49cd-a89f-9d1613cd7b9c,stateless,9LU742O61A2DTR6V,01KKBVN0BEZ4WNH4ASXBHXJBFR,9LU742O61A2DTR6V,"0,15,30,45 * * * *",job-hunter-bot,[INFO] [Connectors] Running rss connector on 5 sources,346e138aae29f6b381c1ebae50734856,cf-worker,9652c0eabd8fbe010167fd7787852081,cron,[INFO] [Connectors] Running rss connector on 5 sources,undefined,undefined,undefined,[]
[INFO] [Producer] Direct mode: processing 179 sources inline...,cloudflare-workers,2026-03-10T12:30:49.224Z,false,"0,15,30,45 * * * *",1773145843000,job-hunter-bot,exceededCpu,cron,a7fd90f8-dd89-49cd-a89f-9d1613cd7b9c,stateless,9LU742O61A2DTR6V,01KKBVMZC84NKCCVBWP26R00DV,9LU742O61A2DTR6V,"0,15,30,45 * * * *",job-hunter-bot,[INFO] [Producer] Direct mode: processing 179 sources inline...,346e138aae29f6b381c1ebae50734856,cf-worker,9652c0eabd8fbe010167fd7787852081,cron,[INFO] [Producer] Direct mode: processing 179 sources inline...,undefined,undefined,undefined,[]
"[WARN] [Retry] Attempt 3/4 failed (Queue sendBatch failed: Too Many Requests), retrying in 2017ms...",cloudflare-workers,2026-03-10T12:30:47.189Z,false,"0,15,30,45 * * * *",1773145843000,job-hunter-bot,exceededCpu,cron,a7fd90f8-dd89-49cd-a89f-9d1613cd7b9c,stateless,9LU742O61A2DTR6V,01KKBVMXCNG0BF33Q6VGBW2TT1,9LU742O61A2DTR6V,"0,15,30,45 * * * *",job-hunter-bot,"[WARN] [Retry] Attempt 3/4 failed (Queue sendBatch failed: Too Many Requests), retrying in 2017ms...",346e138aae29f6b381c1ebae50734856,cf-worker,9652c0eabd8fbe010167fd7787852081,cron,"[WARN] [Retry] Attempt <*>/4 failed (Queue sendBatch failed: Too Many Requests), retrying in <*>...",undefined,undefined,undefined,[]
"[WARN] [Retry] Attempt 2/4 failed (Queue sendBatch failed: Too Many Requests), retrying in 1004ms...",cloudflare-workers,2026-03-10T12:30:46.172Z,false,"0,15,30,45 * * * *",1773145843000,job-hunter-bot,exceededCpu,cron,a7fd90f8-dd89-49cd-a89f-9d1613cd7b9c,stateless,9LU742O61A2DTR6V,01KKBVMWCWW4RWFN4C7YBQYK9B,9LU742O61A2DTR6V,"0,15,30,45 * * * *",job-hunter-bot,"[WARN] [Retry] Attempt 2/4 failed (Queue sendBatch failed: Too Many Requests), retrying in 1004ms...",346e138aae29f6b381c1ebae50734856,cf-worker,9652c0eabd8fbe010167fd7787852081,cron,"[WARN] [Retry] Attempt <*>/4 failed (Queue sendBatch failed: Too Many Requests), retrying in <*>...",undefined,undefined,undefined,[]
"[WARN] [Retry] Attempt 1/4 failed (Queue sendBatch failed: Too Many Requests), retrying in 519ms...",cloudflare-workers,2026-03-10T12:30:45.643Z,false,"0,15,30,45 * * * *",1773145843000,job-hunter-bot,exceededCpu,cron,a7fd90f8-dd89-49cd-a89f-9d1613cd7b9c,stateless,9LU742O61A2DTR6V,01KKBVMVWBBB8Q2VKNRY14N1TA,9LU742O61A2DTR6V,"0,15,30,45 * * * *",job-hunter-bot,"[WARN] [Retry] Attempt 1/4 failed (Queue sendBatch failed: Too Many Requests), retrying in 519ms...",346e138aae29f6b381c1ebae50734856,cf-worker,9652c0eabd8fbe010167fd7787852081,cron,"[WARN] [Retry] Attempt <*>/4 failed (Queue sendBatch failed: Too Many Requests), retrying in <*>...",undefined,undefined,undefined,[]
[INFO] [Producer] Broadcasting 179 sources to FEED_QUEUE...,cloudflare-workers,2026-03-10T12:30:45.634Z,false,"0,15,30,45 * * * *",1773145843000,job-hunter-bot,exceededCpu,cron,a7fd90f8-dd89-49cd-a89f-9d1613cd7b9c,stateless,9LU742O61A2DTR6V,01KKBVMVW2V5ES43E6N8XWBBZC,9LU742O61A2DTR6V,"0,15,30,45 * * * *",job-hunter-bot,[INFO] [Producer] Broadcasting 179 sources to FEED_QUEUE...,346e138aae29f6b381c1ebae50734856,cf-worker,9652c0eabd8fbe010167fd7787852081,cron,[INFO] [Producer] Broadcasting 179 sources to FEED_QUEUE...,undefined,undefined,undefined,[]
[INFO] [Producer] Intelligence: 179 sources selected (87 config + 92 registry),cloudflare-workers,2026-03-10T12:30:45.634Z,false,"0,15,30,45 * * * *",1773145843000,job-hunter-bot,exceededCpu,cron,a7fd90f8-dd89-49cd-a89f-9d1613cd7b9c,stateless,9LU742O61A2DTR6V,01KKBVMVW2V5ES43E6N8XWBBZB,9LU742O61A2DTR6V,"0,15,30,45 * * * *",job-hunter-bot,[INFO] [Producer] Intelligence: 179 sources selected (87 config + 92 registry),346e138aae29f6b381c1ebae50734856,cf-worker,9652c0eabd8fbe010167fd7787852081,cron,[INFO] [Producer] Intelligence: 179 sources selected (87 config + 92 registry),undefined,undefined,undefined,[]
[INFO] [Producer] Cron cycle #843 fired.,cloudflare-workers,2026-03-10T12:30:44.632Z,false,"0,15,30,45 * * * *",1773145843000,job-hunter-bot,exceededCpu,cron,a7fd90f8-dd89-49cd-a89f-9d1613cd7b9c,stateless,9LU742O61A2DTR6V,01KKBVMTWRGMMHZ3RH0T4ZSNQR,9LU742O61A2DTR6V,"0,15,30,45 * * * *",job-hunter-bot,[INFO] [Producer] Cron cycle #843 fired.,346e138aae29f6b381c1ebae50734856,cf-worker,9652c0eabd8fbe010167fd7787852081,cron,[INFO] [Producer] Cron cycle #843 fired.,undefined,undefined,undefined,[]
[INFO] [Connectors] Running rss connector on 5 sources,cloudflare-workers,2026-03-10T12:15:49.773Z,false,"0,15,30,45 * * * *",1773144943000,job-hunter-bot,exceededCpu,cron,a7fd90f8-dd89-49cd-a89f-9d1613cd7b9c,stateless,43BRNOY49MAR8NQE,01KKBTSH0DWJ5FAT1H65YSFR3M,43BRNOY49MAR8NQE,"0,15,30,45 * * * *",job-hunter-bot,[INFO] [Connectors] Running rss connector on 5 sources,346e138aae29f6b381c1ebae50734856,cf-worker,9652c0eabd8fbe010167fd7787852081,cron,[INFO] [Connectors] Running rss connector on 5 sources,undefined,undefined,undefined,[]
[INFO] [Producer] Direct mode: processing 87 sources inline...,cloudflare-workers,2026-03-10T12:15:48.835Z,false,"0,15,30,45 * * * *",1773144943000,job-hunter-bot,exceededCpu,cron,a7fd90f8-dd89-49cd-a89f-9d1613cd7b9c,stateless,43BRNOY49MAR8NQE,01KKBTSG3387Y0KCRNCKG5HYEB,43BRNOY49MAR8NQE,"0,15,30,45 * * * *",job-hunter-bot,[INFO] [Producer] Direct mode: processing 87 sources inline...,346e138aae29f6b381c1ebae50734856,cf-worker,9652c0eabd8fbe010167fd7787852081,cron,[INFO] [Producer] Direct mode: processing 87 sources inline...,undefined,undefined,undefined,[]
"[WARN] [Retry] Attempt 3/4 failed (Queue sendBatch failed: Too Many Requests), retrying in 2001ms...",cloudflare-workers,2026-03-10T12:15:46.825Z,false,"0,15,30,45 * * * *",1773144943000,job-hunter-bot,exceededCpu,cron,a7fd90f8-dd89-49cd-a89f-9d1613cd7b9c,stateless,43BRNOY49MAR8NQE,01KKBTSFQXMRAN78R41SST33H9,43BRNOY49MAR8NQE,"0,15,30,45 * * * *",job-hunter-bot,"[WARN] [Retry] Attempt 3/4 failed (Queue sendBatch failed: Too Many Requests), retrying in 2001ms...",346e138aae29f6b381c1ebae50734856,cf-worker,9652c0eabd8fbe010167fd7787852081,cron,"[WARN] [Retry] Attempt <*>/4 failed (Queue sendBatch failed: Too Many Requests), retrying in <*>...",undefined,undefined,undefined,[]
"[WARN] [Retry] Attempt 2/4 failed (Queue sendBatch failed: Too Many Requests), retrying in 1027ms...",cloudflare-workers,2026-03-10T12:15:45.768Z,false,"0,15,30,45 * * * *",1773144943000,job-hunter-bot,exceededCpu,cron,a7fd90f8-dd89-49cd-a89f-9d1613cd7b9c,stateless,43BRNOY49MAR8NQE,01KKBTSFQXMRAN78R41SST33H8,43BRNOY49MAR8NQE,"0,15,30,45 * * * *",job-hunter-bot,"[WARN] [Retry] Attempt 2/4 failed (Queue sendBatch failed: Too Many Requests), retrying in 1027ms...",346e138aae29f6b381c1ebae50734856,cf-worker,9652c0eabd8fbe010167fd7787852081,cron,"[WARN] [Retry] Attempt <*>/4 failed (Queue sendBatch failed: Too Many Requests), retrying in <*>...",undefined,undefined,undefined,[]
"[WARN] [Retry] Attempt 1/4 failed (Queue sendBatch failed: Too Many Requests), retrying in 569ms...",cloudflare-workers,2026-03-10T12:15:45.189Z,false,"0,15,30,45 * * * *",1773144943000,job-hunter-bot,exceededCpu,cron,a7fd90f8-dd89-49cd-a89f-9d1613cd7b9c,stateless,43BRNOY49MAR8NQE,01KKBTSFQXMRAN78R41SST33H7,43BRNOY49MAR8NQE,"0,15,30,45 * * * *",job-hunter-bot,"[WARN] [Retry] Attempt 1/4 failed (Queue sendBatch failed: Too Many Requests), retrying in 569ms...",346e138aae29f6b381c1ebae50734856,cf-worker,9652c0eabd8fbe010167fd7787852081,cron,"[WARN] [Retry] Attempt <*>/4 failed (Queue sendBatch failed: Too Many Requests), retrying in <*>...",undefined,undefined,undefined,[]
[INFO] [Producer] Broadcasting 87 sources to FEED_QUEUE...,cloudflare-workers,2026-03-10T12:15:45.175Z,false,"0,15,30,45 * * * *",1773144943000,job-hunter-bot,exceededCpu,cron,a7fd90f8-dd89-49cd-a89f-9d1613cd7b9c,stateless,43BRNOY49MAR8NQE,01KKBTSFQXMRAN78R41SST33H6,43BRNOY49MAR8NQE,"0,15,30,45 * * * *",job-hunter-bot,[INFO] [Producer] Broadcasting 87 sources to FEED_QUEUE...,346e138aae29f6b381c1ebae50734856,cf-worker,9652c0eabd8fbe010167fd7787852081,cron,[INFO] [Producer] Broadcasting 87 sources to FEED_QUEUE...,undefined,undefined,undefined,[]
[INFO] [Producer] Intelligence: 87 sources selected (87 config + 0 registry),cloudflare-workers,2026-03-10T12:15:45.175Z,false,"0,15,30,45 * * * *",1773144943000,job-hunter-bot,exceededCpu,cron,a7fd90f8-dd89-49cd-a89f-9d1613cd7b9c,stateless,43BRNOY49MAR8NQE,01KKBTSFQXMRAN78R41SST33H5,43BRNOY49MAR8NQE,"0,15,30,45 * * * *",job-hunter-bot,[INFO] [Producer] Intelligence: 87 sources selected (87 config + 0 registry),346e138aae29f6b381c1ebae50734856,cf-worker,9652c0eabd8fbe010167fd7787852081,cron,[INFO] [Producer] Intelligence: 87 sources selected (87 config + 0 registry),undefined,undefined,undefined,[]
[INFO] [Producer] Cron cycle #842 fired.,cloudflare-workers,2026-03-10T12:15:44.232Z,false,"0,15,30,45 * * * *",1773144943000,job-hunter-bot,exceededCpu,cron,a7fd90f8-dd89-49cd-a89f-9d1613cd7b9c,stateless,43BRNOY49MAR8NQE,01KKBTSFQXMRAN78R41SST33H4,43BRNOY49MAR8NQE,"0,15,30,45 * * * *",job-hunter-bot,[INFO] [Producer] Cron cycle #842 fired.,346e138aae29f6b381c1ebae50734856,cf-worker,9652c0eabd8fbe010167fd7787852081,cron,[INFO] [Producer] Cron cycle #842 fired.,undefined,undefined,undefined,[]
[INFO] [Connectors] Running rss connector on 5 sources,cloudflare-workers,2026-03-10T12:00:51.003Z,false,"0,15,30,45 * * * *",1773144043000,job-hunter-bot,exceededCpu,cron,a7fd90f8-dd89-49cd-a89f-9d1613cd7b9c,stateless,FLC66ZDY5OLSRP48,01KKBSY39VPAYD1F2YPHSS0AHZ,FLC66ZDY5OLSRP48,"0,15,30,45 * * * *",job-hunter-bot,[INFO] [Connectors] Running rss connector on 5 sources,346e138aae29f6b381c1ebae50734856,cf-worker,9652c0eabd8fbe010167fd7787852081,cron,[INFO] [Connectors] Running rss connector on 5 sources,undefined,undefined,undefined,[]
[INFO] [Producer] Direct mode: processing 87 sources inline...,cloudflare-workers,2026-03-10T12:00:50.026Z,false,"0,15,30,45 * * * *",1773144043000,job-hunter-bot,exceededCpu,cron,a7fd90f8-dd89-49cd-a89f-9d1613cd7b9c,stateless,FLC66ZDY5OLSRP48,01KKBSY2BAVX5YGRV5XSGEFB9Y,FLC66ZDY5OLSRP48,"0,15,30,45 * * * *",job-hunter-bot,[INFO] [Producer] Direct mode: processing 87 sources inline...,346e138aae29f6b381c1ebae50734856,cf-worker,9652c0eabd8fbe010167fd7787852081,cron,[INFO] [Producer] Direct mode: processing 87 sources inline...,undefined,undefined,undefined,[]
"[WARN] [Retry] Attempt 3/4 failed (Queue sendBatch failed: Too Many Requests), retrying in 2019ms...",cloudflare-workers,2026-03-10T12:00:47.997Z,false,"0,15,30,45 * * * *",1773144043000,job-hunter-bot,exceededCpu,cron,a7fd90f8-dd89-49cd-a89f-9d1613cd7b9c,stateless,FLC66ZDY5OLSRP48,01KKBSY0BX2QHQ1YRKJ54HZ88E,FLC66ZDY5OLSRP48,"0,15,30,45 * * * *",job-hunter-bot,"[WARN] [Retry] Attempt 3/4 failed (Queue sendBatch failed: Too Many Requests), retrying in 2019ms...",346e138aae29f6b381c1ebae50734856,cf-worker,9652c0eabd8fbe010167fd7787852081,cron,"[WARN] [Retry] Attempt <*>/4 failed (Queue sendBatch failed: Too Many Requests), retrying in <*>...",undefined,undefined,undefined,[]
"[WARN] [Retry] Attempt 2/4 failed (Queue sendBatch failed: Too Many Requests), retrying in 1024ms...",cloudflare-workers,2026-03-10T12:00:46.965Z,false,"0,15,30,45 * * * *",1773144043000,job-hunter-bot,exceededCpu,cron,a7fd90f8-dd89-49cd-a89f-9d1613cd7b9c,stateless,FLC66ZDY5OLSRP48,01KKBSXZBN73BBCJX3F6K47N9B,FLC66ZDY5OLSRP48,"0,15,30,45 * * * *",job-hunter-bot,"[WARN] [Retry] Attempt 2/4 failed (Queue sendBatch failed: Too Many Requests), retrying in 1024ms...",346e138aae29f6b381c1ebae50734856,cf-worker,9652c0eabd8fbe010167fd7787852081,cron,"[WARN] [Retry] Attempt <*>/4 failed (Queue sendBatch failed: Too Many Requests), retrying in <*>...",undefined,undefined,undefined,[]
"[WARN] [Retry] Attempt 1/4 failed (Queue sendBatch failed: Too Many Requests), retrying in 545ms...",cloudflare-workers,2026-03-10T12:00:46.407Z,false,"0,15,30,45 * * * *",1773144043000,job-hunter-bot,exceededCpu,cron,a7fd90f8-dd89-49cd-a89f-9d1613cd7b9c,stateless,FLC66ZDY5OLSRP48,01KKBSXYT76P8TWC3Y1VN42V7R,FLC66ZDY5OLSRP48,"0,15,30,45 * * * *",job-hunter-bot,"[WARN] [Retry] Attempt 1/4 failed (Queue sendBatch failed: Too Many Requests), retrying in 545ms...",346e138aae29f6b381c1ebae50734856,cf-worker,9652c0eabd8fbe010167fd7787852081,cron,"[WARN] [Retry] Attempt <*>/4 failed (Queue sendBatch failed: Too Many Requests), retrying in <*>...",undefined,undefined,undefined,[]
[INFO] [Producer] Broadcasting 87 sources to FEED_QUEUE...,cloudflare-workers,2026-03-10T12:00:46.391Z,false,"0,15,30,45 * * * *",1773144043000,job-hunter-bot,exceededCpu,cron,a7fd90f8-dd89-49cd-a89f-9d1613cd7b9c,stateless,FLC66ZDY5OLSRP48,01KKBSXYSQMXRXE8ATEYEZC7BD,FLC66ZDY5OLSRP48,"0,15,30,45 * * * *",job-hunter-bot,[INFO] [Producer] Broadcasting 87 sources to FEED_QUEUE...,346e138aae29f6b381c1ebae50734856,cf-worker,9652c0eabd8fbe010167fd7787852081,cron,[INFO] [Producer] Broadcasting 87 sources to FEED_QUEUE...,undefined,undefined,undefined,[]
[INFO] [Producer] Intelligence: 87 sources selected (87 config + 0 registry),cloudflare-workers,2026-03-10T12:00:46.391Z,false,"0,15,30,45 * * * *",1773144043000,job-hunter-bot,exceededCpu,cron,a7fd90f8-dd89-49cd-a89f-9d1613cd7b9c,stateless,FLC66ZDY5OLSRP48,01KKBSXYSQMXRXE8ATEYEZC7BC,FLC66ZDY5OLSRP48,"0,15,30,45 * * * *",job-hunter-bot,[INFO] [Producer] Intelligence: 87 sources selected (87 config + 0 registry),346e138aae29f6b381c1ebae50734856,cf-worker,9652c0eabd8fbe010167fd7787852081,cron,[INFO] [Producer] Intelligence: 87 sources selected (87 config + 0 registry),undefined,undefined,undefined,[]
[INFO] [Producer] Cron cycle #841 fired.,cloudflare-workers,2026-03-10T12:00:45.433Z,false,"0,15,30,45 * * * *",1773144043000,job-hunter-bot,exceededCpu,cron,a7fd90f8-dd89-49cd-a89f-9d1613cd7b9c,stateless,FLC66ZDY5OLSRP48,01KKBSXXVSJ4DRVVZ6R8TKHBQF,FLC66ZDY5OLSRP48,"0,15,30,45 * * * *",job-hunter-bot,[INFO] [Producer] Cron cycle #841 fired.,346e138aae29f6b381c1ebae50734856,cf-worker,9652c0eabd8fbe010167fd7787852081,cron,[INFO] [Producer] Cron cycle #841 fired.,undefined,undefined,undefined,[]
[INFO] [Connectors] Running rss connector on 5 sources,cloudflare-workers,2026-03-10T11:45:49.818Z,false,"0,15,30,45 * * * *",1773143143000,job-hunter-bot,exceededCpu,cron,a7fd90f8-dd89-49cd-a89f-9d1613cd7b9c,stateless,MJNAHS680B9N8R0U,01KKBS2K7TSMFR78T6XPQ11HXD,MJNAHS680B9N8R0U,"0,15,30,45 * * * *",job-hunter-bot,[INFO] [Connectors] Running rss connector on 5 sources,346e138aae29f6b381c1ebae50734856,cf-worker,9652c0eabd8fbe010167fd7787852081,cron,[INFO] [Connectors] Running rss connector on 5 sources,undefined,undefined,undefined,[]
[INFO] [Producer] Direct mode: processing 240 sources inline...,cloudflare-workers,2026-03-10T11:45:48.900Z,false,"0,15,30,45 * * * *",1773143143000,job-hunter-bot,exceededCpu,cron,a7fd90f8-dd89-49cd-a89f-9d1613cd7b9c,stateless,MJNAHS680B9N8R0U,01KKBS2JB4TTQ5M96XZTGSWA21,MJNAHS680B9N8R0U,"0,15,30,45 * * * *",job-hunter-bot,[INFO] [Producer] Direct mode: processing 240 sources inline...,346e138aae29f6b381c1ebae50734856,cf-worker,9652c0eabd8fbe010167fd7787852081,cron,[INFO] [Producer] Direct mode: processing 240 sources inline...,undefined,undefined,undefined,[]
"[WARN] [Retry] Attempt 3/4 failed (Queue sendBatch failed: Too Many Requests), retrying in 2003ms...",cloudflare-workers,2026-03-10T11:45:46.888Z,false,"0,15,30,45 * * * *",1773143143000,job-hunter-bot,exceededCpu,cron,a7fd90f8-dd89-49cd-a89f-9d1613cd7b9c,stateless,MJNAHS680B9N8R0U,01KKBS2GC8340HS0XXY1FCZAA8,MJNAHS680B9N8R0U,"0,15,30,45 * * * *",job-hunter-bot,"[WARN] [Retry] Attempt 3/4 failed (Queue sendBatch failed: Too Many Requests), retrying in 2003ms...",346e138aae29f6b381c1ebae50734856,cf-worker,9652c0eabd8fbe010167fd7787852081,cron,"[WARN] [Retry] Attempt <*>/4 failed (Queue sendBatch failed: Too Many Requests), retrying in <*>...",undefined,undefined,undefined,[]
"[WARN] [Retry] Attempt 2/4 failed (Queue sendBatch failed: Too Many Requests), retrying in 1021ms...",cloudflare-workers,2026-03-10T11:45:45.858Z,false,"0,15,30,45 * * * *",1773143143000,job-hunter-bot,exceededCpu,cron,a7fd90f8-dd89-49cd-a89f-9d1613cd7b9c,stateless,MJNAHS680B9N8R0U,01KKBS2FC22JGPJB5J0KDJY8F5,MJNAHS680B9N8R0U,"0,15,30,45 * * * *",job-hunter-bot,"[WARN] [Retry] Attempt 2/4 failed (Queue sendBatch failed: Too Many Requests), retrying in 1021ms...",346e138aae29f6b381c1ebae50734856,cf-worker,9652c0eabd8fbe010167fd7787852081,cron,"[WARN] [Retry] Attempt <*>/4 failed (Queue sendBatch failed: Too Many Requests), retrying in <*>...",undefined,undefined,undefined,[]
"[WARN] [Retry] Attempt 1/4 failed (Queue sendBatch failed: Too Many Requests), retrying in 586ms...",cloudflare-workers,2026-03-10T11:45:45.263Z,false,"0,15,30,45 * * * *",1773143143000,job-hunter-bot,exceededCpu,cron,a7fd90f8-dd89-49cd-a89f-9d1613cd7b9c,stateless,MJNAHS680B9N8R0U,01KKBS2ESF66XT2RZN646JN792,MJNAHS680B9N8R0U,"0,15,30,45 * * * *",job-hunter-bot,"[WARN] [Retry] Attempt 1/4 failed (Queue sendBatch failed: Too Many Requests), retrying in 586ms...",346e138aae29f6b381c1ebae50734856,cf-worker,9652c0eabd8fbe010167fd7787852081,cron,"[WARN] [Retry] Attempt <*>/4 failed (Queue sendBatch failed: Too Many Requests), retrying in <*>...",undefined,undefined,undefined,[]
[INFO] [Producer] Broadcasting 240 sources to FEED_QUEUE...,cloudflare-workers,2026-03-10T11:45:45.251Z,false,"0,15,30,45 * * * *",1773143143000,job-hunter-bot,exceededCpu,cron,a7fd90f8-dd89-49cd-a89f-9d1613cd7b9c,stateless,MJNAHS680B9N8R0U,01KKBS2ES3EGHHKN5DENAJ0Z8N,MJNAHS680B9N8R0U,"0,15,30,45 * * * *",job-hunter-bot,[INFO] [Producer] Broadcasting 240 sources to FEED_QUEUE...,346e138aae29f6b381c1ebae50734856,cf-worker,9652c0eabd8fbe010167fd7787852081,cron,[INFO] [Producer] Broadcasting 240 sources to FEED_QUEUE...,undefined,undefined,undefined,[]
[INFO] [Producer] Intelligence: 240 sources selected (87 config + 153 registry),cloudflare-workers,2026-03-10T11:45:45.251Z,false,"0,15,30,45 * * * *",1773143143000,job-hunter-bot,exceededCpu,cron,a7fd90f8-dd89-49cd-a89f-9d1613cd7b9c,stateless,MJNAHS680B9N8R0U,01KKBS2ES3EGHHKN5DENAJ0Z8M,MJNAHS680B9N8R0U,"0,15,30,45 * * * *",job-hunter-bot,[INFO] [Producer] Intelligence: 240 sources selected (87 config + 153 registry),346e138aae29f6b381c1ebae50734856,cf-worker,9652c0eabd8fbe010167fd7787852081,cron,[INFO] [Producer] Intelligence: 240 sources selected (87 config + 153 registry),undefined,undefined,undefined,[]
[INFO] [Producer] Cron cycle #840 fired.,cloudflare-workers,2026-03-10T11:45:44.295Z,false,"0,15,30,45 * * * *",1773143143000,job-hunter-bot,exceededCpu,cron,a7fd90f8-dd89-49cd-a89f-9d1613cd7b9c,stateless,MJNAHS680B9N8R0U,01KKBS2DV7VB2RMTJT63XP5JN6,MJNAHS680B9N8R0U,"0,15,30,45 * * * *",job-hunter-bot,[INFO] [Producer] Cron cycle #840 fired.,346e138aae29f6b381c1ebae50734856,cf-worker,9652c0eabd8fbe010167fd7787852081,cron,[INFO] [Producer] Cron cycle #840 fired.,undefined,undefined,undefined,[]
[INFO] [Connectors] Running rss connector on 5 sources,cloudflare-workers,2026-03-10T11:30:50.104Z,false,"0,15,30,45 * * * *",1773142243000,job-hunter-bot,exceededCpu,cron,a7fd90f8-dd89-49cd-a89f-9d1613cd7b9c,stateless,VW6WTWBP7O7T35O1,01KKBR74KREX90ZRKE5448B52T,VW6WTWBP7O7T35O1,"0,15,30,45 * * * *",job-hunter-bot,[INFO] [Connectors] Running rss connector on 5 sources,346e138aae29f6b381c1ebae50734856,cf-worker,9652c0eabd8fbe010167fd7787852081,cron,[INFO] [Connectors] Running rss connector on 5 sources,undefined,undefined,undefined,[]
[INFO] [Producer] Direct mode: processing 87 sources inline...,cloudflare-workers,2026-03-10T11:30:49.112Z,false,"0,15,30,45 * * * *",1773142243000,job-hunter-bot,exceededCpu,cron,a7fd90f8-dd89-49cd-a89f-9d1613cd7b9c,stateless,VW6WTWBP7O7T35O1,01KKBR73MRWBT9GBW7BEDXR2J0,VW6WTWBP7O7T35O1,"0,15,30,45 * * * *",job-hunter-bot,[INFO] [Producer] Direct mode: processing 87 sources inline...,346e138aae29f6b381c1ebae50734856,cf-worker,9652c0eabd8fbe010167fd7787852081,cron,[INFO] [Producer] Direct mode: processing 87 sources inline...,undefined,undefined,undefined,[]
"[WARN] [Retry] Attempt 3/4 failed (Queue sendBatch failed: Too Many Requests), retrying in 2064ms...",cloudflare-workers,2026-03-10T11:30:47.038Z,false,"0,15,30,45 * * * *",1773142243000,job-hunter-bot,exceededCpu,cron,a7fd90f8-dd89-49cd-a89f-9d1613cd7b9c,stateless,VW6WTWBP7O7T35O1,01KKBR71KY0KZW7AWTMCQMK0EM,VW6WTWBP7O7T35O1,"0,15,30,45 * * * *",job-hunter-bot,"[WARN] [Retry] Attempt 3/4 failed (Queue sendBatch failed: Too Many Requests), retrying in 2064ms...",346e138aae29f6b381c1ebae50734856,cf-worker,9652c0eabd8fbe010167fd7787852081,cron,"[WARN] [Retry] Attempt <*>/4 failed (Queue sendBatch failed: Too Many Requests), retrying in <*>...",undefined,undefined,undefined,[]
"[WARN] [Retry] Attempt 2/4 failed (Queue sendBatch failed: Too Many Requests), retrying in 1065ms...",cloudflare-workers,2026-03-10T11:30:45.963Z,false,"0,15,30,45 * * * *",1773142243000,job-hunter-bot,exceededCpu,cron,a7fd90f8-dd89-49cd-a89f-9d1613cd7b9c,stateless,VW6WTWBP7O7T35O1,01KKBR70JBADYMZZG6ZT55B16B,VW6WTWBP7O7T35O1,"0,15,30,45 * * * *",job-hunter-bot,"[WARN] [Retry] Attempt 2/4 failed (Queue sendBatch failed: Too Many Requests), retrying in 1065ms...",346e138aae29f6b381c1ebae50734856,cf-worker,9652c0eabd8fbe010167fd7787852081,cron,"[WARN] [Retry] Attempt <*>/4 failed (Queue sendBatch failed: Too Many Requests), retrying in <*>...",undefined,undefined,undefined,[]
"[WARN] [Retry] Attempt 1/4 failed (Queue sendBatch failed: Too Many Requests), retrying in 567ms...",cloudflare-workers,2026-03-10T11:30:45.387Z,false,"0,15,30,45 * * * *",1773142243000,job-hunter-bot,exceededCpu,cron,a7fd90f8-dd89-49cd-a89f-9d1613cd7b9c,stateless,VW6WTWBP7O7T35O1,01KKBR700BNVGCY2D3PHZRE1B8,VW6WTWBP7O7T35O1,"0,15,30,45 * * * *",job-hunter-bot,"[WARN] [Retry] Attempt 1/4 failed (Queue sendBatch failed: Too Many Requests), retrying in 567ms...",346e138aae29f6b381c1ebae50734856,cf-worker,9652c0eabd8fbe010167fd7787852081,cron,"[WARN] [Retry] Attempt <*>/4 failed (Queue sendBatch failed: Too Many Requests), retrying in <*>...",undefined,undefined,undefined,[]
[INFO] [Producer] Broadcasting 87 sources to FEED_QUEUE...,cloudflare-workers,2026-03-10T11:30:45.376Z,false,"0,15,30,45 * * * *",1773142243000,job-hunter-bot,exceededCpu,cron,a7fd90f8-dd89-49cd-a89f-9d1613cd7b9c,stateless,VW6WTWBP7O7T35O1,01KKBR70002TX3PFY7SW6XB344,VW6WTWBP7O7T35O1,"0,15,30,45 * * * *",job-hunter-bot,[INFO] [Producer] Broadcasting 87 sources to FEED_QUEUE...,346e138aae29f6b381c1ebae50734856,cf-worker,9652c0eabd8fbe010167fd7787852081,cron,[INFO] [Producer] Broadcasting 87 sources to FEED_QUEUE...,undefined,undefined,undefined,[]
[INFO] [Producer] Intelligence: 87 sources selected (87 config + 0 registry),cloudflare-workers,2026-03-10T11:30:45.376Z,false,"0,15,30,45 * * * *",1773142243000,job-hunter-bot,exceededCpu,cron,a7fd90f8-dd89-49cd-a89f-9d1613cd7b9c,stateless,VW6WTWBP7O7T35O1,01KKBR70002TX3PFY7SW6XB343,VW6WTWBP7O7T35O1,"0,15,30,45 * * * *",job-hunter-bot,[INFO] [Producer] Intelligence: 87 sources selected (87 config + 0 registry),346e138aae29f6b381c1ebae50734856,cf-worker,9652c0eabd8fbe010167fd7787852081,cron,[INFO] [Producer] Intelligence: 87 sources selected (87 config + 0 registry),undefined,undefined,undefined,[]
[INFO] [Producer] Cron cycle #839 fired.,cloudflare-workers,2026-03-10T11:30:44.440Z,false,"0,15,30,45 * * * *",1773142243000,job-hunter-bot,exceededCpu,cron,a7fd90f8-dd89-49cd-a89f-9d1613cd7b9c,stateless,VW6WTWBP7O7T35O1,01KKBR6Z2RG8YTGXRV5DF0XZYK,VW6WTWBP7O7T35O1,"0,15,30,45 * * * *",job-hunter-bot,[INFO] [Producer] Cron cycle #839 fired.,346e138aae29f6b381c1ebae50734856,cf-worker,9652c0eabd8fbe010167fd7787852081,cron,[INFO] [Producer] Cron cycle #839 fired.,undefined,undefined,undefined,[]
[INFO] [Connectors] Running rss connector on 5 sources,cloudflare-workers,2026-03-10T11:15:49.559Z,false,"0,15,30,45 * * * *",1773141343000,job-hunter-bot,exceededCpu,cron,a7fd90f8-dd89-49cd-a89f-9d1613cd7b9c,stateless,XR4PR7S2QAFT66PH,01KKBQBN5Q5HQAK39JJHPAV75G,XR4PR7S2QAFT66PH,"0,15,30,45 * * * *",job-hunter-bot,[INFO] [Connectors] Running rss connector on 5 sources,346e138aae29f6b381c1ebae50734856,cf-worker,9652c0eabd8fbe010167fd7787852081,cron,[INFO] [Connectors] Running rss connector on 5 sources,undefined,undefined,undefined,[]
[INFO] [Producer] Direct mode: processing 87 sources inline...,cloudflare-workers,2026-03-10T11:15:48.592Z,false,"0,15,30,45 * * * *",1773141343000,job-hunter-bot,exceededCpu,cron,a7fd90f8-dd89-49cd-a89f-9d1613cd7b9c,stateless,XR4PR7S2QAFT66PH,01KKBQBM7GMY6AR50AVAGNZEB0,XR4PR7S2QAFT66PH,"0,15,30,45 * * * *",job-hunter-bot,[INFO] [Producer] Direct mode: processing 87 sources inline...,346e138aae29f6b381c1ebae50734856,cf-worker,9652c0eabd8fbe010167fd7787852081,cron,[INFO] [Producer] Direct mode: processing 87 sources inline...,undefined,undefined,undefined,[]
"[WARN] [Retry] Attempt 3/4 failed (Queue sendBatch failed: Too Many Requests), retrying in 2051ms...",cloudflare-workers,2026-03-10T11:15:46.532Z,false,"0,15,30,45 * * * *",1773141343000,job-hunter-bot,exceededCpu,cron,a7fd90f8-dd89-49cd-a89f-9d1613cd7b9c,stateless,XR4PR7S2QAFT66PH,01KKBQBJ74ZS0ZVV1BQ4GDT8WW,XR4PR7S2QAFT66PH,"0,15,30,45 * * * *",job-hunter-bot,"[WARN] [Retry] Attempt 3/4 failed (Queue sendBatch failed: Too Many Requests), retrying in 2051ms...",346e138aae29f6b381c1ebae50734856,cf-worker,9652c0eabd8fbe010167fd7787852081,cron,"[WARN] [Retry] Attempt <*>/4 failed (Queue sendBatch failed: Too Many Requests), retrying in <*>...",undefined,undefined,undefined,[]
"[WARN] [Retry] Attempt 2/4 failed (Queue sendBatch failed: Too Many Requests), retrying in 1075ms...",cloudflare-workers,2026-03-10T11:15:45.448Z,false,"0,15,30,45 * * * *",1773141343000,job-hunter-bot,exceededCpu,cron,a7fd90f8-dd89-49cd-a89f-9d1613cd7b9c,stateless,XR4PR7S2QAFT66PH,01KKBQBH5891TZ60WDY1T11GAC,XR4PR7S2QAFT66PH,"0,15,30,45 * * * *",job-hunter-bot,"[WARN] [Retry] Attempt 2/4 failed (Queue sendBatch failed: Too Many Requests), retrying in 1075ms...",346e138aae29f6b381c1ebae50734856,cf-worker,9652c0eabd8fbe010167fd7787852081,cron,"[WARN] [Retry] Attempt <*>/4 failed (Queue sendBatch failed: Too Many Requests), retrying in <*>...",undefined,undefined,undefined,[]
"[WARN] [Retry] Attempt 1/4 failed (Queue sendBatch failed: Too Many Requests), retrying in 517ms...",cloudflare-workers,2026-03-10T11:15:44.913Z,false,"0,15,30,45 * * * *",1773141343000,job-hunter-bot,exceededCpu,cron,a7fd90f8-dd89-49cd-a89f-9d1613cd7b9c,stateless,XR4PR7S2QAFT66PH,01KKBQBGMHVJMN5S67P58B5TBS,XR4PR7S2QAFT66PH,"0,15,30,45 * * * *",job-hunter-bot,"[WARN] [Retry] Attempt 1/4 failed (Queue sendBatch failed: Too Many Requests), retrying in 517ms...",346e138aae29f6b381c1ebae50734856,cf-worker,9652c0eabd8fbe010167fd7787852081,cron,"[WARN] [Retry] Attempt <*>/4 failed (Queue sendBatch failed: Too Many Requests), retrying in <*>...",undefined,undefined,undefined,[]
[INFO] [Producer] Broadcasting 87 sources to FEED_QUEUE...,cloudflare-workers,2026-03-10T11:15:44.902Z,false,"0,15,30,45 * * * *",1773141343000,job-hunter-bot,exceededCpu,cron,a7fd90f8-dd89-49cd-a89f-9d1613cd7b9c,stateless,XR4PR7S2QAFT66PH,01KKBQBGM6HSD1N3JZRWW37HWQ,XR4PR7S2QAFT66PH,"0,15,30,45 * * * *",job-hunter-bot,[INFO] [Producer] Broadcasting 87 sources to FEED_QUEUE...,346e138aae29f6b381c1ebae50734856,cf-worker,9652c0eabd8fbe010167fd7787852081,cron,[INFO] [Producer] Broadcasting 87 sources to FEED_QUEUE...,undefined,undefined,undefined,[]
[INFO] [Producer] Intelligence: 87 sources selected (87 config + 0 registry),cloudflare-workers,2026-03-10T11:15:44.902Z,false,"0,15,30,45 * * * *",1773141343000,job-hunter-bot,exceededCpu,cron,a7fd90f8-dd89-49cd-a89f-9d1613cd7b9c,stateless,XR4PR7S2QAFT66PH,01KKBQBGM6HSD1N3JZRWW37HWP,XR4PR7S2QAFT66PH,"0,15,30,45 * * * *",job-hunter-bot,[INFO] [Producer] Intelligence: 87 sources selected (87 config + 0 registry),346e138aae29f6b381c1ebae50734856,cf-worker,9652c0eabd8fbe010167fd7787852081,cron,[INFO] [Producer] Intelligence: 87 sources selected (87 config + 0 registry),undefined,undefined,undefined,[]
[INFO] [Producer] Cron cycle #838 fired.,cloudflare-workers,2026-03-10T11:15:43.933Z,false,"0,15,30,45 * * * *",1773141343000,job-hunter-bot,exceededCpu,cron,a7fd90f8-dd89-49cd-a89f-9d1613cd7b9c,stateless,XR4PR7S2QAFT66PH,01KKBQBFNX6A1VEK2G7HB74XJA,XR4PR7S2QAFT66PH,"0,15,30,45 * * * *",job-hunter-bot,[INFO] [Producer] Cron cycle #838 fired.,346e138aae29f6b381c1ebae50734856,cf-worker,9652c0eabd8fbe010167fd7787852081,cron,[INFO] [Producer] Cron cycle #838 fired.,undefined,undefined,undefined,[]
[INFO] [Connectors] Running rss connector on 5 sources,cloudflare-workers,2026-03-10T11:00:50.314Z,false,"0,15,30,45 * * * *",1773140443000,job-hunter-bot,exceededCpu,cron,a7fd90f8-dd89-49cd-a89f-9d1613cd7b9c,stateless,ZK7HJ6X7M685DUWB,01KKBPG70A02NSQSQQ20FQ0CFA,ZK7HJ6X7M685DUWB,"0,15,30,45 * * * *",job-hunter-bot,[INFO] [Connectors] Running rss connector on 5 sources,346e138aae29f6b381c1ebae50734856,cf-worker,9652c0eabd8fbe010167fd7787852081,cron,[INFO] [Connectors] Running rss connector on 5 sources,undefined,undefined,undefined,[]
[INFO] [Producer] Direct mode: processing 179 sources inline...,cloudflare-workers,2026-03-10T11:00:49.317Z,false,"0,15,30,45 * * * *",1773140443000,job-hunter-bot,exceededCpu,cron,a7fd90f8-dd89-49cd-a89f-9d1613cd7b9c,stateless,ZK7HJ6X7M685DUWB,01KKBPG615QJGT9W1617EXYE2C,ZK7HJ6X7M685DUWB,"0,15,30,45 * * * *",job-hunter-bot,[INFO] [Producer] Direct mode: processing 179 sources inline...,346e138aae29f6b381c1ebae50734856,cf-worker,9652c0eabd8fbe010167fd7787852081,cron,[INFO] [Producer] Direct mode: processing 179 sources inline...,undefined,undefined,undefined,[]
"[WARN] [Retry] Attempt 3/4 failed (Queue sendBatch failed: Too Many Requests), retrying in 2011ms...",cloudflare-workers,2026-03-10T11:00:47.297Z,false,"0,15,30,45 * * * *",1773140443000,job-hunter-bot,exceededCpu,cron,a7fd90f8-dd89-49cd-a89f-9d1613cd7b9c,stateless,ZK7HJ6X7M685DUWB,01KKBPG421XNFBX9VFZ9XW4NQR,ZK7HJ6X7M685DUWB,"0,15,30,45 * * * *",job-hunter-bot,"[WARN] [Retry] Attempt 3/4 failed (Queue sendBatch failed: Too Many Requests), retrying in 2011ms...",346e138aae29f6b381c1ebae50734856,cf-worker,9652c0eabd8fbe010167fd7787852081,cron,"[WARN] [Retry] Attempt <*>/4 failed (Queue sendBatch failed: Too Many Requests), retrying in <*>...",undefined,undefined,undefined,[]
"[WARN] [Retry] Attempt 2/4 failed (Queue sendBatch failed: Too Many Requests), retrying in 1096ms...",cloudflare-workers,2026-03-10T11:00:46.190Z,false,"0,15,30,45 * * * *",1773140443000,job-hunter-bot,exceededCpu,cron,a7fd90f8-dd89-49cd-a89f-9d1613cd7b9c,stateless,ZK7HJ6X7M685DUWB,01KKBPG2ZEPQNYR3D1PXP5MHQF,ZK7HJ6X7M685DUWB,"0,15,30,45 * * * *",job-hunter-bot,"[WARN] [Retry] Attempt 2/4 failed (Queue sendBatch failed: Too Many Requests), retrying in 1096ms...",346e138aae29f6b381c1ebae50734856,cf-worker,9652c0eabd8fbe010167fd7787852081,cron,"[WARN] [Retry] Attempt <*>/4 failed (Queue sendBatch failed: Too Many Requests), retrying in <*>...",undefined,undefined,undefined,[]
"[WARN] [Retry] Attempt 1/4 failed (Queue sendBatch failed: Too Many Requests), retrying in 594ms...",cloudflare-workers,2026-03-10T11:00:45.587Z,false,"0,15,30,45 * * * *",1773140443000,job-hunter-bot,exceededCpu,cron,a7fd90f8-dd89-49cd-a89f-9d1613cd7b9c,stateless,ZK7HJ6X7M685DUWB,01KKBPG2CKK6CX2WJ0CQ228ZT0,ZK7HJ6X7M685DUWB,"0,15,30,45 * * * *",job-hunter-bot,"[WARN] [Retry] Attempt 1/4 failed (Queue sendBatch failed: Too Many Requests), retrying in 594ms...",346e138aae29f6b381c1ebae50734856,cf-worker,9652c0eabd8fbe010167fd7787852081,cron,"[WARN] [Retry] Attempt <*>/4 failed (Queue sendBatch failed: Too Many Requests), retrying in <*>...",undefined,undefined,undefined,[]
[INFO] [Producer] Broadcasting 179 sources to FEED_QUEUE...,cloudflare-workers,2026-03-10T11:00:45.571Z,false,"0,15,30,45 * * * *",1773140443000,job-hunter-bot,exceededCpu,cron,a7fd90f8-dd89-49cd-a89f-9d1613cd7b9c,stateless,ZK7HJ6X7M685DUWB,01KKBPG2C3855X5QNTQ42Z67DE,ZK7HJ6X7M685DUWB,"0,15,30,45 * * * *",job-hunter-bot,[INFO] [Producer] Broadcasting 179 sources to FEED_QUEUE...,346e138aae29f6b381c1ebae50734856,cf-worker,9652c0eabd8fbe010167fd7787852081,cron,[INFO] [Producer] Broadcasting 179 sources to FEED_QUEUE...,undefined,undefined,undefined,[]
[INFO] [Producer] Intelligence: 179 sources selected (87 config + 92 registry),cloudflare-workers,2026-03-10T11:00:45.571Z,false,"0,15,30,45 * * * *",1773140443000,job-hunter-bot,exceededCpu,cron,a7fd90f8-dd89-49cd-a89f-9d1613cd7b9c,stateless,ZK7HJ6X7M685DUWB,01KKBPG2C3855X5QNTQ42Z67DD,ZK7HJ6X7M685DUWB,"0,15,30,45 * * * *",job-hunter-bot,[INFO] [Producer] Intelligence: 179 sources selected (87 config + 92 registry),346e138aae29f6b381c1ebae50734856,cf-worker,9652c0eabd8fbe010167fd7787852081,cron,[INFO] [Producer] Intelligence: 179 sources selected (87 config + 92 registry),undefined,undefined,undefined,[]
[INFO] [Producer] Cron cycle #837 fired.,cloudflare-workers,2026-03-10T11:00:44.333Z,false,"0,15,30,45 * * * *",1773140443000,job-hunter-bot,exceededCpu,cron,a7fd90f8-dd89-49cd-a89f-9d1613cd7b9c,stateless,ZK7HJ6X7M685DUWB,01KKBPG15DRYMG33T3KVPZM16F,ZK7HJ6X7M685DUWB,"0,15,30,45 * * * *",job-hunter-bot,[INFO] [Producer] Cron cycle #837 fired.,346e138aae29f6b381c1ebae50734856,cf-worker,9652c0eabd8fbe010167fd7787852081,cron,[INFO] [Producer] Cron cycle #837 fired.,undefined,undefined,undefined,[]
[INFO] [Connectors] Running rss connector on 5 sources,cloudflare-workers,2026-03-10T10:45:49.754Z,false,"0,15,30,45 * * * *",1773139543000,job-hunter-bot,exceededCpu,cron,a7fd90f8-dd89-49cd-a89f-9d1613cd7b9c,stateless,JWXT3RUCEACJDFQ1,01KKBNMQHTK18CA4AWKXRVENKB,JWXT3RUCEACJDFQ1,"0,15,30,45 * * * *",job-hunter-bot,[INFO] [Connectors] Running rss connector on 5 sources,346e138aae29f6b381c1ebae50734856,cf-worker,9652c0eabd8fbe010167fd7787852081,cron,[INFO] [Connectors] Running rss connector on 5 sources,undefined,undefined,undefined,[]
[INFO] [Producer] Direct mode: processing 87 sources inline...,cloudflare-workers,2026-03-10T10:45:48.812Z,false,"0,15,30,45 * * * *",1773139543000,job-hunter-bot,exceededCpu,cron,a7fd90f8-dd89-49cd-a89f-9d1613cd7b9c,stateless,JWXT3RUCEACJDFQ1,01KKBNMPMC3S4Y62W4FJXTFGAZ,JWXT3RUCEACJDFQ1,"0,15,30,45 * * * *",job-hunter-bot,[INFO] [Producer] Direct mode: processing 87 sources inline...,346e138aae29f6b381c1ebae50734856,cf-worker,9652c0eabd8fbe010167fd7787852081,cron,[INFO] [Producer] Direct mode: processing 87 sources inline...,undefined,undefined,undefined,[]
"[WARN] [Retry] Attempt 3/4 failed (Queue sendBatch failed: Too Many Requests), retrying in 2084ms...",cloudflare-workers,2026-03-10T10:45:46.717Z,false,"0,15,30,45 * * * *",1773139543000,job-hunter-bot,exceededCpu,cron,a7fd90f8-dd89-49cd-a89f-9d1613cd7b9c,stateless,JWXT3RUCEACJDFQ1,01KKBNMMJX0XYR1Z49FDA32WBP,JWXT3RUCEACJDFQ1,"0,15,30,45 * * * *",job-hunter-bot,"[WARN] [Retry] Attempt 3/4 failed (Queue sendBatch failed: Too Many Requests), retrying in 2084ms...",346e138aae29f6b381c1ebae50734856,cf-worker,9652c0eabd8fbe010167fd7787852081,cron,"[WARN] [Retry] Attempt <*>/4 failed (Queue sendBatch failed: Too Many Requests), retrying in <*>...",undefined,undefined,undefined,[]
"[WARN] [Retry] Attempt 2/4 failed (Queue sendBatch failed: Too Many Requests), retrying in 1099ms...",cloudflare-workers,2026-03-10T10:45:45.606Z,false,"0,15,30,45 * * * *",1773139543000,job-hunter-bot,exceededCpu,cron,a7fd90f8-dd89-49cd-a89f-9d1613cd7b9c,stateless,JWXT3RUCEACJDFQ1,01KKBNMKG633D0ZN57DH9B5HAW,JWXT3RUCEACJDFQ1,"0,15,30,45 * * * *",job-hunter-bot,"[WARN] [Retry] Attempt 2/4 failed (Queue sendBatch failed: Too Many Requests), retrying in 1099ms...",346e138aae29f6b381c1ebae50734856,cf-worker,9652c0eabd8fbe010167fd7787852081,cron,"[WARN] [Retry] Attempt <*>/4 failed (Queue sendBatch failed: Too Many Requests), retrying in <*>...",undefined,undefined,undefined,[]
"[WARN] [Retry] Attempt 1/4 failed (Queue sendBatch failed: Too Many Requests), retrying in 579ms...",cloudflare-workers,2026-03-10T10:45:45.018Z,false,"0,15,30,45 * * * *",1773139543000,job-hunter-bot,exceededCpu,cron,a7fd90f8-dd89-49cd-a89f-9d1613cd7b9c,stateless,JWXT3RUCEACJDFQ1,01KKBNMJXT0AM486PV4BT3VV9Q,JWXT3RUCEACJDFQ1,"0,15,30,45 * * * *",job-hunter-bot,"[WARN] [Retry] Attempt 1/4 failed (Queue sendBatch failed: Too Many Requests), retrying in 579ms...",346e138aae29f6b381c1ebae50734856,cf-worker,9652c0eabd8fbe010167fd7787852081,cron,"[WARN] [Retry] Attempt <*>/4 failed (Queue sendBatch failed: Too Many Requests), retrying in <*>...",undefined,undefined,undefined,[]
[INFO] [Producer] Broadcasting 87 sources to FEED_QUEUE...,cloudflare-workers,2026-03-10T10:45:45.007Z,false,"0,15,30,45 * * * *",1773139543000,job-hunter-bot,exceededCpu,cron,a7fd90f8-dd89-49cd-a89f-9d1613cd7b9c,stateless,JWXT3RUCEACJDFQ1,01KKBNMJXF22WWAADD93P2YWC0,JWXT3RUCEACJDFQ1,"0,15,30,45 * * * *",job-hunter-bot,[INFO] [Producer] Broadcasting 87 sources to FEED_QUEUE...,346e138aae29f6b381c1ebae50734856,cf-worker,9652c0eabd8fbe010167fd7787852081,cron,[INFO] [Producer] Broadcasting 87 sources to FEED_QUEUE...,undefined,undefined,undefined,[]
[INFO] [Producer] Intelligence: 87 sources selected (87 config + 0 registry),cloudflare-workers,2026-03-10T10:45:45.007Z,false,"0,15,30,45 * * * *",1773139543000,job-hunter-bot,exceededCpu,cron,a7fd90f8-dd89-49cd-a89f-9d1613cd7b9c,stateless,JWXT3RUCEACJDFQ1,01KKBNMJXF22WWAADD93P2YWBZ,JWXT3RUCEACJDFQ1,"0,15,30,45 * * * *",job-hunter-bot,[INFO] [Producer] Intelligence: 87 sources selected (87 config + 0 registry),346e138aae29f6b381c1ebae50734856,cf-worker,9652c0eabd8fbe010167fd7787852081,cron,[INFO] [Producer] Intelligence: 87 sources selected (87 config + 0 registry),undefined,undefined,undefined,[]
[INFO] [Producer] Cron cycle #836 fired.,cloudflare-workers,2026-03-10T10:45:44.035Z,false,"0,15,30,45 * * * *",1773139543000,job-hunter-bot,exceededCpu,cron,a7fd90f8-dd89-49cd-a89f-9d1613cd7b9c,stateless,JWXT3RUCEACJDFQ1,01KKBNMHZ3ESN2R9WXHNKS6XV5,JWXT3RUCEACJDFQ1,"0,15,30,45 * * * *",job-hunter-bot,[INFO] [Producer] Cron cycle #836 fired.,346e138aae29f6b381c1ebae50734856,cf-worker,9652c0eabd8fbe010167fd7787852081,cron,[INFO] [Producer] Cron cycle #836 fired.,undefined,undefined,undefined,[]
[INFO] [Connectors] Running rss connector on 5 sources,cloudflare-workers,2026-03-10T10:30:50.003Z,false,"0,15,30,45 * * * *",1773138643000,job-hunter-bot,exceededCpu,cron,a7fd90f8-dd89-49cd-a89f-9d1613cd7b9c,stateless,BUDJTS6E4KS3UPNO,01KKBMS8WK3HY3VNXNPWQDNV4Y,BUDJTS6E4KS3UPNO,"0,15,30,45 * * * *",job-hunter-bot,[INFO] [Connectors] Running rss connector on 5 sources,346e138aae29f6b381c1ebae50734856,cf-worker,9652c0eabd8fbe010167fd7787852081,cron,[INFO] [Connectors] Running rss connector on 5 sources,undefined,undefined,undefined,[]
[INFO] [Producer] Direct mode: processing 87 sources inline...,cloudflare-workers,2026-03-10T10:30:49.059Z,false,"0,15,30,45 * * * *",1773138643000,job-hunter-bot,exceededCpu,cron,a7fd90f8-dd89-49cd-a89f-9d1613cd7b9c,stateless,BUDJTS6E4KS3UPNO,01KKBMS7Z3RNER4EHHK6C5WQXR,BUDJTS6E4KS3UPNO,"0,15,30,45 * * * *",job-hunter-bot,[INFO] [Producer] Direct mode: processing 87 sources inline...,346e138aae29f6b381c1ebae50734856,cf-worker,9652c0eabd8fbe010167fd7787852081,cron,[INFO] [Producer] Direct mode: processing 87 sources inline...,undefined,undefined,undefined,[]
"[WARN] [Retry] Attempt 3/4 failed (Queue sendBatch failed: Too Many Requests), retrying in 2006ms...",cloudflare-workers,2026-03-10T10:30:47.041Z,false,"0,15,30,45 * * * *",1773138643000,job-hunter-bot,exceededCpu,cron,a7fd90f8-dd89-49cd-a89f-9d1613cd7b9c,stateless,BUDJTS6E4KS3UPNO,01KKBMS601RKK2D9GAW78YRFYR,BUDJTS6E4KS3UPNO,"0,15,30,45 * * * *",job-hunter-bot,"[WARN] [Retry] Attempt 3/4 failed (Queue sendBatch failed: Too Many Requests), retrying in 2006ms...",346e138aae29f6b381c1ebae50734856,cf-worker,9652c0eabd8fbe010167fd7787852081,cron,"[WARN] [Retry] Attempt <*>/4 failed (Queue sendBatch failed: Too Many Requests), retrying in <*>...",undefined,undefined,undefined,[]
"[WARN] [Retry] Attempt 2/4 failed (Queue sendBatch failed: Too Many Requests), retrying in 1086ms...",cloudflare-workers,2026-03-10T10:30:45.947Z,false,"0,15,30,45 * * * *",1773138643000,job-hunter-bot,exceededCpu,cron,a7fd90f8-dd89-49cd-a89f-9d1613cd7b9c,stateless,BUDJTS6E4KS3UPNO,01KKBMS4XVERNJRTF51095PR93,BUDJTS6E4KS3UPNO,"0,15,30,45 * * * *",job-hunter-bot,"[WARN] [Retry] Attempt 2/4 failed (Queue sendBatch failed: Too Many Requests), retrying in 1086ms...",346e138aae29f6b381c1ebae50734856,cf-worker,9652c0eabd8fbe010167fd7787852081,cron,"[WARN] [Retry] Attempt <*>/4 failed (Queue sendBatch failed: Too Many Requests), retrying in <*>...",undefined,undefined,undefined,[]
"[WARN] [Retry] Attempt 1/4 failed (Queue sendBatch failed: Too Many Requests), retrying in 522ms...",cloudflare-workers,2026-03-10T10:30:45.417Z,false,"0,15,30,45 * * * *",1773138643000,job-hunter-bot,exceededCpu,cron,a7fd90f8-dd89-49cd-a89f-9d1613cd7b9c,stateless,BUDJTS6E4KS3UPNO,01KKBMS4D9XTE42ZB5NZYQV1QE,BUDJTS6E4KS3UPNO,"0,15,30,45 * * * *",job-hunter-bot,"[WARN] [Retry] Attempt 1/4 failed (Queue sendBatch failed: Too Many Requests), retrying in 522ms...",346e138aae29f6b381c1ebae50734856,cf-worker,9652c0eabd8fbe010167fd7787852081,cron,"[WARN] [Retry] Attempt <*>/4 failed (Queue sendBatch failed: Too Many Requests), retrying in <*>...",undefined,undefined,undefined,[]
[INFO] [Producer] Broadcasting 87 sources to FEED_QUEUE...,cloudflare-workers,2026-03-10T10:30:45.404Z,false,"0,15,30,45 * * * *",1773138643000,job-hunter-bot,exceededCpu,cron,a7fd90f8-dd89-49cd-a89f-9d1613cd7b9c,stateless,BUDJTS6E4KS3UPNO,01KKBMS4CWY3TD1MHGXMAZZ194,BUDJTS6E4KS3UPNO,"0,15,30,45 * * * *",job-hunter-bot,[INFO] [Producer] Broadcasting 87 sources to FEED_QUEUE...,346e138aae29f6b381c1ebae50734856,cf-worker,9652c0eabd8fbe010167fd7787852081,cron,[INFO] [Producer] Broadcasting 87 sources to FEED_QUEUE...,undefined,undefined,undefined,[]
[INFO] [Producer] Intelligence: 87 sources selected (87 config + 0 registry),cloudflare-workers,2026-03-10T10:30:45.404Z,false,"0,15,30,45 * * * *",1773138643000,job-hunter-bot,exceededCpu,cron,a7fd90f8-dd89-49cd-a89f-9d1613cd7b9c,stateless,BUDJTS6E4KS3UPNO,01KKBMS4CWY3TD1MHGXMAZZ193,BUDJTS6E4KS3UPNO,"0,15,30,45 * * * *",job-hunter-bot,[INFO] [Producer] Intelligence: 87 sources selected (87 config + 0 registry),346e138aae29f6b381c1ebae50734856,cf-worker,9652c0eabd8fbe010167fd7787852081,cron,[INFO] [Producer] Intelligence: 87 sources selected (87 config + 0 registry),undefined,undefined,undefined,[]
[INFO] [Producer] Cron cycle #835 fired.,cloudflare-workers,2026-03-10T10:30:44.441Z,false,"0,15,30,45 * * * *",1773138643000,job-hunter-bot,exceededCpu,cron,a7fd90f8-dd89-49cd-a89f-9d1613cd7b9c,stateless,BUDJTS6E4KS3UPNO,01KKBMS3ES7TMAYCG85YAQ8AYK,BUDJTS6E4KS3UPNO,"0,15,30,45 * * * *",job-hunter-bot,[INFO] [Producer] Cron cycle #835 fired.,346e138aae29f6b381c1ebae50734856,cf-worker,9652c0eabd8fbe010167fd7787852081,cron,[INFO] [Producer] Cron cycle #835 fired.,undefined,undefined,undefined,[]
[INFO] [Connectors] Running rss connector on 5 sources,cloudflare-workers,2026-03-10T10:15:49.587Z,false,"0,15,30,45 * * * *",1773137743000,job-hunter-bot,exceededCpu,cron,a7fd90f8-dd89-49cd-a89f-9d1613cd7b9c,stateless,ZRMX49KPD0GIS1UK,01KKBKXSJKG6VHGRXRKQKA9Q1H,ZRMX49KPD0GIS1UK,"0,15,30,45 * * * *",job-hunter-bot,[INFO] [Connectors] Running rss connector on 5 sources,346e138aae29f6b381c1ebae50734856,cf-worker,9652c0eabd8fbe010167fd7787852081,cron,[INFO] [Connectors] Running rss connector on 5 sources,undefined,undefined,undefined,[]
[INFO] [Producer] Direct mode: processing 179 sources inline...,cloudflare-workers,2026-03-10T10:15:48.661Z,false,"0,15,30,45 * * * *",1773137743000,job-hunter-bot,exceededCpu,cron,a7fd90f8-dd89-49cd-a89f-9d1613cd7b9c,stateless,ZRMX49KPD0GIS1UK,01KKBKXRNNA7EHGE3Q05CTNB0A,ZRMX49KPD0GIS1UK,"0,15,30,45 * * * *",job-hunter-bot,[INFO] [Producer] Direct mode: processing 179 sources inline...,346e138aae29f6b381c1ebae50734856,cf-worker,9652c0eabd8fbe010167fd7787852081,cron,[INFO] [Producer] Direct mode: processing 179 sources inline...,undefined,undefined,undefined,[]
"[WARN] [Retry] Attempt 3/4 failed (Queue sendBatch failed: Too Many Requests), retrying in 2046ms...",cloudflare-workers,2026-03-10T10:15:46.605Z,false,"0,15,30,45 * * * *",1773137743000,job-hunter-bot,exceededCpu,cron,a7fd90f8-dd89-49cd-a89f-9d1613cd7b9c,stateless,ZRMX49KPD0GIS1UK,01KKBKXPNDBE3CQPWCGMFAWVZN,ZRMX49KPD0GIS1UK,"0,15,30,45 * * * *",job-hunter-bot,"[WARN] [Retry] Attempt 3/4 failed (Queue sendBatch failed: Too Many Requests), retrying in 2046ms...",346e138aae29f6b381c1ebae50734856,cf-worker,9652c0eabd8fbe010167fd7787852081,cron,"[WARN] [Retry] Attempt <*>/4 failed (Queue sendBatch failed: Too Many Requests), retrying in <*>...",undefined,undefined,undefined,[]
"[WARN] [Retry] Attempt 2/4 failed (Queue sendBatch failed: Too Many Requests), retrying in 1034ms...",cloudflare-workers,2026-03-10T10:15:45.558Z,false,"0,15,30,45 * * * *",1773137743000,job-hunter-bot,exceededCpu,cron,a7fd90f8-dd89-49cd-a89f-9d1613cd7b9c,stateless,ZRMX49KPD0GIS1UK,01KKBKXNMPM1MV2SPMJPH4RA72,ZRMX49KPD0GIS1UK,"0,15,30,45 * * * *",job-hunter-bot,"[WARN] [Retry] Attempt 2/4 failed (Queue sendBatch failed: Too Many Requests), retrying in 1034ms...",346e138aae29f6b381c1ebae50734856,cf-worker,9652c0eabd8fbe010167fd7787852081,cron,"[WARN] [Retry] Attempt <*>/4 failed (Queue sendBatch failed: Too Many Requests), retrying in <*>...",undefined,undefined,undefined,[]
"[WARN] [Retry] Attempt 1/4 failed (Queue sendBatch failed: Too Many Requests), retrying in 521ms...",cloudflare-workers,2026-03-10T10:15:45.027Z,false,"0,15,30,45 * * * *",1773137743000,job-hunter-bot,exceededCpu,cron,a7fd90f8-dd89-49cd-a89f-9d1613cd7b9c,stateless,ZRMX49KPD0GIS1UK,01KKBKXN43T78JGE01NH3MNGJ1,ZRMX49KPD0GIS1UK,"0,15,30,45 * * * *",job-hunter-bot,"[WARN] [Retry] Attempt 1/4 failed (Queue sendBatch failed: Too Many Requests), retrying in 521ms...",346e138aae29f6b381c1ebae50734856,cf-worker,9652c0eabd8fbe010167fd7787852081,cron,"[WARN] [Retry] Attempt <*>/4 failed (Queue sendBatch failed: Too Many Requests), retrying in <*>...",undefined,undefined,undefined,[]
[INFO] [Producer] Broadcasting 179 sources to FEED_QUEUE...,cloudflare-workers,2026-03-10T10:15:45.016Z,false,"0,15,30,45 * * * *",1773137743000,job-hunter-bot,exceededCpu,cron,a7fd90f8-dd89-49cd-a89f-9d1613cd7b9c,stateless,ZRMX49KPD0GIS1UK,01KKBKXN3R0H1G5F8JPCXNQN7N,ZRMX49KPD0GIS1UK,"0,15,30,45 * * * *",job-hunter-bot,[INFO] [Producer] Broadcasting 179 sources to FEED_QUEUE...,346e138aae29f6b381c1ebae50734856,cf-worker,9652c0eabd8fbe010167fd7787852081,cron,[INFO] [Producer] Broadcasting 179 sources to FEED_QUEUE...,undefined,undefined,undefined,[]
[INFO] [Producer] Intelligence: 179 sources selected (87 config + 92 registry),cloudflare-workers,2026-03-10T10:15:45.016Z,false,"0,15,30,45 * * * *",1773137743000,job-hunter-bot,exceededCpu,cron,a7fd90f8-dd89-49cd-a89f-9d1613cd7b9c,stateless,ZRMX49KPD0GIS1UK,01KKBKXN3R0H1G5F8JPCXNQN7M,ZRMX49KPD0GIS1UK,"0,15,30,45 * * * *",job-hunter-bot,[INFO] [Producer] Intelligence: 179 sources selected (87 config + 92 registry),346e138aae29f6b381c1ebae50734856,cf-worker,9652c0eabd8fbe010167fd7787852081,cron,[INFO] [Producer] Intelligence: 179 sources selected (87 config + 92 registry),undefined,undefined,undefined,[]
[INFO] [Producer] Cron cycle #834 fired.,cloudflare-workers,2026-03-10T10:15:44.076Z,false,"0,15,30,45 * * * *",1773137743000,job-hunter-bot,exceededCpu,cron,a7fd90f8-dd89-49cd-a89f-9d1613cd7b9c,stateless,ZRMX49KPD0GIS1UK,01KKBKXM6C89BWP6AQA45TDB04,ZRMX49KPD0GIS1UK,"0,15,30,45 * * * *",job-hunter-bot,[INFO] [Producer] Cron cycle #834 fired.,346e138aae29f6b381c1ebae50734856,cf-worker,9652c0eabd8fbe010167fd7787852081,cron,[INFO] [Producer] Cron cycle #834 fired.,undefined,undefined,undefined,[]
[INFO] [Connectors] Running rss connector on 5 sources,cloudflare-workers,2026-03-10T10:00:50.007Z,false,"0,15,30,45 * * * *",1773136843000,job-hunter-bot,exceededCpu,cron,a7fd90f8-dd89-49cd-a89f-9d1613cd7b9c,stateless,IB4K59GQG8OWZIQR,01KKBK2B3VARZKDWW47BAY2Y05,IB4K59GQG8OWZIQR,"0,15,30,45 * * * *",job-hunter-bot,[INFO] [Connectors] Running rss connector on 5 sources,346e138aae29f6b381c1ebae50734856,cf-worker,9652c0eabd8fbe010167fd7787852081,cron,[INFO] [Connectors] Running rss connector on 5 sources,undefined,undefined,undefined,[]
[INFO] [Producer] Direct mode: processing 87 sources inline...,cloudflare-workers,2026-03-10T10:00:49.094Z,false,"0,15,30,45 * * * *",1773136843000,job-hunter-bot,exceededCpu,cron,a7fd90f8-dd89-49cd-a89f-9d1613cd7b9c,stateless,IB4K59GQG8OWZIQR,01KKBK2B3VARZKDWW47BAY2Y04,IB4K59GQG8OWZIQR,"0,15,30,45 * * * *",job-hunter-bot,[INFO] [Producer] Direct mode: processing 87 sources inline...,346e138aae29f6b381c1ebae50734856,cf-worker,9652c0eabd8fbe010167fd7787852081,cron,[INFO] [Producer] Direct mode: processing 87 sources inline...,undefined,undefined,undefined,[]
"[WARN] [Retry] Attempt 3/4 failed (Queue sendBatch failed: Too Many Requests), retrying in 2077ms...",cloudflare-workers,2026-03-10T10:00:47.006Z,false,"0,15,30,45 * * * *",1773136843000,job-hunter-bot,exceededCpu,cron,a7fd90f8-dd89-49cd-a89f-9d1613cd7b9c,stateless,IB4K59GQG8OWZIQR,01KKBK2B3VARZKDWW47BAY2Y02,IB4K59GQG8OWZIQR,"0,15,30,45 * * * *",job-hunter-bot,"[WARN] [Retry] Attempt 3/4 failed (Queue sendBatch failed: Too Many Requests), retrying in 2077ms...",346e138aae29f6b381c1ebae50734856,cf-worker,9652c0eabd8fbe010167fd7787852081,cron,"[WARN] [Retry] Attempt <*>/4 failed (Queue sendBatch failed: Too Many Requests), retrying in <*>...",undefined,undefined,undefined,[]
"[WARN] [Retry] Attempt 2/4 failed (Queue sendBatch failed: Too Many Requests), retrying in 1002ms...",cloudflare-workers,2026-03-10T10:00:45.995Z,false,"0,15,30,45 * * * *",1773136843000,job-hunter-bot,exceededCpu,cron,a7fd90f8-dd89-49cd-a89f-9d1613cd7b9c,stateless,IB4K59GQG8OWZIQR,01KKBK2B3VARZKDWW47BAY2Y01,IB4K59GQG8OWZIQR,"0,15,30,45 * * * *",job-hunter-bot,"[WARN] [Retry] Attempt 2/4 failed (Queue sendBatch failed: Too Many Requests), retrying in 1002ms...",346e138aae29f6b381c1ebae50734856,cf-worker,9652c0eabd8fbe010167fd7787852081,cron,"[WARN] [Retry] Attempt <*>/4 failed (Queue sendBatch failed: Too Many Requests), retrying in <*>...",undefined,undefined,undefined,[]
"[WARN] [Retry] Attempt 1/4 failed (Queue sendBatch failed: Too Many Requests), retrying in 542ms...",cloudflare-workers,2026-03-10T10:00:45.444Z,false,"0,15,30,45 * * * *",1773136843000,job-hunter-bot,exceededCpu,cron,a7fd90f8-dd89-49cd-a89f-9d1613cd7b9c,stateless,IB4K59GQG8OWZIQR,01KKBK2B3VARZKDWW47BAY2Y00,IB4K59GQG8OWZIQR,"0,15,30,45 * * * *",job-hunter-bot,"[WARN] [Retry] Attempt 1/4 failed (Queue sendBatch failed: Too Many Requests), retrying in 542ms...",346e138aae29f6b381c1ebae50734856,cf-worker,9652c0eabd8fbe010167fd7787852081,cron,"[WARN] [Retry] Attempt <*>/4 failed (Queue sendBatch failed: Too Many Requests), retrying in <*>...",undefined,undefined,undefined,[]
[INFO] [Producer] Broadcasting 87 sources to FEED_QUEUE...,cloudflare-workers,2026-03-10T10:00:45.433Z,false,"0,15,30,45 * * * *",1773136843000,job-hunter-bot,exceededCpu,cron,a7fd90f8-dd89-49cd-a89f-9d1613cd7b9c,stateless,IB4K59GQG8OWZIQR,01KKBK2B3VARZKDWW47BAY2XZZ,IB4K59GQG8OWZIQR,"0,15,30,45 * * * *",job-hunter-bot,[INFO] [Producer] Broadcasting 87 sources to FEED_QUEUE...,346e138aae29f6b381c1ebae50734856,cf-worker,9652c0eabd8fbe010167fd7787852081,cron,[INFO] [Producer] Broadcasting 87 sources to FEED_QUEUE...,undefined,undefined,undefined,[]
[INFO] [Producer] Intelligence: 87 sources selected (87 config + 0 registry),cloudflare-workers,2026-03-10T10:00:45.433Z,false,"0,15,30,45 * * * *",1773136843000,job-hunter-bot,exceededCpu,cron,a7fd90f8-dd89-49cd-a89f-9d1613cd7b9c,stateless,IB4K59GQG8OWZIQR,01KKBK2B3VARZKDWW47BAY2XZY,IB4K59GQG8OWZIQR,"0,15,30,45 * * * *",job-hunter-bot,[INFO] [Producer] Intelligence: 87 sources selected (87 config + 0 registry),346e138aae29f6b381c1ebae50734856,cf-worker,9652c0eabd8fbe010167fd7787852081,cron,[INFO] [Producer] Intelligence: 87 sources selected (87 config + 0 registry),undefined,undefined,undefined,[]
[INFO] [Producer] Cron cycle #833 fired.,cloudflare-workers,2026-03-10T10:00:44.435Z,false,"0,15,30,45 * * * *",1773136843000,job-hunter-bot,exceededCpu,cron,a7fd90f8-dd89-49cd-a89f-9d1613cd7b9c,stateless,IB4K59GQG8OWZIQR,01KKBK2B3VARZKDWW47BAY2XZX,IB4K59GQG8OWZIQR,"0,15,30,45 * * * *",job-hunter-bot,[INFO] [Producer] Cron cycle #833 fired.,346e138aae29f6b381c1ebae50734856,cf-worker,9652c0eabd8fbe010167fd7787852081,cron,[INFO] [Producer] Cron cycle #833 fired.,undefined,undefined,undefined,[]
[WARN] [DailyReport] source_registry not available: D1_ERROR: no such column: last_error at offset 76: SQLITE_ERROR,cloudflare-workers,2026-03-10T09:51:16.051Z,false,,,job-hunter-bot,ok,fetch,a7fd90f8-dd89-49cd-a89f-9d1613cd7b9c,stateless,9da16b77f946cc58,01KKBJGTKPPQDNVGH0SY5RD0WF,9da16b77f946cc58,GET /report,job-hunter-bot,[WARN] [DailyReport] source_registry not available: D1_ERROR: no such column: last_error at offset 76: SQLITE_ERROR,346e138aae29f6b381c1ebae50734856,cf-worker,9652c0eabd8fbe010167fd7787852081,fetch,[WARN] [DailyReport] source_registry not available: D1_ERROR: no such column: last_error at offset 76: SQLITE_ERROR,undefined,undefined,undefined,[]
GET https://job-hunter-bot.arpitpatidarappi01.workers.dev/report,cloudflare-workers,2026-03-10T09:51:15.199Z,false,,,job-hunter-bot,ok,fetch,a7fd90f8-dd89-49cd-a89f-9d1613cd7b9c,stateless,9da16b77f946cc58,01KKBJGTKPPQDNVGH0SY5RD0WE,9da16b77f946cc58,GET /report,job-hunter-bot,GET https://job-hunter-bot.arpitpatidarappi01.workers.dev/report,346e138aae29f6b381c1ebae50734856,cf-worker-event,9652c0eabd8fbe010167fd7787852081,fetch,GET https://job-hunter-bot.arpitpatidarappi01.workers.dev/report,undefined,undefined,undefined,[]
[INFO] [Producer] Cycle #832 dispatch complete.,cloudflare-workers,2026-03-10T09:46:52.133Z,false,"0,15,30,45 * * * *",1773135943000,job-hunter-bot,ok,cron,a7fd90f8-dd89-49cd-a89f-9d1613cd7b9c,stateless,ST0CVWRP1CCPVAC7,01KKBJ8RV5C1AG615Z1HD0ENT8,ST0CVWRP1CCPVAC7,"0,15,30,45 * * * *",job-hunter-bot,[INFO] [Producer] Cycle #832 dispatch complete.,346e138aae29f6b381c1ebae50734856,cf-worker,9652c0eabd8fbe010167fd7787852081,cron,[INFO] [Producer] <*> <*> <*> <*>.,undefined,undefined,undefined,[]
"[INFO] [SearchExpander] Expansion: 0 ATS sources, 0 domains queued",cloudflare-workers,2026-03-10T09:46:51.723Z,false,"0,15,30,45 * * * *",1773135943000,job-hunter-bot,ok,cron,a7fd90f8-dd89-49cd-a89f-9d1613cd7b9c,stateless,ST0CVWRP1CCPVAC7,01KKBJ8REB9K76J3E0J528W4F6,ST0CVWRP1CCPVAC7,"0,15,30,45 * * * *",job-hunter-bot,"[INFO] [SearchExpander] Expansion: 0 ATS sources, 0 domains queued",346e138aae29f6b381c1ebae50734856,cf-worker,9652c0eabd8fbe010167fd7787852081,cron,[INFO] [<*>] <*>: 0 <*> <*> 0 <*> <*>,undefined,undefined,undefined,[]
"[INFO] [SearchExpander] No results for query: ""site:boards.greenhouse.io typescript fullstack remote""",cloudflare-workers,2026-03-10T09:46:51.562Z,false,"0,15,30,45 * * * *",1773135943000,job-hunter-bot,ok,cron,a7fd90f8-dd89-49cd-a89f-9d1613cd7b9c,stateless,ST0CVWRP1CCPVAC7,01KKBJ8R9AW3X7RNKSGR98A2DW,ST0CVWRP1CCPVAC7,"0,15,30,45 * * * *",job-hunter-bot,"[INFO] [SearchExpander] No results for query: ""site:boards.greenhouse.io typescript fullstack remote""",346e138aae29f6b381c1ebae50734856,cf-worker,9652c0eabd8fbe010167fd7787852081,cron,"[INFO] [SearchExpander] No results for query: ""site:<DOMAIN> <*> <*> remote""",undefined,undefined,undefined,[]
"[WARN] [SearchExpander] All search backends failed for ""site:boards.greenhouse.io typescript fullstack remote"" — returning empty",cloudflare-workers,2026-03-10T09:46:51.562Z,false,"0,15,30,45 * * * *",1773135943000,job-hunter-bot,ok,cron,a7fd90f8-dd89-49cd-a89f-9d1613cd7b9c,stateless,ST0CVWRP1CCPVAC7,01KKBJ8R9AW3X7RNKSGR98A2DV,ST0CVWRP1CCPVAC7,"0,15,30,45 * * * *",job-hunter-bot,"[WARN] [SearchExpander] All search backends failed for ""site:boards.greenhouse.io typescript fullstack remote"" — returning empty",346e138aae29f6b381c1ebae50734856,cf-worker,9652c0eabd8fbe010167fd7787852081,cron,"[WARN] [SearchExpander] All search backends failed for ""site:<DOMAIN> <*> <*> remote"" — returning empty",undefined,undefined,undefined,[]
"[WARN] [SearchExpander] brave error: Too many subrequests by single Worker invocation. To configure this limit, refer to https://developers.cloudflare.com/workers/wrangler/configuration/#limits — trying next backend",cloudflare-workers,2026-03-10T09:46:51.562Z,false,"0,15,30,45 * * * *",1773135943000,job-hunter-bot,ok,cron,a7fd90f8-dd89-49cd-a89f-9d1613cd7b9c,stateless,ST0CVWRP1CCPVAC7,01KKBJ8R9AW3X7RNKSGR98A2DT,ST0CVWRP1CCPVAC7,"0,15,30,45 * * * *",job-hunter-bot,"[WARN] [SearchExpander] brave error: Too many subrequests by single Worker invocation. To configure this limit, refer to https://developers.cloudflare.com/workers/wrangler/configuration/#limits — trying next backend",346e138aae29f6b381c1ebae50734856,cf-worker,9652c0eabd8fbe010167fd7787852081,cron,"[WARN] [SearchExpander] <*> error: Too many subrequests by single Worker invocation. To configure this limit, refer to https://developers.cloudflare.com/workers/wrangler/configuration/#limits — trying next backend",undefined,undefined,undefined,[]
"[WARN] [Fetch] Attempt 2 failed for https://search.brave.com/search?q=site%3Aboards.greenhouse.io%20typescript%20fullstack%20remote&source=web (Too many subrequests by single Worker invocation. To configure this limit, refer to https://developers.cloudflare.com/workers/wrangler/configuration/#limits). Retrying in 2206ms...",cloudflare-workers,2026-03-10T09:46:49.357Z,false,"0,15,30,45 * * * *",1773135943000,job-hunter-bot,ok,cron,a7fd90f8-dd89-49cd-a89f-9d1613cd7b9c,stateless,ST0CVWRP1CCPVAC7,01KKBJ8P4DDJSHV2P0MQ14SCVQ,ST0CVWRP1CCPVAC7,"0,15,30,45 * * * *",job-hunter-bot,"[WARN] [Fetch] Attempt 2 failed for https://search.brave.com/search?q=site%3Aboards.greenhouse.io%20typescript%20fullstack%20remote&source=web (Too many subrequests by single Worker invocation. To configure this limit, refer to https://developers.cloudflare.com/workers/wrangler/configuration/#limits). Retrying in 2206ms...",346e138aae29f6b381c1ebae50734856,cf-worker,9652c0eabd8fbe010167fd7787852081,cron,"[WARN] [Fetch] Attempt <*> failed for https://<*>.<*>.com/search?q=site%<DOMAIN><*> (Too many subrequests by single Worker invocation. To configure this limit, refer to https://developers.cloudflare.com/workers/wrangler/configuration/#limits). Retrying in <*>...",undefined,undefined,undefined,[]
"[WARN] [Fetch] Attempt 1 failed for https://search.brave.com/search?q=site%3Aboards.greenhouse.io%20typescript%20fullstack%20remote&source=web (Too many subrequests by single Worker invocation. To configure this limit, refer to https://developers.cloudflare.com/workers/wrangler/configuration/#limits). Retrying in 1174ms...",cloudflare-workers,2026-03-10T09:46:48.183Z,false,"0,15,30,45 * * * *",1773135943000,job-hunter-bot,ok,cron,a7fd90f8-dd89-49cd-a89f-9d1613cd7b9c,stateless,ST0CVWRP1CCPVAC7,01KKBJ8MZQDS2TY1NYFTGD4G5N,ST0CVWRP1CCPVAC7,"0,15,30,45 * * * *",job-hunter-bot,"[WARN] [Fetch] Attempt 1 failed for https://search.brave.com/search?q=site%3Aboards.greenhouse.io%20typescript%20fullstack%20remote&source=web (Too many subrequests by single Worker invocation. To configure this limit, refer to https://developers.cloudflare.com/workers/wrangler/configuration/#limits). Retrying in 1174ms...",346e138aae29f6b381c1ebae50734856,cf-worker,9652c0eabd8fbe010167fd7787852081,cron,"[WARN] [Fetch] Attempt <*> failed for https://<*>.<*>.com/search?q=site%<DOMAIN><*> (Too many subrequests by single Worker invocation. To configure this limit, refer to https://developers.cloudflare.com/workers/wrangler/configuration/#limits). Retrying in <*>...",undefined,undefined,undefined,[]
"[WARN] [SearchExpander] bing error: Too many subrequests by single Worker invocation. To configure this limit, refer to https://developers.cloudflare.com/workers/wrangler/configuration/#limits — trying next backend",cloudflare-workers,2026-03-10T09:46:48.183Z,false,"0,15,30,45 * * * *",1773135943000,job-hunter-bot,ok,cron,a7fd90f8-dd89-49cd-a89f-9d1613cd7b9c,stateless,ST0CVWRP1CCPVAC7,01KKBJ8MZQDS2TY1NYFTGD4G5M,ST0CVWRP1CCPVAC7,"0,15,30,45 * * * *",job-hunter-bot,"[WARN] [SearchExpander] bing error: Too many subrequests by single Worker invocation. To configure this limit, refer to https://developers.cloudflare.com/workers/wrangler/configuration/#limits — trying next backend",346e138aae29f6b381c1ebae50734856,cf-worker,9652c0eabd8fbe010167fd7787852081,cron,"[WARN] [SearchExpander] <*> error: Too many subrequests by single Worker invocation. To configure this limit, refer to https://developers.cloudflare.com/workers/wrangler/configuration/#limits — trying next backend",undefined,undefined,undefined,[]
"[WARN] [Fetch] Attempt 2 failed for https://www.bing.com/search?q=site%3Aboards.greenhouse.io%20typescript%20fullstack%20remote&count=20&setlang=en (Too many subrequests by single Worker invocation. To configure this limit, refer to https://developers.cloudflare.com/workers/wrangler/configuration/#limits). Retrying in 2068ms...",cloudflare-workers,2026-03-10T09:46:46.115Z,false,"0,15,30,45 * * * *",1773135943000,job-hunter-bot,ok,cron,a7fd90f8-dd89-49cd-a89f-9d1613cd7b9c,stateless,ST0CVWRP1CCPVAC7,01KKBJ8JZ3WVVX3QR3AJN90KE0,ST0CVWRP1CCPVAC7,"0,15,30,45 * * * *",job-hunter-bot,"[WARN] [Fetch] Attempt 2 failed for https://www.bing.com/search?q=site%3Aboards.greenhouse.io%20typescript%20fullstack%20remote&count=20&setlang=en (Too many subrequests by single Worker invocation. To configure this limit, refer to https://developers.cloudflare.com/workers/wrangler/configuration/#limits). Retrying in 2068ms...",346e138aae29f6b381c1ebae50734856,cf-worker,9652c0eabd8fbe010167fd7787852081,cron,"[WARN] [Fetch] Attempt <*> failed for https://<*>.<*>.com/search?q=site%<DOMAIN><*> (Too many subrequests by single Worker invocation. To configure this limit, refer to https://developers.cloudflare.com/workers/wrangler/configuration/#limits). Retrying in <*>...",undefined,undefined,undefined,[]
"[WARN] [Fetch] Attempt 1 failed for https://www.bing.com/search?q=site%3Aboards.greenhouse.io%20typescript%20fullstack%20remote&count=20&setlang=en (Too many subrequests by single Worker invocation. To configure this limit, refer to https://developers.cloudflare.com/workers/wrangler/configuration/#limits). Retrying in 1273ms...",cloudflare-workers,2026-03-10T09:46:44.843Z,false,"0,15,30,45 * * * *",1773135943000,job-hunter-bot,ok,cron,a7fd90f8-dd89-49cd-a89f-9d1613cd7b9c,stateless,ST0CVWRP1CCPVAC7,01KKBJ8HQB6R5D7X62MCA22RKV,ST0CVWRP1CCPVAC7,"0,15,30,45 * * * *",job-hunter-bot,"[WARN] [Fetch] Attempt 1 failed for https://www.bing.com/search?q=site%3Aboards.greenhouse.io%20typescript%20fullstack%20remote&count=20&setlang=en (Too many subrequests by single Worker invocation. To configure this limit, refer to https://developers.cloudflare.com/workers/wrangler/configuration/#limits). Retrying in 1273ms...",346e138aae29f6b381c1ebae50734856,cf-worker,9652c0eabd8fbe010167fd7787852081,cron,"[WARN] [Fetch] Attempt <*> failed for https://<*>.<*>.com/search?q=site%<DOMAIN><*> (Too many subrequests by single Worker invocation. To configure this limit, refer to https://developers.cloudflare.com/workers/wrangler/configuration/#limits). Retrying in <*>...",undefined,undefined,undefined,[]
"[INFO] [SearchExpander] No results for query: """"join our team"" remote react node developer""",cloudflare-workers,2026-03-10T09:46:44.843Z,false,"0,15,30,45 * * * *",1773135943000,job-hunter-bot,ok,cron,a7fd90f8-dd89-49cd-a89f-9d1613cd7b9c,stateless,ST0CVWRP1CCPVAC7,01KKBJ8HQB6R5D7X62MCA22RKT,ST0CVWRP1CCPVAC7,"0,15,30,45 * * * *",job-hunter-bot,"[INFO] [SearchExpander] No results for query: """"join our team"" remote react node developer""",346e138aae29f6b381c1ebae50734856,cf-worker,9652c0eabd8fbe010167fd7787852081,cron,"[INFO] [SearchExpander] No results for query: """"join our team"" remote react node developer""",undefined,undefined,undefined,[]
"[WARN] [SearchExpander] All search backends failed for """"join our team"" remote react node developer"" — returning empty",cloudflare-workers,2026-03-10T09:46:44.843Z,false,"0,15,30,45 * * * *",1773135943000,job-hunter-bot,ok,cron,a7fd90f8-dd89-49cd-a89f-9d1613cd7b9c,stateless,ST0CVWRP1CCPVAC7,01KKBJ8HQB6R5D7X62MCA22RKS,ST0CVWRP1CCPVAC7,"0,15,30,45 * * * *",job-hunter-bot,"[WARN] [SearchExpander] All search backends failed for """"join our team"" remote react node developer"" — returning empty",346e138aae29f6b381c1ebae50734856,cf-worker,9652c0eabd8fbe010167fd7787852081,cron,"[WARN] [SearchExpander] All search backends failed for """"join our team"" remote react node developer"" — returning empty",undefined,undefined,undefined,[]
"[WARN] [SearchExpander] brave error: Too many subrequests by single Worker invocation. To configure this limit, refer to https://developers.cloudflare.com/workers/wrangler/configuration/#limits — trying next backend",cloudflare-workers,2026-03-10T09:46:44.843Z,false,"0,15,30,45 * * * *",1773135943000,job-hunter-bot,ok,cron,a7fd90f8-dd89-49cd-a89f-9d1613cd7b9c,stateless,ST0CVWRP1CCPVAC7,01KKBJ8HQB6R5D7X62MCA22RKR,ST0CVWRP1CCPVAC7,"0,15,30,45 * * * *",job-hunter-bot,"[WARN] [SearchExpander] brave error: Too many subrequests by single Worker invocation. To configure this limit, refer to https://developers.cloudflare.com/workers/wrangler/configuration/#limits — trying next backend",346e138aae29f6b381c1ebae50734856,cf-worker,9652c0eabd8fbe010167fd7787852081,cron,"[WARN] [SearchExpander] <*> error: Too many subrequests by single Worker invocation. To configure this limit, refer to https://developers.cloudflare.com/workers/wrangler/configuration/#limits — trying next backend",undefined,undefined,undefined,[]
"[WARN] [Fetch] Attempt 2 failed for https://search.brave.com/search?q=%22join%20our%20team%22%20remote%20react%20node%20developer&source=web (Too many subrequests by single Worker invocation. To configure this limit, refer to https://developers.cloudflare.com/workers/wrangler/configuration/#limits). Retrying in 2028ms...",cloudflare-workers,2026-03-10T09:46:42.815Z,false,"0,15,30,45 * * * *",1773135943000,job-hunter-bot,ok,cron,a7fd90f8-dd89-49cd-a89f-9d1613cd7b9c,stateless,ST0CVWRP1CCPVAC7,01KKBJ8FQZ56STZQVJJ27BAD5E,ST0CVWRP1CCPVAC7,"0,15,30,45 * * * *",job-hunter-bot,"[WARN] [Fetch] Attempt 2 failed for https://search.brave.com/search?q=%22join%20our%20team%22%20remote%20react%20node%20developer&source=web (Too many subrequests by single Worker invocation. To configure this limit, refer to https://developers.cloudflare.com/workers/wrangler/configuration/#limits). Retrying in 2028ms...",346e138aae29f6b381c1ebae50734856,cf-worker,9652c0eabd8fbe010167fd7787852081,cron,"[WARN] [Fetch] Attempt <*> failed for https://<*>.<*>.com/<*> (Too many subrequests by single Worker invocation. To configure this limit, refer to https://developers.cloudflare.com/workers/wrangler/configuration/#limits). Retrying in <*>...",undefined,undefined,undefined,[]
"[WARN] [Fetch] Attempt 1 failed for https://search.brave.com/search?q=%22join%20our%20team%22%20remote%20react%20node%20developer&source=web (Too many subrequests by single Worker invocation. To configure this limit, refer to https://developers.cloudflare.com/workers/wrangler/configuration/#limits). Retrying in 1317ms...",cloudflare-workers,2026-03-10T09:46:41.499Z,false,"0,15,30,45 * * * *",1773135943000,job-hunter-bot,ok,cron,a7fd90f8-dd89-49cd-a89f-9d1613cd7b9c,stateless,ST0CVWRP1CCPVAC7,01KKBJ8EEV4S5YS4N4E9FYGVRB,ST0CVWRP1CCPVAC7,"0,15,30,45 * * * *",job-hunter-bot,"[WARN] [Fetch] Attempt 1 failed for https://search.brave.com/search?q=%22join%20our%20team%22%20remote%20react%20node%20developer&source=web (Too many subrequests by single Worker invocation. To configure this limit, refer to https://developers.cloudflare.com/workers/wrangler/configuration/#limits). Retrying in 1317ms...",346e138aae29f6b381c1ebae50734856,cf-worker,9652c0eabd8fbe010167fd7787852081,cron,"[WARN] [Fetch] Attempt <*> failed for https://<*>.<*>.com/<*> (Too many subrequests by single Worker invocation. To configure this limit, refer to https://developers.cloudflare.com/workers/wrangler/configuration/#limits). Retrying in <*>...",undefined,undefined,undefined,[]
"[WARN] [SearchExpander] bing error: Too many subrequests by single Worker invocation. To configure this limit, refer to https://developers.cloudflare.com/workers/wrangler/configuration/#limits — trying next backend",cloudflare-workers,2026-03-10T09:46:41.499Z,false,"0,15,30,45 * * * *",1773135943000,job-hunter-bot,ok,cron,a7fd90f8-dd89-49cd-a89f-9d1613cd7b9c,stateless,ST0CVWRP1CCPVAC7,01KKBJ8EEV4S5YS4N4E9FYGVRA,ST0CVWRP1CCPVAC7,"0,15,30,45 * * * *",job-hunter-bot,"[WARN] [SearchExpander] bing error: Too many subrequests by single Worker invocation. To configure this limit, refer to https://developers.cloudflare.com/workers/wrangler/configuration/#limits — trying next backend",346e138aae29f6b381c1ebae50734856,cf-worker,9652c0eabd8fbe010167fd7787852081,cron,"[WARN] [SearchExpander] <*> error: Too many subrequests by single Worker invocation. To configure this limit, refer to https://developers.cloudflare.com/workers/wrangler/configuration/#limits — trying next backend",undefined,undefined,undefined,[]
"[WARN] [Fetch] Attempt 2 failed for https://www.bing.com/search?q=%22join%20our%20team%22%20remote%20react%20node%20developer&count=20&setlang=en (Too many subrequests by single Worker invocation. To configure this limit, refer to https://developers.cloudflare.com/workers/wrangler/configuration/#limits). Retrying in 2337ms...",cloudflare-workers,2026-03-10T09:46:39.162Z,false,"0,15,30,45 * * * *",1773135943000,job-hunter-bot,ok,cron,a7fd90f8-dd89-49cd-a89f-9d1613cd7b9c,stateless,ST0CVWRP1CCPVAC7,01KKBJ8C5TZ49HWZ0H3KRXY8K3,ST0CVWRP1CCPVAC7,"0,15,30,45 * * * *",job-hunter-bot,"[WARN] [Fetch] Attempt 2 failed for https://www.bing.com/search?q=%22join%20our%20team%22%20remote%20react%20node%20developer&count=20&setlang=en (Too many subrequests by single Worker invocation. To configure this limit, refer to https://developers.cloudflare.com/workers/wrangler/configuration/#limits). Retrying in 2337ms...",346e138aae29f6b381c1ebae50734856,cf-worker,9652c0eabd8fbe010167fd7787852081,cron,"[WARN] [Fetch] Attempt <*> failed for https://www.bing.com/search?q=%22join%20our%20team%22%20remote%20react%20node%20developer&count=20&setlang=en (Too many subrequests by single Worker invocation. To configure this limit, refer to https://developers.cloudflare.com/workers/wrangler/configuration/#limits). Retrying in <*>...",undefined,undefined,undefined,[]
"[WARN] [Fetch] Attempt 1 failed for https://www.bing.com/search?q=%22join%20our%20team%22%20remote%20react%20node%20developer&count=20&setlang=en (Too many subrequests by single Worker invocation. To configure this limit, refer to https://developers.cloudflare.com/workers/wrangler/configuration/#limits). Retrying in 1489ms...",cloudflare-workers,2026-03-10T09:46:37.673Z,false,"0,15,30,45 * * * *",1773135943000,job-hunter-bot,ok,cron,a7fd90f8-dd89-49cd-a89f-9d1613cd7b9c,stateless,ST0CVWRP1CCPVAC7,01KKBJ8AQ97H4BE130K1EF9RBH,ST0CVWRP1CCPVAC7,"0,15,30,45 * * * *",job-hunter-bot,"[WARN] [Fetch] Attempt 1 failed for https://www.bing.com/search?q=%22join%20our%20team%22%20remote%20react%20node%20developer&count=20&setlang=en (Too many subrequests by single Worker invocation. To configure this limit, refer to https://developers.cloudflare.com/workers/wrangler/configuration/#limits). Retrying in 1489ms...",346e138aae29f6b381c1ebae50734856,cf-worker,9652c0eabd8fbe010167fd7787852081,cron,"[WARN] [Fetch] Attempt 1 failed for https://www.bing.com/search?q=%22join%20our%20team%22%20remote%20react%20node%20developer&count=20&setlang=en (Too many subrequests by single Worker invocation. To configure this limit, refer to https://developers.cloudflare.com/workers/wrangler/configuration/#limits). Retrying in 1489ms...",undefined,undefined,undefined,[]
"[INFO] [SearchExpander] No results for query: ""remote javascript developer careers site:greenhouse.io OR site:lever.co""",cloudflare-workers,2026-03-10T09:46:37.673Z,false,"0,15,30,45 * * * *",1773135943000,job-hunter-bot,ok,cron,a7fd90f8-dd89-49cd-a89f-9d1613cd7b9c,stateless,ST0CVWRP1CCPVAC7,01KKBJ8AQ97H4BE130K1EF9RBG,ST0CVWRP1CCPVAC7,"0,15,30,45 * * * *",job-hunter-bot,"[INFO] [SearchExpander] No results for query: ""remote javascript developer careers site:greenhouse.io OR site:lever.co""",346e138aae29f6b381c1ebae50734856,cf-worker,9652c0eabd8fbe010167fd7787852081,cron,"[INFO] [SearchExpander] No results for query: ""remote javascript developer careers site:<DOMAIN> OR site:<DOMAIN>""",undefined,undefined,undefined,[]
"[WARN] [SearchExpander] All search backends failed for ""remote javascript developer careers site:greenhouse.io OR site:lever.co"" — returning empty",cloudflare-workers,2026-03-10T09:46:37.673Z,false,"0,15,30,45 * * * *",1773135943000,job-hunter-bot,ok,cron,a7fd90f8-dd89-49cd-a89f-9d1613cd7b9c,stateless,ST0CVWRP1CCPVAC7,01KKBJ8AQ97H4BE130K1EF9RBF,ST0CVWRP1CCPVAC7,"0,15,30,45 * * * *",job-hunter-bot,"[WARN] [SearchExpander] All search backends failed for ""remote javascript developer careers site:greenhouse.io OR site:lever.co"" — returning empty",346e138aae29f6b381c1ebae50734856,cf-worker,9652c0eabd8fbe010167fd7787852081,cron,"[WARN] [SearchExpander] All search backends failed for ""remote javascript developer careers site:<DOMAIN> OR site:<DOMAIN>"" — returning empty",undefined,undefined,undefined,[]
"[WARN] [SearchExpander] brave error: Too many subrequests by single Worker invocation. To configure this limit, refer to https://developers.cloudflare.com/workers/wrangler/configuration/#limits — trying next backend",cloudflare-workers,2026-03-10T09:46:37.673Z,false,"0,15,30,45 * * * *",1773135943000,job-hunter-bot,ok,cron,a7fd90f8-dd89-49cd-a89f-9d1613cd7b9c,stateless,ST0CVWRP1CCPVAC7,01KKBJ8AQ97H4BE130K1EF9RBE,ST0CVWRP1CCPVAC7,"0,15,30,45 * * * *",job-hunter-bot,"[WARN] [SearchExpander] brave error: Too many subrequests by single Worker invocation. To configure this limit, refer to https://developers.cloudflare.com/workers/wrangler/configuration/#limits — trying next backend",346e138aae29f6b381c1ebae50734856,cf-worker,9652c0eabd8fbe010167fd7787852081,cron,"[WARN] [SearchExpander] <*> error: Too many subrequests by single Worker invocation. To configure this limit, refer to https://developers.cloudflare.com/workers/wrangler/configuration/#limits — trying next backend",undefined,undefined,undefined,[]
"[WARN] [Fetch] Attempt 2 failed for https://search.brave.com/search?q=remote%20javascript%20developer%20careers%20site%3Agreenhouse.io%20OR%20site%3Alever.co&source=web (Too many subrequests by single Worker invocation. To configure this limit, refer to https://developers.cloudflare.com/workers/wrangler/configuration/#limits). Retrying in 2346ms...",cloudflare-workers,2026-03-10T09:46:35.328Z,false,"0,15,30,45 * * * *",1773135943000,job-hunter-bot,ok,cron,a7fd90f8-dd89-49cd-a89f-9d1613cd7b9c,stateless,ST0CVWRP1CCPVAC7,01KKBJ88E08P02625AHGV2M005,ST0CVWRP1CCPVAC7,"0,15,30,45 * * * *",job-hunter-bot,"[WARN] [Fetch] Attempt 2 failed for https://search.brave.com/search?q=remote%20javascript%20developer%20careers%20site%3Agreenhouse.io%20OR%20site%3Alever.co&source=web (Too many subrequests by single Worker invocation. To configure this limit, refer to https://developers.cloudflare.com/workers/wrangler/configuration/#limits). Retrying in 2346ms...",346e138aae29f6b381c1ebae50734856,cf-worker,9652c0eabd8fbe010167fd7787852081,cron,"[WARN] [Fetch] Attempt <*> failed for https://<*>.<*>.com/search?q=remote%20javascript%20developer%20careers%20site%<DOMAIN>%20OR%20site%<DOMAIN><*> (Too many subrequests by single Worker invocation. To configure this limit, refer to https://developers.cloudflare.com/workers/wrangler/configuration/#limits). Retrying in <*>...",undefined,undefined,undefined,[]
"[WARN] [Fetch] Attempt 1 failed for https://search.brave.com/search?q=remote%20javascript%20developer%20careers%20site%3Agreenhouse.io%20OR%20site%3Alever.co&source=web (Too many subrequests by single Worker invocation. To configure this limit, refer to https://developers.cloudflare.com/workers/wrangler/configuration/#limits). Retrying in 1065ms...",cloudflare-workers,2026-03-10T09:46:34.263Z,false,"0,15,30,45 * * * *",1773135943000,job-hunter-bot,ok,cron,a7fd90f8-dd89-49cd-a89f-9d1613cd7b9c,stateless,ST0CVWRP1CCPVAC7,01KKBJ87CQP052AAGPJ1PJE1XK,ST0CVWRP1CCPVAC7,"0,15,30,45 * * * *",job-hunter-bot,"[WARN] [Fetch] Attempt 1 failed for https://search.brave.com/search?q=remote%20javascript%20developer%20careers%20site%3Agreenhouse.io%20OR%20site%3Alever.co&source=web (Too many subrequests by single Worker invocation. To configure this limit, refer to https://developers.cloudflare.com/workers/wrangler/configuration/#limits). Retrying in 1065ms...",346e138aae29f6b381c1ebae50734856,cf-worker,9652c0eabd8fbe010167fd7787852081,cron,"[WARN] [Fetch] Attempt <*> failed for https://<*>.<*>.com/search?q=remote%20javascript%20developer%20careers%20site%<DOMAIN>%20OR%20site%<DOMAIN><*> (Too many subrequests by single Worker invocation. To configure this limit, refer to https://developers.cloudflare.com/workers/wrangler/configuration/#limits). Retrying in <*>...",undefined,undefined,undefined,[]
"[WARN] [SearchExpander] bing error: Too many subrequests by single Worker invocation. To configure this limit, refer to https://developers.cloudflare.com/workers/wrangler/configuration/#limits — trying next backend",cloudflare-workers,2026-03-10T09:46:34.263Z,false,"0,15,30,45 * * * *",1773135943000,job-hunter-bot,ok,cron,a7fd90f8-dd89-49cd-a89f-9d1613cd7b9c,stateless,ST0CVWRP1CCPVAC7,01KKBJ87CQP052AAGPJ1PJE1XJ,ST0CVWRP1CCPVAC7,"0,15,30,45 * * * *",job-hunter-bot,"[WARN] [SearchExpander] bing error: Too many subrequests by single Worker invocation. To configure this limit, refer to https://developers.cloudflare.com/workers/wrangler/configuration/#limits — trying next backend",346e138aae29f6b381c1ebae50734856,cf-worker,9652c0eabd8fbe010167fd7787852081,cron,"[WARN] [SearchExpander] <*> error: Too many subrequests by single Worker invocation. To configure this limit, refer to https://developers.cloudflare.com/workers/wrangler/configuration/#limits — trying next backend",undefined,undefined,undefined,[]
"[WARN] [Fetch] Attempt 2 failed for https://www.bing.com/search?q=remote%20javascript%20developer%20careers%20site%3Agreenhouse.io%20OR%20site%3Alever.co&count=20&setlang=en (Too many subrequests by single Worker invocation. To configure this limit, refer to https://developers.cloudflare.com/workers/wrangler/configuration/#limits). Retrying in 2336ms...",cloudflare-workers,2026-03-10T09:46:31.928Z,false,"0,15,30,45 * * * *",1773135943000,job-hunter-bot,ok,cron,a7fd90f8-dd89-49cd-a89f-9d1613cd7b9c,stateless,ST0CVWRP1CCPVAC7,01KKBJ853R0602BS5CK52SHPQA,ST0CVWRP1CCPVAC7,"0,15,30,45 * * * *",job-hunter-bot,"[WARN] [Fetch] Attempt 2 failed for https://www.bing.com/search?q=remote%20javascript%20developer%20careers%20site%3Agreenhouse.io%20OR%20site%3Alever.co&count=20&setlang=en (Too many subrequests by single Worker invocation. To configure this limit, refer to https://developers.cloudflare.com/workers/wrangler/configuration/#limits). Retrying in 2336ms...",346e138aae29f6b381c1ebae50734856,cf-worker,9652c0eabd8fbe010167fd7787852081,cron,"[WARN] [Fetch] Attempt <*> failed for https://www.bing.com/search?q=remote%20javascript%20developer%20careers%20site%<DOMAIN>%20OR%20site%<DOMAIN>&count=20&setlang=en (Too many subrequests by single Worker invocation. To configure this limit, refer to https://developers.cloudflare.com/workers/wrangler/configuration/#limits). Retrying in <*>...",undefined,undefined,undefined,[]
"[WARN] [Fetch] Attempt 1 failed for https://www.bing.com/search?q=remote%20javascript%20developer%20careers%20site%3Agreenhouse.io%20OR%20site%3Alever.co&count=20&setlang=en (Too many subrequests by single Worker invocation. To configure this limit, refer to https://developers.cloudflare.com/workers/wrangler/configuration/#limits). Retrying in 1194ms...",cloudflare-workers,2026-03-10T09:46:30.734Z,false,"0,15,30,45 * * * *",1773135943000,job-hunter-bot,ok,cron,a7fd90f8-dd89-49cd-a89f-9d1613cd7b9c,stateless,ST0CVWRP1CCPVAC7,01KKBJ83YEB25C1G4R03QT8W2P,ST0CVWRP1CCPVAC7,"0,15,30,45 * * * *",job-hunter-bot,"[WARN] [Fetch] Attempt 1 failed for https://www.bing.com/search?q=remote%20javascript%20developer%20careers%20site%3Agreenhouse.io%20OR%20site%3Alever.co&count=20&setlang=en (Too many subrequests by single Worker invocation. To configure this limit, refer to https://developers.cloudflare.com/workers/wrangler/configuration/#limits). Retrying in 1194ms...",346e138aae29f6b381c1ebae50734856,cf-worker,9652c0eabd8fbe010167fd7787852081,cron,"[WARN] [Fetch] Attempt 1 failed for https://www.bing.com/search?q=remote%20javascript%20developer%20careers%20site%<DOMAIN>%20OR%20site%<DOMAIN>&count=20&setlang=en (Too many subrequests by single Worker invocation. To configure this limit, refer to https://developers.cloudflare.com/workers/wrangler/configuration/#limits). Retrying in 1194ms...",undefined,undefined,undefined,[]
"[INFO] [SearchExpander] No results for query: ""site:jobs.ashbyhq.com react developer remote""",cloudflare-workers,2026-03-10T09:46:30.734Z,false,"0,15,30,45 * * * *",1773135943000,job-hunter-bot,ok,cron,a7fd90f8-dd89-49cd-a89f-9d1613cd7b9c,stateless,ST0CVWRP1CCPVAC7,01KKBJ83YEB25C1G4R03QT8W2N,ST0CVWRP1CCPVAC7,"0,15,30,45 * * * *",job-hunter-bot,"[INFO] [SearchExpander] No results for query: ""site:jobs.ashbyhq.com react developer remote""",346e138aae29f6b381c1ebae50734856,cf-worker,9652c0eabd8fbe010167fd7787852081,cron,"[INFO] [SearchExpander] No results for query: ""site:<DOMAIN> <*> <*> remote""",undefined,undefined,undefined,[]
"[WARN] [SearchExpander] All search backends failed for ""site:jobs.ashbyhq.com react developer remote"" — returning empty",cloudflare-workers,2026-03-10T09:46:30.734Z,false,"0,15,30,45 * * * *",1773135943000,job-hunter-bot,ok,cron,a7fd90f8-dd89-49cd-a89f-9d1613cd7b9c,stateless,ST0CVWRP1CCPVAC7,01KKBJ83YEB25C1G4R03QT8W2M,ST0CVWRP1CCPVAC7,"0,15,30,45 * * * *",job-hunter-bot,"[WARN] [SearchExpander] All search backends failed for ""site:jobs.ashbyhq.com react developer remote"" — returning empty",346e138aae29f6b381c1ebae50734856,cf-worker,9652c0eabd8fbe010167fd7787852081,cron,"[WARN] [SearchExpander] All search backends failed for ""site:<DOMAIN> <*> <*> remote"" — returning empty",undefined,undefined,undefined,[]
"[WARN] [SearchExpander] brave error: Too many subrequests by single Worker invocation. To configure this limit, refer to https://developers.cloudflare.com/workers/wrangler/configuration/#limits — trying next backend",cloudflare-workers,2026-03-10T09:46:30.734Z,false,"0,15,30,45 * * * *",1773135943000,job-hunter-bot,ok,cron,a7fd90f8-dd89-49cd-a89f-9d1613cd7b9c,stateless,ST0CVWRP1CCPVAC7,01KKBJ83YEB25C1G4R03QT8W2K,ST0CVWRP1CCPVAC7,"0,15,30,45 * * * *",job-hunter-bot,"[WARN] [SearchExpander] brave error: Too many subrequests by single Worker invocation. To configure this limit, refer to https://developers.cloudflare.com/workers/wrangler/configuration/#limits — trying next backend",346e138aae29f6b381c1ebae50734856,cf-worker,9652c0eabd8fbe010167fd7787852081,cron,"[WARN] [SearchExpander] <*> error: Too many subrequests by single Worker invocation. To configure this limit, refer to https://developers.cloudflare.com/workers/wrangler/configuration/#limits — trying next backend",undefined,undefined,undefined,[]
"[WARN] [Fetch] Attempt 2 failed for https://search.brave.com/search?q=site%3Ajobs.ashbyhq.com%20react%20developer%20remote&source=web (Too many subrequests by single Worker invocation. To configure this limit, refer to https://developers.cloudflare.com/workers/wrangler/configuration/#limits). Retrying in 2274ms...",cloudflare-workers,2026-03-10T09:46:28.460Z,false,"0,15,30,45 * * * *",1773135943000,job-hunter-bot,ok,cron,a7fd90f8-dd89-49cd-a89f-9d1613cd7b9c,stateless,ST0CVWRP1CCPVAC7,01KKBJ81QCM4HTV9T1Z7T8PJ2Z,ST0CVWRP1CCPVAC7,"0,15,30,45 * * * *",job-hunter-bot,"[WARN] [Fetch] Attempt 2 failed for https://search.brave.com/search?q=site%3Ajobs.ashbyhq.com%20react%20developer%20remote&source=web (Too many subrequests by single Worker invocation. To configure this limit, refer to https://developers.cloudflare.com/workers/wrangler/configuration/#limits). Retrying in 2274ms...",346e138aae29f6b381c1ebae50734856,cf-worker,9652c0eabd8fbe010167fd7787852081,cron,"[WARN] [Fetch] Attempt <*> failed for https://<*>.<*>.com/search?q=site%<DOMAIN><*> (Too many subrequests by single Worker invocation. To configure this limit, refer to https://developers.cloudflare.com/workers/wrangler/configuration/#limits). Retrying in <*>...",undefined,undefined,undefined,[]
"[WARN] [Fetch] Attempt 1 failed for https://search.brave.com/search?q=site%3Ajobs.ashbyhq.com%20react%20developer%20remote&source=web (Too many subrequests by single Worker invocation. To configure this limit, refer to https://developers.cloudflare.com/workers/wrangler/configuration/#limits). Retrying in 1122ms...",cloudflare-workers,2026-03-10T09:46:27.339Z,false,"0,15,30,45 * * * *",1773135943000,job-hunter-bot,ok,cron,a7fd90f8-dd89-49cd-a89f-9d1613cd7b9c,stateless,ST0CVWRP1CCPVAC7,01KKBJ80MB91QQ1A9VAAYT25DP,ST0CVWRP1CCPVAC7,"0,15,30,45 * * * *",job-hunter-bot,"[WARN] [Fetch] Attempt 1 failed for https://search.brave.com/search?q=site%3Ajobs.ashbyhq.com%20react%20developer%20remote&source=web (Too many subrequests by single Worker invocation. To configure this limit, refer to https://developers.cloudflare.com/workers/wrangler/configuration/#limits). Retrying in 1122ms...",346e138aae29f6b381c1ebae50734856,cf-worker,9652c0eabd8fbe010167fd7787852081,cron,"[WARN] [Fetch] Attempt <*> failed for https://<*>.<*>.com/search?q=site%<DOMAIN><*> (Too many subrequests by single Worker invocation. To configure this limit, refer to https://developers.cloudflare.com/workers/wrangler/configuration/#limits). Retrying in <*>...",undefined,undefined,undefined,[]
"[WARN] [SearchExpander] bing error: Too many subrequests by single Worker invocation. To configure this limit, refer to https://developers.cloudflare.com/workers/wrangler/configuration/#limits — trying next backend",cloudflare-workers,2026-03-10T09:46:27.339Z,false,"0,15,30,45 * * * *",1773135943000,job-hunter-bot,ok,cron,a7fd90f8-dd89-49cd-a89f-9d1613cd7b9c,stateless,ST0CVWRP1CCPVAC7,01KKBJ80MB91QQ1A9VAAYT25DN,ST0CVWRP1CCPVAC7,"0,15,30,45 * * * *",job-hunter-bot,"[WARN] [SearchExpander] bing error: Too many subrequests by single Worker invocation. To configure this limit, refer to https://developers.cloudflare.com/workers/wrangler/configuration/#limits — trying next backend",346e138aae29f6b381c1ebae50734856,cf-worker,9652c0eabd8fbe010167fd7787852081,cron,"[WARN] [SearchExpander] <*> error: Too many subrequests by single Worker invocation. To configure this limit, refer to https://developers.cloudflare.com/workers/wrangler/configuration/#limits — trying next backend",undefined,undefined,undefined,[]
"[WARN] [Fetch] Attempt 2 failed for https://www.bing.com/search?q=site%3Ajobs.ashbyhq.com%20react%20developer%20remote&count=20&setlang=en (Too many subrequests by single Worker invocation. To configure this limit, refer to https://developers.cloudflare.com/workers/wrangler/configuration/#limits). Retrying in 2367ms...",cloudflare-workers,2026-03-10T09:46:24.972Z,false,"0,15,30,45 * * * *",1773135943000,job-hunter-bot,ok,cron,a7fd90f8-dd89-49cd-a89f-9d1613cd7b9c,stateless,ST0CVWRP1CCPVAC7,01KKBJ7Z46ZDAHN8TXFWQ73QFY,ST0CVWRP1CCPVAC7,"0,15,30,45 * * * *",job-hunter-bot,"[WARN] [Fetch] Attempt 2 failed for https://www.bing.com/search?q=site%3Ajobs.ashbyhq.com%20react%20developer%20remote&count=20&setlang=en (Too many subrequests by single Worker invocation. To configure this limit, refer to https://developers.cloudflare.com/workers/wrangler/configuration/#limits). Retrying in 2367ms...",346e138aae29f6b381c1ebae50734856,cf-worker,9652c0eabd8fbe010167fd7787852081,cron,"[WARN] [Fetch] Attempt <*> failed for https://<*>.<*>.com/search?q=site%<DOMAIN><*> (Too many subrequests by single Worker invocation. To configure this limit, refer to https://developers.cloudflare.com/workers/wrangler/configuration/#limits). Retrying in <*>...",undefined,undefined,undefined,[]
"[WARN] [Fetch] Attempt 1 failed for https://www.bing.com/search?q=site%3Ajobs.ashbyhq.com%20react%20developer%20remote&count=20&setlang=en (Too many subrequests by single Worker invocation. To configure this limit, refer to https://developers.cloudflare.com/workers/wrangler/configuration/#limits). Retrying in 1482ms...",cloudflare-workers,2026-03-10T09:46:23.490Z,false,"0,15,30,45 * * * *",1773135943000,job-hunter-bot,ok,cron,a7fd90f8-dd89-49cd-a89f-9d1613cd7b9c,stateless,ST0CVWRP1CCPVAC7,01KKBJ7Z46ZDAHN8TXFWQ73QFX,ST0CVWRP1CCPVAC7,"0,15,30,45 * * * *",job-hunter-bot,"[WARN] [Fetch] Attempt 1 failed for https://www.bing.com/search?q=site%3Ajobs.ashbyhq.com%20react%20developer%20remote&count=20&setlang=en (Too many subrequests by single Worker invocation. To configure this limit, refer to https://developers.cloudflare.com/workers/wrangler/configuration/#limits). Retrying in 1482ms...",346e138aae29f6b381c1ebae50734856,cf-worker,9652c0eabd8fbe010167fd7787852081,cron,"[WARN] [Fetch] Attempt <*> failed for https://<*>.<*>.com/search?q=site%<DOMAIN><*> (Too many subrequests by single Worker invocation. To configure this limit, refer to https://developers.cloudflare.com/workers/wrangler/configuration/#limits). Retrying in <*>...",undefined,undefined,undefined,[]
"[INFO] [SearchExpander] No results for query: ""site:jobs.lever.co javascript engineer remote""",cloudflare-workers,2026-03-10T09:46:23.490Z,false,"0,15,30,45 * * * *",1773135943000,job-hunter-bot,ok,cron,a7fd90f8-dd89-49cd-a89f-9d1613cd7b9c,stateless,ST0CVWRP1CCPVAC7,01KKBJ7Z46ZDAHN8TXFWQ73QFW,ST0CVWRP1CCPVAC7,"0,15,30,45 * * * *",job-hunter-bot,"[INFO] [SearchExpander] No results for query: ""site:jobs.lever.co javascript engineer remote""",346e138aae29f6b381c1ebae50734856,cf-worker,9652c0eabd8fbe010167fd7787852081,cron,"[INFO] [SearchExpander] No results for query: ""site:<DOMAIN> javascript engineer remote""",undefined,undefined,undefined,[]
"[WARN] [SearchExpander] All search backends failed for ""site:jobs.lever.co javascript engineer remote"" — returning empty",cloudflare-workers,2026-03-10T09:46:23.490Z,false,"0,15,30,45 * * * *",1773135943000,job-hunter-bot,ok,cron,a7fd90f8-dd89-49cd-a89f-9d1613cd7b9c,stateless,ST0CVWRP1CCPVAC7,01KKBJ7Z46ZDAHN8TXFWQ73QFV,ST0CVWRP1CCPVAC7,"0,15,30,45 * * * *",job-hunter-bot,"[WARN] [SearchExpander] All search backends failed for ""site:jobs.lever.co javascript engineer remote"" — returning empty",346e138aae29f6b381c1ebae50734856,cf-worker,9652c0eabd8fbe010167fd7787852081,cron,"[WARN] [SearchExpander] All search backends failed for ""site:<DOMAIN> javascript engineer remote"" — returning empty",undefined,undefined,undefined,[]
"[WARN] [SearchExpander] brave error: Too many subrequests by single Worker invocation. To configure this limit, refer to https://developers.cloudflare.com/workers/wrangler/configuration/#limits — trying next backend",cloudflare-workers,2026-03-10T09:46:23.490Z,false,"0,15,30,45 * * * *",1773135943000,job-hunter-bot,ok,cron,a7fd90f8-dd89-49cd-a89f-9d1613cd7b9c,stateless,ST0CVWRP1CCPVAC7,01KKBJ7Z46ZDAHN8TXFWQ73QFT,ST0CVWRP1CCPVAC7,"0,15,30,45 * * * *",job-hunter-bot,"[WARN] [SearchExpander] brave error: Too many subrequests by single Worker invocation. To configure this limit, refer to https://developers.cloudflare.com/workers/wrangler/configuration/#limits — trying next backend",346e138aae29f6b381c1ebae50734856,cf-worker,9652c0eabd8fbe010167fd7787852081,cron,"[WARN] [SearchExpander] <*> error: Too many subrequests by single Worker invocation. To configure this limit, refer to https://developers.cloudflare.com/workers/wrangler/configuration/#limits — trying next backend",undefined,undefined,undefined,[]
[INFO] [Fetcher] Harvest complete. Inserted 2 new jobs (637 dupes filtered).,cloudflare-workers,2026-03-10T09:46:23.168Z,false,"0,15,30,45 * * * *",1773135943000,job-hunter-bot,ok,cron,a7fd90f8-dd89-49cd-a89f-9d1613cd7b9c,stateless,ST0CVWRP1CCPVAC7,01KKBJ7Z46ZDAHN8TXFWQ73QFS,ST0CVWRP1CCPVAC7,"0,15,30,45 * * * *",job-hunter-bot,[INFO] [Fetcher] Harvest complete. Inserted 2 new jobs (637 dupes filtered).,346e138aae29f6b381c1ebae50734856,cf-worker,9652c0eabd8fbe010167fd7787852081,cron,[INFO] [Fetcher] Harvest complete. Inserted <*> new jobs (<*> dupes filtered).,undefined,undefined,undefined,[]
[INFO] [Fetcher] Batch recorded 5 source yields,cloudflare-workers,2026-03-10T09:46:22.957Z,false,"0,15,30,45 * * * *",1773135943000,job-hunter-bot,ok,cron,a7fd90f8-dd89-49cd-a89f-9d1613cd7b9c,stateless,ST0CVWRP1CCPVAC7,01KKBJ7Z46ZDAHN8TXFWQ73QFR,ST0CVWRP1CCPVAC7,"0,15,30,45 * * * *",job-hunter-bot,[INFO] [Fetcher] Batch recorded 5 source yields,346e138aae29f6b381c1ebae50734856,cf-worker,9652c0eabd8fbe010167fd7787852081,cron,[INFO] [Fetcher] Batch recorded <*> source yields,undefined,undefined,undefined,[]
[INFO] [Discovery] Queued 2 company domains for career probing,cloudflare-workers,2026-03-10T09:46:22.759Z,false,"0,15,30,45 * * * *",1773135943000,job-hunter-bot,ok,cron,a7fd90f8-dd89-49cd-a89f-9d1613cd7b9c,stateless,ST0CVWRP1CCPVAC7,01KKBJ7Z46ZDAHN8TXFWQ73QFQ,ST0CVWRP1CCPVAC7,"0,15,30,45 * * * *",job-hunter-bot,[INFO] [Discovery] Queued 2 company domains for career probing,346e138aae29f6b381c1ebae50734856,cf-worker,9652c0eabd8fbe010167fd7787852081,cron,[INFO] [Discovery] Queued <*> company domains for career probing,undefined,undefined,undefined,[]
[INFO] [Fetcher] Direct evaluation completed for 2 jobs,cloudflare-workers,2026-03-10T09:46:22.560Z,false,"0,15,30,45 * * * *",1773135943000,job-hunter-bot,ok,cron,a7fd90f8-dd89-49cd-a89f-9d1613cd7b9c,stateless,ST0CVWRP1CCPVAC7,01KKBJ7Z46ZDAHN8TXFWQ73QFP,ST0CVWRP1CCPVAC7,"0,15,30,45 * * * *",job-hunter-bot,[INFO] [Fetcher] Direct evaluation completed for 2 jobs,346e138aae29f6b381c1ebae50734856,cf-worker,9652c0eabd8fbe010167fd7787852081,cron,[INFO] [Fetcher] Direct evaluation completed for <*> jobs,undefined,undefined,undefined,[]
[INFO] [Threshold] Too few matches (0) → lowering to 30,cloudflare-workers,2026-03-10T09:46:22.560Z,false,"0,15,30,45 * * * *",1773135943000,job-hunter-bot,ok,cron,a7fd90f8-dd89-49cd-a89f-9d1613cd7b9c,stateless,ST0CVWRP1CCPVAC7,01KKBJ7Z46ZDAHN8TXFWQ73QFN,ST0CVWRP1CCPVAC7,"0,15,30,45 * * * *",job-hunter-bot,[INFO] [Threshold] Too few matches (0) → lowering to 30,346e138aae29f6b381c1ebae50734856,cf-worker,9652c0eabd8fbe010167fd7787852081,cron,[INFO] [Threshold] Too few matches (0) → lowering to 30,undefined,undefined,undefined,[]
"[WARN] [Fetch] Attempt 2 failed for https://search.brave.com/search?q=site%3Ajobs.lever.co%20javascript%20engineer%20remote&source=web (Too many subrequests by single Worker invocation. To configure this limit, refer to https://developers.cloudflare.com/workers/wrangler/configuration/#limits). Retrying in 2304ms...",cloudflare-workers,2026-03-10T09:46:21.186Z,false,"0,15,30,45 * * * *",1773135943000,job-hunter-bot,ok,cron,a7fd90f8-dd89-49cd-a89f-9d1613cd7b9c,stateless,ST0CVWRP1CCPVAC7,01KKBJ7Z46ZDAHN8TXFWQ73QFK,ST0CVWRP1CCPVAC7,"0,15,30,45 * * * *",job-hunter-bot,"[WARN] [Fetch] Attempt 2 failed for https://search.brave.com/search?q=site%3Ajobs.lever.co%20javascript%20engineer%20remote&source=web (Too many subrequests by single Worker invocation. To configure this limit, refer to https://developers.cloudflare.com/workers/wrangler/configuration/#limits). Retrying in 2304ms...",346e138aae29f6b381c1ebae50734856,cf-worker,9652c0eabd8fbe010167fd7787852081,cron,"[WARN] [Fetch] Attempt <*> failed for https://<*>.<*>.com/search?q=site%<DOMAIN><*> (Too many subrequests by single Worker invocation. To configure this limit, refer to https://developers.cloudflare.com/workers/wrangler/configuration/#limits). Retrying in <*>...",undefined,undefined,undefined,[]
"[WARN] [Fetch] Attempt 1 failed for https://search.brave.com/search?q=site%3Ajobs.lever.co%20javascript%20engineer%20remote&source=web (Too many subrequests by single Worker invocation. To configure this limit, refer to https://developers.cloudflare.com/workers/wrangler/configuration/#limits). Retrying in 1491ms...",cloudflare-workers,2026-03-10T09:46:19.696Z,false,"0,15,30,45 * * * *",1773135943000,job-hunter-bot,ok,cron,a7fd90f8-dd89-49cd-a89f-9d1613cd7b9c,stateless,ST0CVWRP1CCPVAC7,01KKBJ7Z46ZDAHN8TXFWQ73QFJ,ST0CVWRP1CCPVAC7,"0,15,30,45 * * * *",job-hunter-bot,"[WARN] [Fetch] Attempt 1 failed for https://search.brave.com/search?q=site%3Ajobs.lever.co%20javascript%20engineer%20remote&source=web (Too many subrequests by single Worker invocation. To configure this limit, refer to https://developers.cloudflare.com/workers/wrangler/configuration/#limits). Retrying in 1491ms...",346e138aae29f6b381c1ebae50734856,cf-worker,9652c0eabd8fbe010167fd7787852081,cron,"[WARN] [Fetch] Attempt <*> failed for https://<*>.<*>.com/search?q=site%<DOMAIN><*> (Too many subrequests by single Worker invocation. To configure this limit, refer to https://developers.cloudflare.com/workers/wrangler/configuration/#limits). Retrying in <*>...",undefined,undefined,undefined,[]
"[WARN] [SearchExpander] bing error: Too many subrequests by single Worker invocation. To configure this limit, refer to https://developers.cloudflare.com/workers/wrangler/configuration/#limits — trying next backend",cloudflare-workers,2026-03-10T09:46:19.696Z,false,"0,15,30,45 * * * *",1773135943000,job-hunter-bot,ok,cron,a7fd90f8-dd89-49cd-a89f-9d1613cd7b9c,stateless,ST0CVWRP1CCPVAC7,01KKBJ7Z46ZDAHN8TXFWQ73QFH,ST0CVWRP1CCPVAC7,"0,15,30,45 * * * *",job-hunter-bot,"[WARN] [SearchExpander] bing error: Too many subrequests by single Worker invocation. To configure this limit, refer to https://developers.cloudflare.com/workers/wrangler/configuration/#limits — trying next backend",346e138aae29f6b381c1ebae50734856,cf-worker,9652c0eabd8fbe010167fd7787852081,cron,"[WARN] [SearchExpander] bing error: Too many subrequests by single Worker invocation. To configure this limit, refer to https://developers.cloudflare.com/workers/wrangler/configuration/#limits — trying next backend",undefined,undefined,undefined,[]
"[WARN] [Retry] Attempt 3/4 failed (Queue sendBatch failed: Too Many Requests), retrying in 2079ms...",cloudflare-workers,2026-03-10T09:46:19.682Z,false,"0,15,30,45 * * * *",1773135943000,job-hunter-bot,ok,cron,a7fd90f8-dd89-49cd-a89f-9d1613cd7b9c,stateless,ST0CVWRP1CCPVAC7,01KKBJ7Z46ZDAHN8TXFWQ73QFG,ST0CVWRP1CCPVAC7,"0,15,30,45 * * * *",job-hunter-bot,"[WARN] [Retry] Attempt 3/4 failed (Queue sendBatch failed: Too Many Requests), retrying in 2079ms...",346e138aae29f6b381c1ebae50734856,cf-worker,9652c0eabd8fbe010167fd7787852081,cron,"[WARN] [Retry] Attempt <*>/4 failed (Queue sendBatch failed: Too Many Requests), retrying in <*>...",undefined,undefined,undefined,[]
"[WARN] [Retry] Attempt 2/4 failed (Queue sendBatch failed: Too Many Requests), retrying in 1054ms...",cloudflare-workers,2026-03-10T09:46:18.618Z,false,"0,15,30,45 * * * *",1773135943000,job-hunter-bot,ok,cron,a7fd90f8-dd89-49cd-a89f-9d1613cd7b9c,stateless,ST0CVWRP1CCPVAC7,01KKBJ7Z46ZDAHN8TXFWQ73QFF,ST0CVWRP1CCPVAC7,"0,15,30,45 * * * *",job-hunter-bot,"[WARN] [Retry] Attempt 2/4 failed (Queue sendBatch failed: Too Many Requests), retrying in 1054ms...",346e138aae29f6b381c1ebae50734856,cf-worker,9652c0eabd8fbe010167fd7787852081,cron,"[WARN] [Retry] Attempt <*>/4 failed (Queue sendBatch failed: Too Many Requests), retrying in <*>...",undefined,undefined,undefined,[]
"[WARN] [Retry] Attempt 1/4 failed (Queue sendBatch failed: Too Many Requests), retrying in 588ms...",cloudflare-workers,2026-03-10T09:46:18.020Z,false,"0,15,30,45 * * * *",1773135943000,job-hunter-bot,ok,cron,a7fd90f8-dd89-49cd-a89f-9d1613cd7b9c,stateless,ST0CVWRP1CCPVAC7,01KKBJ7Z46ZDAHN8TXFWQ73QFE,ST0CVWRP1CCPVAC7,"0,15,30,45 * * * *",job-hunter-bot,"[WARN] [Retry] Attempt 1/4 failed (Queue sendBatch failed: Too Many Requests), retrying in 588ms...",346e138aae29f6b381c1ebae50734856,cf-worker,9652c0eabd8fbe010167fd7787852081,cron,"[WARN] [Retry] Attempt <*>/4 failed (Queue sendBatch failed: Too Many Requests), retrying in <*>...",undefined,undefined,undefined,[]
[INFO] [D1] Batch inserted 2 new jobs (563 dupes) in 15 batches,cloudflare-workers,2026-03-10T09:46:17.991Z,false,"0,15,30,45 * * * *",1773135943000,job-hunter-bot,ok,cron,a7fd90f8-dd89-49cd-a89f-9d1613cd7b9c,stateless,ST0CVWRP1CCPVAC7,01KKBJ7Z46ZDAHN8TXFWQ73QFD,ST0CVWRP1CCPVAC7,"0,15,30,45 * * * *",job-hunter-bot,[INFO] [D1] Batch inserted 2 new jobs (563 dupes) in 15 batches,346e138aae29f6b381c1ebae50734856,cf-worker,9652c0eabd8fbe010167fd7787852081,cron,[INFO] [D1] Batch inserted <*> new jobs (<*> dupes) in <*> batches,undefined,undefined,undefined,[]
"[WARN] [Fetch] Attempt 2 failed for https://www.bing.com/search?q=site%3Ajobs.lever.co%20javascript%20engineer%20remote&count=20&setlang=en (Too many subrequests by single Worker invocation. To configure this limit, refer to https://developers.cloudflare.com/workers/wrangler/configuration/#limits). Retrying in 2084ms...",cloudflare-workers,2026-03-10T09:46:17.613Z,false,"0,15,30,45 * * * *",1773135943000,job-hunter-bot,ok,cron,a7fd90f8-dd89-49cd-a89f-9d1613cd7b9c,stateless,ST0CVWRP1CCPVAC7,01KKBJ7Z46ZDAHN8TXFWQ73QFC,ST0CVWRP1CCPVAC7,"0,15,30,45 * * * *",job-hunter-bot,"[WARN] [Fetch] Attempt 2 failed for https://www.bing.com/search?q=site%3Ajobs.lever.co%20javascript%20engineer%20remote&count=20&setlang=en (Too many subrequests by single Worker invocation. To configure this limit, refer to https://developers.cloudflare.com/workers/wrangler/configuration/#limits). Retrying in 2084ms...",346e138aae29f6b381c1ebae50734856,cf-worker,9652c0eabd8fbe010167fd7787852081,cron,"[WARN] [Fetch] Attempt <*> failed for https://www.bing.com/search?q=site%<DOMAIN>%20javascript%20engineer%20remote&count=20&setlang=en (Too many subrequests by single Worker invocation. To configure this limit, refer to https://developers.cloudflare.com/workers/wrangler/configuration/#limits). Retrying in <*>...",undefined,undefined,undefined,[]
"[WARN] [Fetch] Attempt 1 failed for https://www.bing.com/search?q=site%3Ajobs.lever.co%20javascript%20engineer%20remote&count=20&setlang=en (Too many subrequests by single Worker invocation. To configure this limit, refer to https://developers.cloudflare.com/workers/wrangler/configuration/#limits). Retrying in 1488ms...",cloudflare-workers,2026-03-10T09:46:16.126Z,false,"0,15,30,45 * * * *",1773135943000,job-hunter-bot,ok,cron,a7fd90f8-dd89-49cd-a89f-9d1613cd7b9c,stateless,ST0CVWRP1CCPVAC7,01KKBJ7Z46ZDAHN8TXFWQ73QFB,ST0CVWRP1CCPVAC7,"0,15,30,45 * * * *",job-hunter-bot,"[WARN] [Fetch] Attempt 1 failed for https://www.bing.com/search?q=site%3Ajobs.lever.co%20javascript%20engineer%20remote&count=20&setlang=en (Too many subrequests by single Worker invocation. To configure this limit, refer to https://developers.cloudflare.com/workers/wrangler/configuration/#limits). Retrying in 1488ms...",346e138aae29f6b381c1ebae50734856,cf-worker,9652c0eabd8fbe010167fd7787852081,cron,"[WARN] [Fetch] Attempt 1 failed for https://www.bing.com/search?q=site%<DOMAIN>%20javascript%20engineer%20remote&count=20&setlang=en (Too many subrequests by single Worker invocation. To configure this limit, refer to https://developers.cloudflare.com/workers/wrangler/configuration/#limits). Retrying in 1488ms...",undefined,undefined,undefined,[]
"[INFO] [GrowthEngine] Persisted 0 skill spikes, 0 hiring surges",cloudflare-workers,2026-03-10T09:46:16.126Z,false,"0,15,30,45 * * * *",1773135943000,job-hunter-bot,ok,cron,a7fd90f8-dd89-49cd-a89f-9d1613cd7b9c,stateless,ST0CVWRP1CCPVAC7,01KKBJ7Z46ZDAHN8TXFWQ73QFA,ST0CVWRP1CCPVAC7,"0,15,30,45 * * * *",job-hunter-bot,"[INFO] [GrowthEngine] Persisted 0 skill spikes, 0 hiring surges",346e138aae29f6b381c1ebae50734856,cf-worker,9652c0eabd8fbe010167fd7787852081,cron,[INFO] [<*>] <*> 0 <*> <*> 0 <*> <*>,undefined,undefined,undefined,[]
[INFO] [GrowthEngine] Skill spikes detected: 0 skills (),cloudflare-workers,2026-03-10T09:46:16.126Z,false,"0,15,30,45 * * * *",1773135943000,job-hunter-bot,ok,cron,a7fd90f8-dd89-49cd-a89f-9d1613cd7b9c,stateless,ST0CVWRP1CCPVAC7,01KKBJ7Z46ZDAHN8TXFWQ73QF9,ST0CVWRP1CCPVAC7,"0,15,30,45 * * * *",job-hunter-bot,[INFO] [GrowthEngine] Skill spikes detected: 0 skills (),346e138aae29f6b381c1ebae50734856,cf-worker,9652c0eabd8fbe010167fd7787852081,cron,[INFO] [GrowthEngine] Skill spikes detected: 0 skills (),undefined,undefined,undefined,[]
[WARN] [GrowthEngine] detectHiringSurge failed: D1_ERROR: no such column: created_at at offset 83: SQLITE_ERROR,cloudflare-workers,2026-03-10T09:46:16.124Z,false,"0,15,30,45 * * * *",1773135943000,job-hunter-bot,ok,cron,a7fd90f8-dd89-49cd-a89f-9d1613cd7b9c,stateless,ST0CVWRP1CCPVAC7,01KKBJ7Z46ZDAHN8TXFWQ73QF8,ST0CVWRP1CCPVAC7,"0,15,30,45 * * * *",job-hunter-bot,[WARN] [GrowthEngine] detectHiringSurge failed: D1_ERROR: no such column: created_at at offset 83: SQLITE_ERROR,346e138aae29f6b381c1ebae50734856,cf-worker,9652c0eabd8fbe010167fd7787852081,cron,[WARN] [GrowthEngine] detectHiringSurge failed: D1_ERROR: no such column: created_at at offset 83: SQLITE_ERROR,undefined,undefined,undefined,[]
[INFO] [Intelligence] Priority recalculation: 153 sources updated,cloudflare-workers,2026-03-10T09:46:15.603Z,false,"0,15,30,45 * * * *",1773135943000,job-hunter-bot,ok,cron,a7fd90f8-dd89-49cd-a89f-9d1613cd7b9c,stateless,ST0CVWRP1CCPVAC7,01KKBJ7Z46ZDAHN8TXFWQ73QF7,ST0CVWRP1CCPVAC7,"0,15,30,45 * * * *",job-hunter-bot,[INFO] [Intelligence] Priority recalculation: 153 sources updated,346e138aae29f6b381c1ebae50734856,cf-worker,9652c0eabd8fbe010167fd7787852081,cron,[INFO] [Intelligence] Priority recalculation: 153 sources updated,undefined,undefined,undefined,[]
[INFO] [Intelligence] Recalculated priorities for 153 sources,cloudflare-workers,2026-03-10T09:46:15.603Z,false,"0,15,30,45 * * * *",1773135943000,job-hunter-bot,ok,cron,a7fd90f8-dd89-49cd-a89f-9d1613cd7b9c,stateless,ST0CVWRP1CCPVAC7,01KKBJ7Z46ZDAHN8TXFWQ73QF6,ST0CVWRP1CCPVAC7,"0,15,30,45 * * * *",job-hunter-bot,[INFO] [Intelligence] Recalculated priorities for 153 sources,346e138aae29f6b381c1ebae50734856,cf-worker,9652c0eabd8fbe010167fd7787852081,cron,[INFO] [Intelligence] Recalculated priorities for 153 sources,undefined,undefined,undefined,[]
[INFO] [Producer] Direct processing: 50/148 sources completed.,cloudflare-workers,2026-03-10T09:46:14.638Z,false,"0,15,30,45 * * * *",1773135943000,job-hunter-bot,ok,cron,a7fd90f8-dd89-49cd-a89f-9d1613cd7b9c,stateless,ST0CVWRP1CCPVAC7,01KKBJ7Z46ZDAHN8TXFWQ73QF5,ST0CVWRP1CCPVAC7,"0,15,30,45 * * * *",job-hunter-bot,[INFO] [Producer] Direct processing: 50/148 sources completed.,346e138aae29f6b381c1ebae50734856,cf-worker,9652c0eabd8fbe010167fd7787852081,cron,[INFO] [Producer] Direct <*>: <*>/148 sources <*>.,undefined,undefined,undefined,[]
"[WARN] [Producer] Wall-time guard: processed 50/148 sources in 26.0s, deferring rest to next cycle.",cloudflare-workers,2026-03-10T09:46:14.638Z,false,"0,15,30,45 * * * *",1773135943000,job-hunter-bot,ok,cron,a7fd90f8-dd89-49cd-a89f-9d1613cd7b9c,stateless,ST0CVWRP1CCPVAC7,01KKBJ7Z46ZDAHN8TXFWQ73QF4,ST0CVWRP1CCPVAC7,"0,15,30,45 * * * *",job-hunter-bot,"[WARN] [Producer] Wall-time guard: processed 50/148 sources in 26.0s, deferring rest to next cycle.",346e138aae29f6b381c1ebae50734856,cf-worker,9652c0eabd8fbe010167fd7787852081,cron,"[WARN] [Producer] Wall-time guard: processed 50/148 sources in 26.0s, deferring rest to next cycle.",undefined,undefined,undefined,[]
[INFO] [Connectors] Harvest complete | Sources: 5 (greenhouse:5) | Jobs: 639 | Errors: 0,cloudflare-workers,2026-03-10T09:46:14.165Z,false,"0,15,30,45 * * * *",1773135943000,job-hunter-bot,ok,cron,a7fd90f8-dd89-49cd-a89f-9d1613cd7b9c,stateless,ST0CVWRP1CCPVAC7,01KKBJ7Z46ZDAHN8TXFWQ73QF3,ST0CVWRP1CCPVAC7,"0,15,30,45 * * * *",job-hunter-bot,[INFO] [Connectors] Harvest complete | Sources: 5 (greenhouse:5) | Jobs: 639 | Errors: 0,346e138aae29f6b381c1ebae50734856,cf-worker,9652c0eabd8fbe010167fd7787852081,cron,[INFO] [Connectors] Harvest complete | Sources: <*> (<*>) | Jobs: <*> | Errors: <*>,undefined,undefined,undefined,[]
[INFO] [Greenhouse] MongoDB: 407 jobs fetched,cloudflare-workers,2026-03-10T09:46:14.165Z,false,"0,15,30,45 * * * *",1773135943000,job-hunter-bot,ok,cron,a7fd90f8-dd89-49cd-a89f-9d1613cd7b9c,stateless,ST0CVWRP1CCPVAC7,01KKBJ7Z46ZDAHN8TXFWQ73QF2,ST0CVWRP1CCPVAC7,"0,15,30,45 * * * *",job-hunter-bot,[INFO] [Greenhouse] MongoDB: 407 jobs fetched,346e138aae29f6b381c1ebae50734856,cf-worker,9652c0eabd8fbe010167fd7787852081,cron,[INFO] [Greenhouse] <*>: <*> jobs fetched,undefined,undefined,undefined,[]
[INFO] [Greenhouse] CockroachDB: 32 jobs fetched,cloudflare-workers,2026-03-10T09:46:14.066Z,false,"0,15,30,45 * * * *",1773135943000,job-hunter-bot,ok,cron,a7fd90f8-dd89-49cd-a89f-9d1613cd7b9c,stateless,ST0CVWRP1CCPVAC7,01KKBJ7Z46ZDAHN8TXFWQ73QF1,ST0CVWRP1CCPVAC7,"0,15,30,45 * * * *",job-hunter-bot,[INFO] [Greenhouse] CockroachDB: 32 jobs fetched,346e138aae29f6b381c1ebae50734856,cf-worker,9652c0eabd8fbe010167fd7787852081,cron,[INFO] [Greenhouse] <*>: <*> jobs fetched,undefined,undefined,undefined,[]
[INFO] [Greenhouse] Postman: 106 jobs fetched,cloudflare-workers,2026-03-10T09:46:12.257Z,false,"0,15,30,45 * * * *",1773135943000,job-hunter-bot,ok,cron,a7fd90f8-dd89-49cd-a89f-9d1613cd7b9c,stateless,ST0CVWRP1CCPVAC7,01KKBJ7Z46ZDAHN8TXFWQ73QF0,ST0CVWRP1CCPVAC7,"0,15,30,45 * * * *",job-hunter-bot,[INFO] [Greenhouse] Postman: 106 jobs fetched,346e138aae29f6b381c1ebae50734856,cf-worker,9652c0eabd8fbe010167fd7787852081,cron,[INFO] [Greenhouse] <*>: <*> jobs fetched,undefined,undefined,undefined,[]
[INFO] [Greenhouse] Amplitude: 56 jobs fetched,cloudflare-workers,2026-03-10T09:46:12.070Z,false,"0,15,30,45 * * * *",1773135943000,job-hunter-bot,ok,cron,a7fd90f8-dd89-49cd-a89f-9d1613cd7b9c,stateless,ST0CVWRP1CCPVAC7,01KKBJ7Z46ZDAHN8TXFWQ73QEZ,ST0CVWRP1CCPVAC7,"0,15,30,45 * * * *",job-hunter-bot,[INFO] [Greenhouse] Amplitude: 56 jobs fetched,346e138aae29f6b381c1ebae50734856,cf-worker,9652c0eabd8fbe010167fd7787852081,cron,[INFO] [Greenhouse] <*>: <*> jobs fetched,undefined,undefined,undefined,[]
[INFO] [Greenhouse] Mixpanel: 38 jobs fetched,cloudflare-workers,2026-03-10T09:46:12.068Z,false,"0,15,30,45 * * * *",1773135943000,job-hunter-bot,ok,cron,a7fd90f8-dd89-49cd-a89f-9d1613cd7b9c,stateless,ST0CVWRP1CCPVAC7,01KKBJ7Z46ZDAHN8TXFWQ73QEY,ST0CVWRP1CCPVAC7,"0,15,30,45 * * * *",job-hunter-bot,[INFO] [Greenhouse] Mixpanel: 38 jobs fetched,346e138aae29f6b381c1ebae50734856,cf-worker,9652c0eabd8fbe010167fd7787852081,cron,[INFO] [Greenhouse] <*>: <*> jobs fetched,undefined,undefined,undefined,[]
[INFO] [Fetcher] Harvest complete. Inserted 0 new jobs (404 dupes filtered).,cloudflare-workers,2026-03-10T09:46:11.854Z,false,"0,15,30,45 * * * *",1773135943000,job-hunter-bot,ok,cron,a7fd90f8-dd89-49cd-a89f-9d1613cd7b9c,stateless,ST0CVWRP1CCPVAC7,01KKBJ7Z46ZDAHN8TXFWQ73QEX,ST0CVWRP1CCPVAC7,"0,15,30,45 * * * *",job-hunter-bot,[INFO] [Fetcher] Harvest complete. Inserted 0 new jobs (404 dupes filtered).,346e138aae29f6b381c1ebae50734856,cf-worker,9652c0eabd8fbe010167fd7787852081,cron,[INFO] [Fetcher] Harvest complete. Inserted <*> new jobs (<*> dupes filtered).,undefined,undefined,undefined,[]
[INFO] [Fetcher] Batch recorded 2 source yields,cloudflare-workers,2026-03-10T09:46:11.649Z,false,"0,15,30,45 * * * *",1773135943000,job-hunter-bot,ok,cron,a7fd90f8-dd89-49cd-a89f-9d1613cd7b9c,stateless,ST0CVWRP1CCPVAC7,01KKBJ7Z46ZDAHN8TXFWQ73QEW,ST0CVWRP1CCPVAC7,"0,15,30,45 * * * *",job-hunter-bot,[INFO] [Fetcher] Batch recorded 2 source yields,346e138aae29f6b381c1ebae50734856,cf-worker,9652c0eabd8fbe010167fd7787852081,cron,[INFO] [Fetcher] Batch recorded <*> source yields,undefined,undefined,undefined,[]
[INFO] [Connectors] Running greenhouse connector on 5 sources,cloudflare-workers,2026-03-10T09:46:11.562Z,false,"0,15,30,45 * * * *",1773135943000,job-hunter-bot,ok,cron,a7fd90f8-dd89-49cd-a89f-9d1613cd7b9c,stateless,ST0CVWRP1CCPVAC7,01KKBJ7Z46ZDAHN8TXFWQ73QEV,ST0CVWRP1CCPVAC7,"0,15,30,45 * * * *",job-hunter-bot,[INFO] [Connectors] Running greenhouse connector on 5 sources,346e138aae29f6b381c1ebae50734856,cf-worker,9652c0eabd8fbe010167fd7787852081,cron,[INFO] [Connectors] Running <*> connector on <*> sources,undefined,undefined,undefined,[]
[INFO] [Discovery] Queued 1 company domains for career probing,cloudflare-workers,2026-03-10T09:46:11.454Z,false,"0,15,30,45 * * * *",1773135943000,job-hunter-bot,ok,cron,a7fd90f8-dd89-49cd-a89f-9d1613cd7b9c,stateless,ST0CVWRP1CCPVAC7,01KKBJ7Z46ZDAHN8TXFWQ73QET,ST0CVWRP1CCPVAC7,"0,15,30,45 * * * *",job-hunter-bot,[INFO] [Discovery] Queued 1 company domains for career probing,346e138aae29f6b381c1ebae50734856,cf-worker,9652c0eabd8fbe010167fd7787852081,cron,[INFO] [Discovery] Queued <*> company domains for career probing,undefined,undefined,undefined,[]
[INFO] [Fetcher] Harvest complete. Inserted 0 new jobs (0 dupes filtered).,cloudflare-workers,2026-03-10T09:46:10.808Z,false,"0,15,30,45 * * * *",1773135943000,job-hunter-bot,ok,cron,a7fd90f8-dd89-49cd-a89f-9d1613cd7b9c,stateless,ST0CVWRP1CCPVAC7,01KKBJ7Z46ZDAHN8TXFWQ73QES,ST0CVWRP1CCPVAC7,"0,15,30,45 * * * *",job-hunter-bot,[INFO] [Fetcher] Harvest complete. Inserted 0 new jobs (0 dupes filtered).,346e138aae29f6b381c1ebae50734856,cf-worker,9652c0eabd8fbe010167fd7787852081,cron,[INFO] [Fetcher] Harvest complete. Inserted <*> new jobs (<*> dupes filtered).,undefined,undefined,undefined,[]
[WARN] [Circuit] OPEN for https://boards-api.greenhouse.io/v1/boards/census/jobs after 78 consecutive failures. Cooldown: 231min,cloudflare-workers,2026-03-10T09:46:10.411Z,false,"0,15,30,45 * * * *",1773135943000,job-hunter-bot,ok,cron,a7fd90f8-dd89-49cd-a89f-9d1613cd7b9c,stateless,ST0CVWRP1CCPVAC7,01KKBJ7Z46ZDAHN8TXFWQ73QER,ST0CVWRP1CCPVAC7,"0,15,30,45 * * * *",job-hunter-bot,[WARN] [Circuit] OPEN for https://boards-api.greenhouse.io/v1/boards/census/jobs after 78 consecutive failures. Cooldown: 231min,346e138aae29f6b381c1ebae50734856,cf-worker,9652c0eabd8fbe010167fd7787852081,cron,[WARN] [Circuit] OPEN for https://boards-api.greenhouse.io/v1/boards/<*>/jobs after <*> consecutive failures. Cooldown: <*>,undefined,undefined,undefined,[]
[WARN] [Circuit] OPEN for https://boards-api.greenhouse.io/v1/boards/segment/jobs after 78 consecutive failures. Cooldown: 230min,cloudflare-workers,2026-03-10T09:46:10.411Z,false,"0,15,30,45 * * * *",1773135943000,job-hunter-bot,ok,cron,a7fd90f8-dd89-49cd-a89f-9d1613cd7b9c,stateless,ST0CVWRP1CCPVAC7,01KKBJ7Z46ZDAHN8TXFWQ73QEQ,ST0CVWRP1CCPVAC7,"0,15,30,45 * * * *",job-hunter-bot,[WARN] [Circuit] OPEN for https://boards-api.greenhouse.io/v1/boards/segment/jobs after 78 consecutive failures. Cooldown: 230min,346e138aae29f6b381c1ebae50734856,cf-worker,9652c0eabd8fbe010167fd7787852081,cron,[WARN] [Circuit] OPEN for https://boards-api.greenhouse.io/v1/boards/<*>/jobs after <*> consecutive failures. Cooldown: <*>,undefined,undefined,undefined,[]
[WARN] [Circuit] OPEN for https://boards-api.greenhouse.io/v1/boards/loom/jobs after 77 consecutive failures. Cooldown: 223min,cloudflare-workers,2026-03-10T09:46:10.409Z,false,"0,15,30,45 * * * *",1773135943000,job-hunter-bot,ok,cron,a7fd90f8-dd89-49cd-a89f-9d1613cd7b9c,stateless,ST0CVWRP1CCPVAC7,01KKBJ7Z46ZDAHN8TXFWQ73QEP,ST0CVWRP1CCPVAC7,"0,15,30,45 * * * *",job-hunter-bot,[WARN] [Circuit] OPEN for https://boards-api.greenhouse.io/v1/boards/loom/jobs after 77 consecutive failures. Cooldown: 223min,346e138aae29f6b381c1ebae50734856,cf-worker,9652c0eabd8fbe010167fd7787852081,cron,[WARN] [Circuit] OPEN for https://boards-api.greenhouse.io/v1/boards/loom/jobs after 77 consecutive failures. Cooldown: 223min,undefined,undefined,undefined,[]
[INFO] [Fetcher] Harvest complete. Inserted 0 new jobs (510 dupes filtered).,cloudflare-workers,2026-03-10T09:46:10.332Z,false,"0,15,30,45 * * * *",1773135943000,job-hunter-bot,ok,cron,a7fd90f8-dd89-49cd-a89f-9d1613cd7b9c,stateless,ST0CVWRP1CCPVAC7,01KKBJ7Z46ZDAHN8TXFWQ73QEN,ST0CVWRP1CCPVAC7,"0,15,30,45 * * * *",job-hunter-bot,[INFO] [Fetcher] Harvest complete. Inserted 0 new jobs (510 dupes filtered).,346e138aae29f6b381c1ebae50734856,cf-worker,9652c0eabd8fbe010167fd7787852081,cron,[INFO] [Fetcher] Harvest complete. Inserted <*> new jobs (<*> dupes filtered).,undefined,undefined,undefined,[]
[INFO] [Connectors] Harvest complete | Sources: 3 (greenhouse:3) | Jobs: 0 | Errors: 3,cloudflare-workers,2026-03-10T09:46:10.248Z,false,"0,15,30,45 * * * *",1773135943000,job-hunter-bot,ok,cron,a7fd90f8-dd89-49cd-a89f-9d1613cd7b9c,stateless,ST0CVWRP1CCPVAC7,01KKBJ7Z46ZDAHN8TXFWQ73QEM,ST0CVWRP1CCPVAC7,"0,15,30,45 * * * *",job-hunter-bot,[INFO] [Connectors] Harvest complete | Sources: 3 (greenhouse:3) | Jobs: 0 | Errors: 3,346e138aae29f6b381c1ebae50734856,cf-worker,9652c0eabd8fbe010167fd7787852081,cron,[INFO] [Connectors] Harvest complete | Sources: <*> (<*>) | Jobs: <*> | Errors: <*>,undefined,undefined,undefined,[]
[WARN] [Greenhouse] Segment failed: HTTP 404: Not Found,cloudflare-workers,2026-03-10T09:46:10.248Z,false,"0,15,30,45 * * * *",1773135943000,job-hunter-bot,ok,cron,a7fd90f8-dd89-49cd-a89f-9d1613cd7b9c,stateless,ST0CVWRP1CCPVAC7,01KKBJ7Z46ZDAHN8TXFWQ73QEK,ST0CVWRP1CCPVAC7,"0,15,30,45 * * * *",job-hunter-bot,[WARN] [Greenhouse] Segment failed: HTTP 404: Not Found,346e138aae29f6b381c1ebae50734856,cf-worker,9652c0eabd8fbe010167fd7787852081,cron,[WARN] [Greenhouse] <*> failed: HTTP 404: Not Found,undefined,undefined,undefined,[]
[INFO] [Fetcher] Batch recorded 2 source yields,cloudflare-workers,2026-03-10T09:46:10.138Z,false,"0,15,30,45 * * * *",1773135943000,job-hunter-bot,ok,cron,a7fd90f8-dd89-49cd-a89f-9d1613cd7b9c,stateless,ST0CVWRP1CCPVAC7,01KKBJ7Z46ZDAHN8TXFWQ73QEJ,ST0CVWRP1CCPVAC7,"0,15,30,45 * * * *",job-hunter-bot,[INFO] [Fetcher] Batch recorded 2 source yields,346e138aae29f6b381c1ebae50734856,cf-worker,9652c0eabd8fbe010167fd7787852081,cron,[INFO] [Fetcher] Batch recorded <*> source yields,undefined,undefined,undefined,[]
[WARN] [Greenhouse] Census failed: HTTP 404: Not Found,cloudflare-workers,2026-03-10T09:46:10.061Z,false,"0,15,30,45 * * * *",1773135943000,job-hunter-bot,ok,cron,a7fd90f8-dd89-49cd-a89f-9d1613cd7b9c,stateless,ST0CVWRP1CCPVAC7,01KKBJ7Z46ZDAHN8TXFWQ73QEH,ST0CVWRP1CCPVAC7,"0,15,30,45 * * * *",job-hunter-bot,[WARN] [Greenhouse] Census failed: HTTP 404: Not Found,346e138aae29f6b381c1ebae50734856,cf-worker,9652c0eabd8fbe010167fd7787852081,cron,[WARN] [Greenhouse] <*> failed: HTTP 404: Not Found,undefined,undefined,undefined,[]
[WARN] [Greenhouse] Loom failed: HTTP 404: Not Found,cloudflare-workers,2026-03-10T09:46:10.059Z,false,"0,15,30,45 * * * *",1773135943000,job-hunter-bot,ok,cron,a7fd90f8-dd89-49cd-a89f-9d1613cd7b9c,stateless,ST0CVWRP1CCPVAC7,01KKBJ7Z46ZDAHN8TXFWQ73QEG,ST0CVWRP1CCPVAC7,"0,15,30,45 * * * *",job-hunter-bot,[WARN] [Greenhouse] Loom failed: HTTP 404: Not Found,346e138aae29f6b381c1ebae50734856,cf-worker,9652c0eabd8fbe010167fd7787852081,cron,[WARN] [Greenhouse] <*> failed: HTTP 404: Not Found,undefined,undefined,undefined,[]
[INFO] [Fetcher] Harvest complete. Inserted 0 new jobs (841 dupes filtered).,cloudflare-workers,2026-03-10T09:46:10.008Z,false,"0,15,30,45 * * * *",1773135943000,job-hunter-bot,ok,cron,a7fd90f8-dd89-49cd-a89f-9d1613cd7b9c,stateless,ST0CVWRP1CCPVAC7,01KKBJ7Z46ZDAHN8TXFWQ73QEF,ST0CVWRP1CCPVAC7,"0,15,30,45 * * * *",job-hunter-bot,[INFO] [Fetcher] Harvest complete. Inserted 0 new jobs (841 dupes filtered).,346e138aae29f6b381c1ebae50734856,cf-worker,9652c0eabd8fbe010167fd7787852081,cron,[INFO] [Fetcher] Harvest complete. Inserted <*> new jobs (<*> dupes filtered).,undefined,undefined,undefined,[]
[INFO] [Fetcher] Batch recorded 4 source yields,cloudflare-workers,2026-03-10T09:46:10.008Z,false,"0,15,30,45 * * * *",1773135943000,job-hunter-bot,ok,cron,a7fd90f8-dd89-49cd-a89f-9d1613cd7b9c,stateless,ST0CVWRP1CCPVAC7,01KKBJ7Z46ZDAHN8TXFWQ73QEE,ST0CVWRP1CCPVAC7,"0,15,30,45 * * * *",job-hunter-bot,[INFO] [Fetcher] Batch recorded 4 source yields,346e138aae29f6b381c1ebae50734856,cf-worker,9652c0eabd8fbe010167fd7787852081,cron,[INFO] [Fetcher] Batch recorded <*> source yields,undefined,undefined,undefined,[]
[INFO] [Discovery] Queued 1 company domains for career probing,cloudflare-workers,2026-03-10T09:46:09.939Z,false,"0,15,30,45 * * * *",1773135943000,job-hunter-bot,ok,cron,a7fd90f8-dd89-49cd-a89f-9d1613cd7b9c,stateless,ST0CVWRP1CCPVAC7,01KKBJ7Z46ZDAHN8TXFWQ73QED,ST0CVWRP1CCPVAC7,"0,15,30,45 * * * *",job-hunter-bot,[INFO] [Discovery] Queued 1 company domains for career probing,346e138aae29f6b381c1ebae50734856,cf-worker,9652c0eabd8fbe010167fd7787852081,cron,[INFO] [Discovery] Queued <*> company domains for career probing,undefined,undefined,undefined,[]
[INFO] [Connectors] Running greenhouse connector on 3 sources,cloudflare-workers,2026-03-10T09:46:09.733Z,false,"0,15,30,45 * * * *",1773135943000,job-hunter-bot,ok,cron,a7fd90f8-dd89-49cd-a89f-9d1613cd7b9c,stateless,ST0CVWRP1CCPVAC7,01KKBJ7Z46ZDAHN8TXFWQ73QEC,ST0CVWRP1CCPVAC7,"0,15,30,45 * * * *",job-hunter-bot,[INFO] [Connectors] Running greenhouse connector on 3 sources,346e138aae29f6b381c1ebae50734856,cf-worker,9652c0eabd8fbe010167fd7787852081,cron,[INFO] [Connectors] Running <*> connector on <*> sources,undefined,undefined,undefined,[]
[WARN] [Circuit] Skipping https://boards-api.greenhouse.io/v1/boards/dbtlabs/jobs — circuit is OPEN,cloudflare-workers,2026-03-10T09:46:09.320Z,false,"0,15,30,45 * * * *",1773135943000,job-hunter-bot,ok,cron,a7fd90f8-dd89-49cd-a89f-9d1613cd7b9c,stateless,ST0CVWRP1CCPVAC7,01KKBJ7Z46ZDAHN8TXFWQ73QEB,ST0CVWRP1CCPVAC7,"0,15,30,45 * * * *",job-hunter-bot,[WARN] [Circuit] Skipping https://boards-api.greenhouse.io/v1/boards/dbtlabs/jobs — circuit is OPEN,346e138aae29f6b381c1ebae50734856,cf-worker,9652c0eabd8fbe010167fd7787852081,cron,[WARN] [Circuit] Skipping https://boards-api.greenhouse.io/v1/boards/<*>/jobs — circuit is OPEN,undefined,undefined,undefined,[]
[WARN] [Circuit] Skipping https://boards-api.greenhouse.io/v1/boards/scale/jobs — circuit is OPEN,cloudflare-workers,2026-03-10T09:46:08.900Z,false,"0,15,30,45 * * * *",1773135943000,job-hunter-bot,ok,cron,a7fd90f8-dd89-49cd-a89f-9d1613cd7b9c,stateless,ST0CVWRP1CCPVAC7,01KKBJ7Z46ZDAHN8TXFWQ73QEA,ST0CVWRP1CCPVAC7,"0,15,30,45 * * * *",job-hunter-bot,[WARN] [Circuit] Skipping https://boards-api.greenhouse.io/v1/boards/scale/jobs — circuit is OPEN,346e138aae29f6b381c1ebae50734856,cf-worker,9652c0eabd8fbe010167fd7787852081,cron,[WARN] [Circuit] Skipping https://boards-api.greenhouse.io/v1/boards/<*>/jobs — circuit is OPEN,undefined,undefined,undefined,[]
[INFO] [Connectors] Harvest complete | Sources: 2 (greenhouse:2) | Jobs: 404 | Errors: 0,cloudflare-workers,2026-03-10T09:46:08.134Z,false,"0,15,30,45 * * * *",1773135943000,job-hunter-bot,ok,cron,a7fd90f8-dd89-49cd-a89f-9d1613cd7b9c,stateless,ST0CVWRP1CCPVAC7,01KKBJ7Z46ZDAHN8TXFWQ73QE9,ST0CVWRP1CCPVAC7,"0,15,30,45 * * * *",job-hunter-bot,[INFO] [Connectors] Harvest complete | Sources: 2 (greenhouse:2) | Jobs: 404 | Errors: 0,346e138aae29f6b381c1ebae50734856,cf-worker,9652c0eabd8fbe010167fd7787852081,cron,[INFO] [Connectors] Harvest complete | Sources: <*> (<*>) | Jobs: <*> | Errors: 0,undefined,undefined,undefined,[]
[INFO] [Greenhouse] Brex: 241 jobs fetched,cloudflare-workers,2026-03-10T09:46:08.134Z,false,"0,15,30,45 * * * *",1773135943000,job-hunter-bot,ok,cron,a7fd90f8-dd89-49cd-a89f-9d1613cd7b9c,stateless,ST0CVWRP1CCPVAC7,01KKBJ7Z46ZDAHN8TXFWQ73QE8,ST0CVWRP1CCPVAC7,"0,15,30,45 * * * *",job-hunter-bot,[INFO] [Greenhouse] Brex: 241 jobs fetched,346e138aae29f6b381c1ebae50734856,cf-worker,9652c0eabd8fbe010167fd7787852081,cron,[INFO] [Greenhouse] <*>: <*> jobs fetched,undefined,undefined,undefined,[]
[INFO] [Greenhouse] Grafana Labs: 163 jobs fetched,cloudflare-workers,2026-03-10T09:46:08.122Z,false,"0,15,30,45 * * * *",1773135943000,job-hunter-bot,ok,cron,a7fd90f8-dd89-49cd-a89f-9d1613cd7b9c,stateless,ST0CVWRP1CCPVAC7,01KKBJ7Z46ZDAHN8TXFWQ73QE7,ST0CVWRP1CCPVAC7,"0,15,30,45 * * * *",job-hunter-bot,[INFO] [Greenhouse] Grafana Labs: 163 jobs fetched,346e138aae29f6b381c1ebae50734856,cf-worker,9652c0eabd8fbe010167fd7787852081,cron,[INFO] [Greenhouse] Grafana Labs: 163 jobs fetched,undefined,undefined,undefined,[]
[INFO] [Connectors] Running greenhouse connector on 2 sources,cloudflare-workers,2026-03-10T09:46:07.675Z,false,"0,15,30,45 * * * *",1773135943000,job-hunter-bot,ok,cron,a7fd90f8-dd89-49cd-a89f-9d1613cd7b9c,stateless,ST0CVWRP1CCPVAC7,01KKBJ7Z46ZDAHN8TXFWQ73QE6,ST0CVWRP1CCPVAC7,"0,15,30,45 * * * *",job-hunter-bot,[INFO] [Connectors] Running greenhouse connector on 2 sources,346e138aae29f6b381c1ebae50734856,cf-worker,9652c0eabd8fbe010167fd7787852081,cron,[INFO] [Connectors] Running <*> connector on <*> sources,undefined,undefined,undefined,[]
[WARN] [Circuit] Skipping https://boards-api.greenhouse.io/v1/boards/retool/jobs — circuit is OPEN,cloudflare-workers,2026-03-10T09:46:07.675Z,false,"0,15,30,45 * * * *",1773135943000,job-hunter-bot,ok,cron,a7fd90f8-dd89-49cd-a89f-9d1613cd7b9c,stateless,ST0CVWRP1CCPVAC7,01KKBJ7Z46ZDAHN8TXFWQ73QE5,ST0CVWRP1CCPVAC7,"0,15,30,45 * * * *",job-hunter-bot,[WARN] [Circuit] Skipping https://boards-api.greenhouse.io/v1/boards/retool/jobs — circuit is OPEN,346e138aae29f6b381c1ebae50734856,cf-worker,9652c0eabd8fbe010167fd7787852081,cron,[WARN] [Circuit] Skipping https://boards-api.greenhouse.io/v1/boards/<*>/jobs — circuit is OPEN,undefined,undefined,undefined,[]
[WARN] [Circuit] Skipping https://boards-api.greenhouse.io/v1/boards/plaid/jobs — circuit is OPEN,cloudflare-workers,2026-03-10T09:46:07.454Z,false,"0,15,30,45 * * * *",1773135943000,job-hunter-bot,ok,cron,a7fd90f8-dd89-49cd-a89f-9d1613cd7b9c,stateless,ST0CVWRP1CCPVAC7,01KKBJ7Z46ZDAHN8TXFWQ73QE4,ST0CVWRP1CCPVAC7,"0,15,30,45 * * * *",job-hunter-bot,[WARN] [Circuit] Skipping https://boards-api.greenhouse.io/v1/boards/plaid/jobs — circuit is OPEN,346e138aae29f6b381c1ebae50734856,cf-worker,9652c0eabd8fbe010167fd7787852081,cron,[WARN] [Circuit] Skipping https://boards-api.greenhouse.io/v1/boards/<*>/jobs — circuit is OPEN,undefined,undefined,undefined,[]
[WARN] [Circuit] Skipping https://boards-api.greenhouse.io/v1/boards/daboraio/jobs — circuit is OPEN,cloudflare-workers,2026-03-10T09:46:06.844Z,false,"0,15,30,45 * * * *",1773135943000,job-hunter-bot,ok,cron,a7fd90f8-dd89-49cd-a89f-9d1613cd7b9c,stateless,ST0CVWRP1CCPVAC7,01KKBJ7Z46ZDAHN8TXFWQ73QE3,ST0CVWRP1CCPVAC7,"0,15,30,45 * * * *",job-hunter-bot,[WARN] [Circuit] Skipping https://boards-api.greenhouse.io/v1/boards/daboraio/jobs — circuit is OPEN,346e138aae29f6b381c1ebae50734856,cf-worker,9652c0eabd8fbe010167fd7787852081,cron,[WARN] [Circuit] Skipping https://boards-api.greenhouse.io/v1/boards/<*>/jobs — circuit is OPEN,undefined,undefined,undefined,[]
[INFO] [Connectors] Harvest complete | Sources: 2 (greenhouse:2) | Jobs: 510 | Errors: 0,cloudflare-workers,2026-03-10T09:46:06.170Z,false,"0,15,30,45 * * * *",1773135943000,job-hunter-bot,ok,cron,a7fd90f8-dd89-49cd-a89f-9d1613cd7b9c,stateless,ST0CVWRP1CCPVAC7,01KKBJ7Z46ZDAHN8TXFWQ73QE2,ST0CVWRP1CCPVAC7,"0,15,30,45 * * * *",job-hunter-bot,[INFO] [Connectors] Harvest complete | Sources: 2 (greenhouse:2) | Jobs: 510 | Errors: 0,346e138aae29f6b381c1ebae50734856,cf-worker,9652c0eabd8fbe010167fd7787852081,cron,[INFO] [Connectors] Harvest complete | Sources: <*> (<*>) | Jobs: <*> | Errors: 0,undefined,undefined,undefined,[]
[INFO] [Greenhouse] Datadog: 430 jobs fetched,cloudflare-workers,2026-03-10T09:46:06.170Z,false,"0,15,30,45 * * * *",1773135943000,job-hunter-bot,ok,cron,a7fd90f8-dd89-49cd-a89f-9d1613cd7b9c,stateless,ST0CVWRP1CCPVAC7,01KKBJ7Z46ZDAHN8TXFWQ73QE1,ST0CVWRP1CCPVAC7,"0,15,30,45 * * * *",job-hunter-bot,[INFO] [Greenhouse] Datadog: 430 jobs fetched,346e138aae29f6b381c1ebae50734856,cf-worker,9652c0eabd8fbe010167fd7787852081,cron,[INFO] [Greenhouse] <*>: <*> jobs fetched,undefined,undefined,undefined,[]
[INFO] [Greenhouse] Vercel: 80 jobs fetched,cloudflare-workers,2026-03-10T09:46:06.090Z,false,"0,15,30,45 * * * *",1773135943000,job-hunter-bot,ok,cron,a7fd90f8-dd89-49cd-a89f-9d1613cd7b9c,stateless,ST0CVWRP1CCPVAC7,01KKBJ7Z46ZDAHN8TXFWQ73QE0,ST0CVWRP1CCPVAC7,"0,15,30,45 * * * *",job-hunter-bot,[INFO] [Greenhouse] Vercel: 80 jobs fetched,346e138aae29f6b381c1ebae50734856,cf-worker,9652c0eabd8fbe010167fd7787852081,cron,[INFO] [Greenhouse] <*>: <*> jobs fetched,undefined,undefined,undefined,[]
[INFO] [Connectors] Running greenhouse connector on 2 sources,cloudflare-workers,2026-03-10T09:46:05.782Z,false,"0,15,30,45 * * * *",1773135943000,job-hunter-bot,ok,cron,a7fd90f8-dd89-49cd-a89f-9d1613cd7b9c,stateless,ST0CVWRP1CCPVAC7,01KKBJ7Z46ZDAHN8TXFWQ73QDZ,ST0CVWRP1CCPVAC7,"0,15,30,45 * * * *",job-hunter-bot,[INFO] [Connectors] Running greenhouse connector on 2 sources,346e138aae29f6b381c1ebae50734856,cf-worker,9652c0eabd8fbe010167fd7787852081,cron,[INFO] [Connectors] Running <*> connector on <*> sources,undefined,undefined,undefined,[]
[WARN] [Circuit] Skipping https://boards-api.greenhouse.io/v1/boards/notion/jobs — circuit is OPEN,cloudflare-workers,2026-03-10T09:46:05.518Z,false,"0,15,30,45 * * * *",1773135943000,job-hunter-bot,ok,cron,a7fd90f8-dd89-49cd-a89f-9d1613cd7b9c,stateless,ST0CVWRP1CCPVAC7,01KKBJ7Z46ZDAHN8TXFWQ73QDY,ST0CVWRP1CCPVAC7,"0,15,30,45 * * * *",job-hunter-bot,[WARN] [Circuit] Skipping https://boards-api.greenhouse.io/v1/boards/notion/jobs — circuit is OPEN,346e138aae29f6b381c1ebae50734856,cf-worker,9652c0eabd8fbe010167fd7787852081,cron,[WARN] [Circuit] Skipping https://boards-api.greenhouse.io/v1/boards/<*>/jobs — circuit is OPEN,undefined,undefined,undefined,[]
[WARN] [Circuit] Skipping https://boards-api.greenhouse.io/v1/boards/linear/jobs — circuit is OPEN,cloudflare-workers,2026-03-10T09:46:05.281Z,false,"0,15,30,45 * * * *",1773135943000,job-hunter-bot,ok,cron,a7fd90f8-dd89-49cd-a89f-9d1613cd7b9c,stateless,ST0CVWRP1CCPVAC7,01KKBJ7Z46ZDAHN8TXFWQ73QDX,ST0CVWRP1CCPVAC7,"0,15,30,45 * * * *",job-hunter-bot,[WARN] [Circuit] Skipping https://boards-api.greenhouse.io/v1/boards/linear/jobs — circuit is OPEN,346e138aae29f6b381c1ebae50734856,cf-worker,9652c0eabd8fbe010167fd7787852081,cron,[WARN] [Circuit] Skipping https://boards-api.greenhouse.io/v1/boards/<*>/jobs — circuit is OPEN,undefined,undefined,undefined,[]
[WARN] [Circuit] Skipping https://boards-api.greenhouse.io/v1/boards/supabase/jobs — circuit is OPEN,cloudflare-workers,2026-03-10T09:46:05.044Z,false,"0,15,30,45 * * * *",1773135943000,job-hunter-bot,ok,cron,a7fd90f8-dd89-49cd-a89f-9d1613cd7b9c,stateless,ST0CVWRP1CCPVAC7,01KKBJ7Z46ZDAHN8TXFWQ73QDW,ST0CVWRP1CCPVAC7,"0,15,30,45 * * * *",job-hunter-bot,[WARN] [Circuit] Skipping https://boards-api.greenhouse.io/v1/boards/supabase/jobs — circuit is OPEN,346e138aae29f6b381c1ebae50734856,cf-worker,9652c0eabd8fbe010167fd7787852081,cron,[WARN] [Circuit] Skipping https://boards-api.greenhouse.io/v1/boards/<*>/jobs — circuit is OPEN,undefined,undefined,undefined,[]
[INFO] [Connectors] Harvest complete | Sources: 4 (greenhouse:4) | Jobs: 841 | Errors: 0,cloudflare-workers,2026-03-10T09:46:04.240Z,false,"0,15,30,45 * * * *",1773135943000,job-hunter-bot,ok,cron,a7fd90f8-dd89-49cd-a89f-9d1613cd7b9c,stateless,ST0CVWRP1CCPVAC7,01KKBJ7Z46ZDAHN8TXFWQ73QDV,ST0CVWRP1CCPVAC7,"0,15,30,45 * * * *",job-hunter-bot,[INFO] [Connectors] Harvest complete | Sources: 4 (greenhouse:4) | Jobs: 841 | Errors: 0,346e138aae29f6b381c1ebae50734856,cf-worker,9652c0eabd8fbe010167fd7787852081,cron,[INFO] [Connectors] Harvest complete | Sources: <*> (<*>) | Jobs: <*> | Errors: 0,undefined,undefined,undefined,[]
[INFO] [Greenhouse] Cloudflare: 586 jobs fetched,cloudflare-workers,2026-03-10T09:46:04.240Z,false,"0,15,30,45 * * * *",1773135943000,job-hunter-bot,ok,cron,a7fd90f8-dd89-49cd-a89f-9d1613cd7b9c,stateless,ST0CVWRP1CCPVAC7,01KKBJ7Z46ZDAHN8TXFWQ73QDT,ST0CVWRP1CCPVAC7,"0,15,30,45 * * * *",job-hunter-bot,[INFO] [Greenhouse] Cloudflare: 586 jobs fetched,346e138aae29f6b381c1ebae50734856,cf-worker,9652c0eabd8fbe010167fd7787852081,cron,[INFO] [Greenhouse] <*>: <*> jobs fetched,undefined,undefined,undefined,[]
[INFO] [Greenhouse] Figma: 171 jobs fetched,cloudflare-workers,2026-03-10T09:46:04.108Z,false,"0,15,30,45 * * * *",1773135943000,job-hunter-bot,ok,cron,a7fd90f8-dd89-49cd-a89f-9d1613cd7b9c,stateless,ST0CVWRP1CCPVAC7,01KKBJ7Z46ZDAHN8TXFWQ73QDS,ST0CVWRP1CCPVAC7,"0,15,30,45 * * * *",job-hunter-bot,[INFO] [Greenhouse] Figma: 171 jobs fetched,346e138aae29f6b381c1ebae50734856,cf-worker,9652c0eabd8fbe010167fd7787852081,cron,[INFO] [Greenhouse] <*>: <*> jobs fetched,undefined,undefined,undefined,[]
[INFO] [Greenhouse] Netlify: 2 jobs fetched,cloudflare-workers,2026-03-10T09:46:04.061Z,false,"0,15,30,45 * * * *",1773135943000,job-hunter-bot,ok,cron,a7fd90f8-dd89-49cd-a89f-9d1613cd7b9c,stateless,ST0CVWRP1CCPVAC7,01KKBJ7Z46ZDAHN8TXFWQ73QDR,ST0CVWRP1CCPVAC7,"0,15,30,45 * * * *",job-hunter-bot,[INFO] [Greenhouse] Netlify: 2 jobs fetched,346e138aae29f6b381c1ebae50734856,cf-worker,9652c0eabd8fbe010167fd7787852081,cron,[INFO] [Greenhouse] <*>: <*> jobs fetched,undefined,undefined,undefined,[]
[INFO] [Greenhouse] Discord: 82 jobs fetched,cloudflare-workers,2026-03-10T09:46:02.173Z,false,"0,15,30,45 * * * *",1773135943000,job-hunter-bot,ok,cron,a7fd90f8-dd89-49cd-a89f-9d1613cd7b9c,stateless,ST0CVWRP1CCPVAC7,01KKBJ7Z46ZDAHN8TXFWQ73QDQ,ST0CVWRP1CCPVAC7,"0,15,30,45 * * * *",job-hunter-bot,[INFO] [Greenhouse] Discord: 82 jobs fetched,346e138aae29f6b381c1ebae50734856,cf-worker,9652c0eabd8fbe010167fd7787852081,cron,[INFO] [Greenhouse] <*>: <*> jobs fetched,undefined,undefined,undefined,[]
[INFO] [Connectors] Running greenhouse connector on 4 sources,cloudflare-workers,2026-03-10T09:46:02.023Z,false,"0,15,30,45 * * * *",1773135943000,job-hunter-bot,ok,cron,a7fd90f8-dd89-49cd-a89f-9d1613cd7b9c,stateless,ST0CVWRP1CCPVAC7,01KKBJ7Z46ZDAHN8TXFWQ73QDP,ST0CVWRP1CCPVAC7,"0,15,30,45 * * * *",job-hunter-bot,[INFO] [Connectors] Running greenhouse connector on 4 sources,346e138aae29f6b381c1ebae50734856,cf-worker,9652c0eabd8fbe010167fd7787852081,cron,[INFO] [Connectors] Running <*> connector on <*> sources,undefined,undefined,undefined,[]
[INFO] [Fetcher] Harvest complete. Inserted 0 new jobs (0 dupes filtered).,cloudflare-workers,2026-03-10T09:46:01.412Z,false,"0,15,30,45 * * * *",1773135943000,job-hunter-bot,ok,cron,a7fd90f8-dd89-49cd-a89f-9d1613cd7b9c,stateless,ST0CVWRP1CCPVAC7,01KKBJ7Z46ZDAHN8TXFWQ73QDN,ST0CVWRP1CCPVAC7,"0,15,30,45 * * * *",job-hunter-bot,[INFO] [Fetcher] Harvest complete. Inserted 0 new jobs (0 dupes filtered).,346e138aae29f6b381c1ebae50734856,cf-worker,9652c0eabd8fbe010167fd7787852081,cron,[INFO] [Fetcher] Harvest complete. Inserted <*> new jobs (0 dupes filtered).,undefined,undefined,undefined,[]
[INFO] [Fetcher] Batch recorded 5 source yields,cloudflare-workers,2026-03-10T09:46:01.412Z,false,"0,15,30,45 * * * *",1773135943000,job-hunter-bot,ok,cron,a7fd90f8-dd89-49cd-a89f-9d1613cd7b9c,stateless,ST0CVWRP1CCPVAC7,01KKBJ7Z46ZDAHN8TXFWQ73QDM,ST0CVWRP1CCPVAC7,"0,15,30,45 * * * *",job-hunter-bot,[INFO] [Fetcher] Batch recorded 5 source yields,346e138aae29f6b381c1ebae50734856,cf-worker,9652c0eabd8fbe010167fd7787852081,cron,[INFO] [Fetcher] Batch recorded <*> source yields,undefined,undefined,undefined,[]
[WARN] [Circuit] Skipping https://boards-api.greenhouse.io/v1/boards/hashicorp/jobs — circuit is OPEN,cloudflare-workers,2026-03-10T09:46:01.221Z,false,"0,15,30,45 * * * *",1773135943000,job-hunter-bot,ok,cron,a7fd90f8-dd89-49cd-a89f-9d1613cd7b9c,stateless,ST0CVWRP1CCPVAC7,01KKBJ7Z46ZDAHN8TXFWQ73QDK,ST0CVWRP1CCPVAC7,"0,15,30,45 * * * *",job-hunter-bot,[WARN] [Circuit] Skipping https://boards-api.greenhouse.io/v1/boards/hashicorp/jobs — circuit is OPEN,346e138aae29f6b381c1ebae50734856,cf-worker,9652c0eabd8fbe010167fd7787852081,cron,[WARN] [Circuit] Skipping https://boards-api.greenhouse.io/v1/boards/hashicorp/jobs — circuit is OPEN,undefined,undefined,undefined,[]
[INFO] [Connectors] Harvest complete | Sources: 5 (rss:5) | Jobs: 0 | Errors: 0,cloudflare-workers,2026-03-10T09:46:00.508Z,false,"0,15,30,45 * * * *",1773135943000,job-hunter-bot,ok,cron,a7fd90f8-dd89-49cd-a89f-9d1613cd7b9c,stateless,ST0CVWRP1CCPVAC7,01KKBJ7Z46ZDAHN8TXFWQ73QDJ,ST0CVWRP1CCPVAC7,"0,15,30,45 * * * *",job-hunter-bot,[INFO] [Connectors] Harvest complete | Sources: 5 (rss:5) | Jobs: 0 | Errors: 0,346e138aae29f6b381c1ebae50734856,cf-worker,9652c0eabd8fbe010167fd7787852081,cron,[INFO] [Connectors] Harvest complete | Sources: 5 (rss:5) | Jobs: <*> | Errors: 0,undefined,undefined,undefined,[]
[INFO] [RSS] Cursor filtered 10 seen items from remoteworkhub — 0 new,cloudflare-workers,2026-03-10T09:46:00.508Z,false,"0,15,30,45 * * * *",1773135943000,job-hunter-bot,ok,cron,a7fd90f8-dd89-49cd-a89f-9d1613cd7b9c,stateless,ST0CVWRP1CCPVAC7,01KKBJ7Z46ZDAHN8TXFWQ73QDH,ST0CVWRP1CCPVAC7,"0,15,30,45 * * * *",job-hunter-bot,[INFO] [RSS] Cursor filtered 10 seen items from remoteworkhub — 0 new,346e138aae29f6b381c1ebae50734856,cf-worker,9652c0eabd8fbe010167fd7787852081,cron,[INFO] [RSS] Cursor filtered <*> seen items from <*> — <*> new,undefined,undefined,undefined,[]
[INFO] [RSS] Cursor filtered 19 seen items from landing — 0 new,cloudflare-workers,2026-03-10T09:46:00.158Z,false,"0,15,30,45 * * * *",1773135943000,job-hunter-bot,ok,cron,a7fd90f8-dd89-49cd-a89f-9d1613cd7b9c,stateless,ST0CVWRP1CCPVAC7,01KKBJ7Z46ZDAHN8TXFWQ73QDG,ST0CVWRP1CCPVAC7,"0,15,30,45 * * * *",job-hunter-bot,[INFO] [RSS] Cursor filtered 19 seen items from landing — 0 new,346e138aae29f6b381c1ebae50734856,cf-worker,9652c0eabd8fbe010167fd7787852081,cron,[INFO] [RSS] Cursor filtered <*> seen items from <*> — <*> new,undefined,undefined,undefined,[]
[INFO] [RSS] Cursor filtered 100 seen items from cryptojobslist — 0 new,cloudflare-workers,2026-03-10T09:45:59.529Z,false,"0,15,30,45 * * * *",1773135943000,job-hunter-bot,ok,cron,a7fd90f8-dd89-49cd-a89f-9d1613cd7b9c,stateless,ST0CVWRP1CCPVAC7,01KKBJ7Z46ZDAHN8TXFWQ73QDF,ST0CVWRP1CCPVAC7,"0,15,30,45 * * * *",job-hunter-bot,[INFO] [RSS] Cursor filtered 100 seen items from cryptojobslist — 0 new,346e138aae29f6b381c1ebae50734856,cf-worker,9652c0eabd8fbe010167fd7787852081,cron,[INFO] [RSS] Cursor filtered <*> seen items from <*> — <*> new,undefined,undefined,undefined,[]
[INFO] [RSS] Cursor filtered 20 seen items from jobspresso — 0 new,cloudflare-workers,2026-03-10T09:45:59.516Z,false,"0,15,30,45 * * * *",1773135943000,job-hunter-bot,ok,cron,a7fd90f8-dd89-49cd-a89f-9d1613cd7b9c,stateless,ST0CVWRP1CCPVAC7,01KKBJ7Z46ZDAHN8TXFWQ73QDE,ST0CVWRP1CCPVAC7,"0,15,30,45 * * * *",job-hunter-bot,[INFO] [RSS] Cursor filtered 20 seen items from jobspresso — 0 new,346e138aae29f6b381c1ebae50734856,cf-worker,9652c0eabd8fbe010167fd7787852081,cron,[INFO] [RSS] Cursor filtered <*> seen items from <*> — <*> new,undefined,undefined,undefined,[]
[INFO] [RSS] Cursor filtered 75 seen items from cryptocurrencyjobs — 0 new,cloudflare-workers,2026-03-10T09:45:59.447Z,false,"0,15,30,45 * * * *",1773135943000,job-hunter-bot,ok,cron,a7fd90f8-dd89-49cd-a89f-9d1613cd7b9c,stateless,ST0CVWRP1CCPVAC7,01KKBJ7Z46ZDAHN8TXFWQ73QDD,ST0CVWRP1CCPVAC7,"0,15,30,45 * * * *",job-hunter-bot,[INFO] [RSS] Cursor filtered 75 seen items from cryptocurrencyjobs — 0 new,346e138aae29f6b381c1ebae50734856,cf-worker,9652c0eabd8fbe010167fd7787852081,cron,[INFO] [RSS] Cursor filtered <*> seen items from <*> — <*> new,undefined,undefined,undefined,[]
[INFO] [Connectors] Running rss connector on 5 sources,cloudflare-workers,2026-03-10T09:45:59.391Z,false,"0,15,30,45 * * * *",1773135943000,job-hunter-bot,ok,cron,a7fd90f8-dd89-49cd-a89f-9d1613cd7b9c,stateless,ST0CVWRP1CCPVAC7,01KKBJ7Z46ZDAHN8TXFWQ73QDC,ST0CVWRP1CCPVAC7,"0,15,30,45 * * * *",job-hunter-bot,[INFO] [Connectors] Running rss connector on 5 sources,346e138aae29f6b381c1ebae50734856,cf-worker,9652c0eabd8fbe010167fd7787852081,cron,[INFO] [Connectors] Running <*> connector on <*> sources,undefined,undefined,undefined,[]
[INFO] [Fetcher] Harvest complete. Inserted 0 new jobs (0 dupes filtered).,cloudflare-workers,2026-03-10T09:45:58.863Z,false,"0,15,30,45 * * * *",1773135943000,job-hunter-bot,ok,cron,a7fd90f8-dd89-49cd-a89f-9d1613cd7b9c,stateless,ST0CVWRP1CCPVAC7,01KKBJ7Z46ZDAHN8TXFWQ73QDB,ST0CVWRP1CCPVAC7,"0,15,30,45 * * * *",job-hunter-bot,[INFO] [Fetcher] Harvest complete. Inserted 0 new jobs (0 dupes filtered).,346e138aae29f6b381c1ebae50734856,cf-worker,9652c0eabd8fbe010167fd7787852081,cron,[INFO] [Fetcher] Harvest complete. Inserted <*> new jobs (0 dupes filtered).,undefined,undefined,undefined,[]
[INFO] [Fetcher] Batch recorded 5 source yields,cloudflare-workers,2026-03-10T09:45:58.863Z,false,"0,15,30,45 * * * *",1773135943000,job-hunter-bot,ok,cron,a7fd90f8-dd89-49cd-a89f-9d1613cd7b9c,stateless,ST0CVWRP1CCPVAC7,01KKBJ7Z46ZDAHN8TXFWQ73QDA,ST0CVWRP1CCPVAC7,"0,15,30,45 * * * *",job-hunter-bot,[INFO] [Fetcher] Batch recorded 5 source yields,346e138aae29f6b381c1ebae50734856,cf-worker,9652c0eabd8fbe010167fd7787852081,cron,[INFO] [Fetcher] Batch recorded <*> source yields,undefined,undefined,undefined,[]
[INFO] [Fetcher] Harvest complete. Inserted 1 new jobs (0 dupes filtered).,cloudflare-workers,2026-03-10T09:45:58.529Z,false,"0,15,30,45 * * * *",1773135943000,job-hunter-bot,ok,cron,a7fd90f8-dd89-49cd-a89f-9d1613cd7b9c,stateless,ST0CVWRP1CCPVAC7,01KKBJ7Z46ZDAHN8TXFWQ73QD9,ST0CVWRP1CCPVAC7,"0,15,30,45 * * * *",job-hunter-bot,[INFO] [Fetcher] Harvest complete. Inserted 1 new jobs (0 dupes filtered).,346e138aae29f6b381c1ebae50734856,cf-worker,9652c0eabd8fbe010167fd7787852081,cron,[INFO] [Fetcher] Harvest complete. Inserted <*> new jobs (0 dupes filtered).,undefined,undefined,undefined,[]
[INFO] [Fetcher] Batch recorded 5 source yields,cloudflare-workers,2026-03-10T09:45:58.529Z,false,"0,15,30,45 * * * *",1773135943000,job-hunter-bot,ok,cron,a7fd90f8-dd89-49cd-a89f-9d1613cd7b9c,stateless,ST0CVWRP1CCPVAC7,01KKBJ7Z46ZDAHN8TXFWQ73QD8,ST0CVWRP1CCPVAC7,"0,15,30,45 * * * *",job-hunter-bot,[INFO] [Fetcher] Batch recorded 5 source yields,346e138aae29f6b381c1ebae50734856,cf-worker,9652c0eabd8fbe010167fd7787852081,cron,[INFO] [Fetcher] Batch recorded <*> source yields,undefined,undefined,undefined,[]
[INFO] [Fetcher] Direct evaluation completed for 1 jobs,cloudflare-workers,2026-03-10T09:45:58.328Z,false,"0,15,30,45 * * * *",1773135943000,job-hunter-bot,ok,cron,a7fd90f8-dd89-49cd-a89f-9d1613cd7b9c,stateless,ST0CVWRP1CCPVAC7,01KKBJ7Z46ZDAHN8TXFWQ73QD7,ST0CVWRP1CCPVAC7,"0,15,30,45 * * * *",job-hunter-bot,[INFO] [Fetcher] Direct evaluation completed for 1 jobs,346e138aae29f6b381c1ebae50734856,cf-worker,9652c0eabd8fbe010167fd7787852081,cron,[INFO] [Fetcher] Direct evaluation completed for <*> jobs,undefined,undefined,undefined,[]
[INFO] [Threshold] Too few matches (0) → lowering to 30,cloudflare-workers,2026-03-10T09:45:58.328Z,false,"0,15,30,45 * * * *",1773135943000,job-hunter-bot,ok,cron,a7fd90f8-dd89-49cd-a89f-9d1613cd7b9c,stateless,ST0CVWRP1CCPVAC7,01KKBJ7Z46ZDAHN8TXFWQ73QD6,ST0CVWRP1CCPVAC7,"0,15,30,45 * * * *",job-hunter-bot,[INFO] [Threshold] Too few matches (0) → lowering to 30,346e138aae29f6b381c1ebae50734856,cf-worker,9652c0eabd8fbe010167fd7787852081,cron,[INFO] [Threshold] Too few matches (0) → lowering to 30,undefined,undefined,undefined,[]
[INFO] [Connectors] Harvest complete | Sources: 5 (rss:5) | Jobs: 0 | Errors: 0,cloudflare-workers,2026-03-10T09:45:58.028Z,false,"0,15,30,45 * * * *",1773135943000,job-hunter-bot,ok,cron,a7fd90f8-dd89-49cd-a89f-9d1613cd7b9c,stateless,ST0CVWRP1CCPVAC7,01KKBJ7Z46ZDAHN8TXFWQ73QD5,ST0CVWRP1CCPVAC7,"0,15,30,45 * * * *",job-hunter-bot,[INFO] [Connectors] Harvest complete | Sources: 5 (rss:5) | Jobs: 0 | Errors: 0,346e138aae29f6b381c1ebae50734856,cf-worker,9652c0eabd8fbe010167fd7787852081,cron,[INFO] [Connectors] Harvest complete | Sources: 5 (rss:5) | Jobs: <*> | Errors: 0,undefined,undefined,undefined,[]
[INFO] [RSS] Cursor filtered 37 seen items from hasjob — 0 new,cloudflare-workers,2026-03-10T09:45:58.028Z,false,"0,15,30,45 * * * *",1773135943000,job-hunter-bot,ok,cron,a7fd90f8-dd89-49cd-a89f-9d1613cd7b9c,stateless,ST0CVWRP1CCPVAC7,01KKBJ7Z46ZDAHN8TXFWQ73QD4,ST0CVWRP1CCPVAC7,"0,15,30,45 * * * *",job-hunter-bot,[INFO] [RSS] Cursor filtered 37 seen items from hasjob — 0 new,346e138aae29f6b381c1ebae50734856,cf-worker,9652c0eabd8fbe010167fd7787852081,cron,[INFO] [RSS] Cursor filtered <*> seen items from <*> — <*> new,undefined,undefined,undefined,[]
[INFO] [RSS] Cursor filtered 10 seen items from fossjobs — 0 new,cloudflare-workers,2026-03-10T09:45:57.752Z,false,"0,15,30,45 * * * *",1773135943000,job-hunter-bot,ok,cron,a7fd90f8-dd89-49cd-a89f-9d1613cd7b9c,stateless,ST0CVWRP1CCPVAC7,01KKBJ7Z46ZDAHN8TXFWQ73QD3,ST0CVWRP1CCPVAC7,"0,15,30,45 * * * *",job-hunter-bot,[INFO] [RSS] Cursor filtered 10 seen items from fossjobs — 0 new,346e138aae29f6b381c1ebae50734856,cf-worker,9652c0eabd8fbe010167fd7787852081,cron,[INFO] [RSS] Cursor filtered <*> seen items from <*> — <*> new,undefined,undefined,undefined,[]
[INFO] [RSS] Cursor filtered 99 seen items from dribbble — 0 new,cloudflare-workers,2026-03-10T09:45:57.274Z,false,"0,15,30,45 * * * *",1773135943000,job-hunter-bot,ok,cron,a7fd90f8-dd89-49cd-a89f-9d1613cd7b9c,stateless,ST0CVWRP1CCPVAC7,01KKBJ7Z46ZDAHN8TXFWQ73QD1,ST0CVWRP1CCPVAC7,"0,15,30,45 * * * *",job-hunter-bot,[INFO] [RSS] Cursor filtered 99 seen items from dribbble — 0 new,346e138aae29f6b381c1ebae50734856,cf-worker,9652c0eabd8fbe010167fd7787852081,cron,[INFO] [RSS] Cursor filtered <*> seen items from <*> — <*> new,undefined,undefined,undefined,[]
[INFO] [RSS] Cursor filtered 26 seen items from app — 0 new,cloudflare-workers,2026-03-10T09:45:57.108Z,false,"0,15,30,45 * * * *",1773135943000,job-hunter-bot,ok,cron,a7fd90f8-dd89-49cd-a89f-9d1613cd7b9c,stateless,ST0CVWRP1CCPVAC7,01KKBJ7Z46ZDAHN8TXFWQ73QD0,ST0CVWRP1CCPVAC7,"0,15,30,45 * * * *",job-hunter-bot,[INFO] [RSS] Cursor filtered 26 seen items from app — 0 new,346e138aae29f6b381c1ebae50734856,cf-worker,9652c0eabd8fbe010167fd7787852081,cron,[INFO] [RSS] Cursor filtered <*> seen items from <*> — <*> new,undefined,undefined,undefined,[]
[INFO] [Connectors] Running rss connector on 5 sources,cloudflare-workers,2026-03-10T09:45:56.863Z,false,"0,15,30,45 * * * *",1773135943000,job-hunter-bot,ok,cron,a7fd90f8-dd89-49cd-a89f-9d1613cd7b9c,stateless,ST0CVWRP1CCPVAC7,01KKBJ7Z46ZDAHN8TXFWQ73QCZ,ST0CVWRP1CCPVAC7,"0,15,30,45 * * * *",job-hunter-bot,[INFO] [Connectors] Running rss connector on 5 sources,346e138aae29f6b381c1ebae50734856,cf-worker,9652c0eabd8fbe010167fd7787852081,cron,[INFO] [Connectors] Running <*> connector on <*> sources,undefined,undefined,undefined,[]
[INFO] [Fetcher] Harvest complete. Inserted 9 new jobs (0 dupes filtered).,cloudflare-workers,2026-03-10T09:45:56.682Z,false,"0,15,30,45 * * * *",1773135943000,job-hunter-bot,ok,cron,a7fd90f8-dd89-49cd-a89f-9d1613cd7b9c,stateless,ST0CVWRP1CCPVAC7,01KKBJ7Z46ZDAHN8TXFWQ73QCY,ST0CVWRP1CCPVAC7,"0,15,30,45 * * * *",job-hunter-bot,[INFO] [Fetcher] Harvest complete. Inserted 9 new jobs (0 dupes filtered).,346e138aae29f6b381c1ebae50734856,cf-worker,9652c0eabd8fbe010167fd7787852081,cron,[INFO] [Fetcher] Harvest complete. Inserted <*> new jobs (0 dupes filtered).,undefined,undefined,undefined,[]
[INFO] [Fetcher] Batch recorded 5 source yields,cloudflare-workers,2026-03-10T09:45:56.470Z,false,"0,15,30,45 * * * *",1773135943000,job-hunter-bot,ok,cron,a7fd90f8-dd89-49cd-a89f-9d1613cd7b9c,stateless,ST0CVWRP1CCPVAC7,01KKBJ7Z46ZDAHN8TXFWQ73QCX,ST0CVWRP1CCPVAC7,"0,15,30,45 * * * *",job-hunter-bot,[INFO] [Fetcher] Batch recorded 5 source yields,346e138aae29f6b381c1ebae50734856,cf-worker,9652c0eabd8fbe010167fd7787852081,cron,[INFO] [Fetcher] Batch recorded <*> source yields,undefined,undefined,undefined,[]
[INFO] [Fetcher] Harvest complete. Inserted 0 new jobs (0 dupes filtered).,cloudflare-workers,2026-03-10T09:45:56.400Z,false,"0,15,30,45 * * * *",1773135943000,job-hunter-bot,ok,cron,a7fd90f8-dd89-49cd-a89f-9d1613cd7b9c,stateless,ST0CVWRP1CCPVAC7,01KKBJ7Z46ZDAHN8TXFWQ73QCW,ST0CVWRP1CCPVAC7,"0,15,30,45 * * * *",job-hunter-bot,[INFO] [Fetcher] Harvest complete. Inserted 0 new jobs (0 dupes filtered).,346e138aae29f6b381c1ebae50734856,cf-worker,9652c0eabd8fbe010167fd7787852081,cron,[INFO] [Fetcher] Harvest complete. Inserted <*> new jobs (<*> dupes filtered).,undefined,undefined,undefined,[]
[INFO] [Fetcher] Batch recorded 5 source yields,cloudflare-workers,2026-03-10T09:45:56.400Z,false,"0,15,30,45 * * * *",1773135943000,job-hunter-bot,ok,cron,a7fd90f8-dd89-49cd-a89f-9d1613cd7b9c,stateless,ST0CVWRP1CCPVAC7,01KKBJ7Z46ZDAHN8TXFWQ73QCV,ST0CVWRP1CCPVAC7,"0,15,30,45 * * * *",job-hunter-bot,[INFO] [Fetcher] Batch recorded 5 source yields,346e138aae29f6b381c1ebae50734856,cf-worker,9652c0eabd8fbe010167fd7787852081,cron,[INFO] [Fetcher] Batch recorded <*> source yields,undefined,undefined,undefined,[]
[INFO] [Discovery] Queued 1 company domains for career probing,cloudflare-workers,2026-03-10T09:45:56.267Z,false,"0,15,30,45 * * * *",1773135943000,job-hunter-bot,ok,cron,a7fd90f8-dd89-49cd-a89f-9d1613cd7b9c,stateless,ST0CVWRP1CCPVAC7,01KKBJ7Z46ZDAHN8TXFWQ73QCT,ST0CVWRP1CCPVAC7,"0,15,30,45 * * * *",job-hunter-bot,[INFO] [Discovery] Queued 1 company domains for career probing,346e138aae29f6b381c1ebae50734856,cf-worker,9652c0eabd8fbe010167fd7787852081,cron,[INFO] [Discovery] Queued <*> company domains for career probing,undefined,undefined,undefined,[]
[INFO] [Fetcher] Direct evaluation completed for 9 jobs,cloudflare-workers,2026-03-10T09:45:56.063Z,false,"0,15,30,45 * * * *",1773135943000,job-hunter-bot,ok,cron,a7fd90f8-dd89-49cd-a89f-9d1613cd7b9c,stateless,ST0CVWRP1CCPVAC7,01KKBJ7Z46ZDAHN8TXFWQ73QCS,ST0CVWRP1CCPVAC7,"0,15,30,45 * * * *",job-hunter-bot,[INFO] [Fetcher] Direct evaluation completed for 9 jobs,346e138aae29f6b381c1ebae50734856,cf-worker,9652c0eabd8fbe010167fd7787852081,cron,[INFO] [Fetcher] Direct evaluation completed for <*> jobs,undefined,undefined,undefined,[]
[INFO] [Threshold] Too few matches (0) → lowering to 30,cloudflare-workers,2026-03-10T09:45:56.063Z,false,"0,15,30,45 * * * *",1773135943000,job-hunter-bot,ok,cron,a7fd90f8-dd89-49cd-a89f-9d1613cd7b9c,stateless,ST0CVWRP1CCPVAC7,01KKBJ7Z46ZDAHN8TXFWQ73QCR,ST0CVWRP1CCPVAC7,"0,15,30,45 * * * *",job-hunter-bot,[INFO] [Threshold] Too few matches (0) → lowering to 30,346e138aae29f6b381c1ebae50734856,cf-worker,9652c0eabd8fbe010167fd7787852081,cron,[INFO] [Threshold] Too few matches (0) → lowering to 30,undefined,undefined,undefined,[]
[INFO] [Connectors] Harvest complete | Sources: 5 (rss:5) | Jobs: 0 | Errors: 0,cloudflare-workers,2026-03-10T09:45:55.603Z,false,"0,15,30,45 * * * *",1773135943000,job-hunter-bot,ok,cron,a7fd90f8-dd89-49cd-a89f-9d1613cd7b9c,stateless,ST0CVWRP1CCPVAC7,01KKBJ7Z46ZDAHN8TXFWQ73QCQ,ST0CVWRP1CCPVAC7,"0,15,30,45 * * * *",job-hunter-bot,[INFO] [Connectors] Harvest complete | Sources: 5 (rss:5) | Jobs: 0 | Errors: 0,346e138aae29f6b381c1ebae50734856,cf-worker,9652c0eabd8fbe010167fd7787852081,cron,[INFO] [Connectors] Harvest complete | Sources: 5 (rss:5) | Jobs: <*> | Errors: 0,undefined,undefined,undefined,[]
[INFO] [RSS] Cursor filtered 150 seen items from 4dayweek — 0 new,cloudflare-workers,2026-03-10T09:45:55.603Z,false,"0,15,30,45 * * * *",1773135943000,job-hunter-bot,ok,cron,a7fd90f8-dd89-49cd-a89f-9d1613cd7b9c,stateless,ST0CVWRP1CCPVAC7,01KKBJ7Z46ZDAHN8TXFWQ73QCP,ST0CVWRP1CCPVAC7,"0,15,30,45 * * * *",job-hunter-bot,[INFO] [RSS] Cursor filtered 150 seen items from 4dayweek — 0 new,346e138aae29f6b381c1ebae50734856,cf-worker,9652c0eabd8fbe010167fd7787852081,cron,[INFO] [RSS] Cursor filtered <*> seen items from <*> — <*> new,undefined,undefined,undefined,[]
"[WARN] [Retry] Attempt 3/4 failed (Queue sendBatch failed: Too Many Requests), retrying in 2055ms...",cloudflare-workers,2026-03-10T09:45:55.497Z,false,"0,15,30,45 * * * *",1773135943000,job-hunter-bot,ok,cron,a7fd90f8-dd89-49cd-a89f-9d1613cd7b9c,stateless,ST0CVWRP1CCPVAC7,01KKBJ7Z46ZDAHN8TXFWQ73QCN,ST0CVWRP1CCPVAC7,"0,15,30,45 * * * *",job-hunter-bot,"[WARN] [Retry] Attempt 3/4 failed (Queue sendBatch failed: Too Many Requests), retrying in 2055ms...",346e138aae29f6b381c1ebae50734856,cf-worker,9652c0eabd8fbe010167fd7787852081,cron,"[WARN] [Retry] Attempt <*>/4 failed (Queue sendBatch failed: Too Many Requests), retrying in <*>...",undefined,undefined,undefined,[]
[INFO] [RSS] Cursor filtered 22 seen items from weworkremotely — 0 new,cloudflare-workers,2026-03-10T09:45:54.848Z,false,"0,15,30,45 * * * *",1773135943000,job-hunter-bot,ok,cron,a7fd90f8-dd89-49cd-a89f-9d1613cd7b9c,stateless,ST0CVWRP1CCPVAC7,01KKBJ7Z46ZDAHN8TXFWQ73QCK,ST0CVWRP1CCPVAC7,"0,15,30,45 * * * *",job-hunter-bot,[INFO] [RSS] Cursor filtered 22 seen items from weworkremotely — 0 new,346e138aae29f6b381c1ebae50734856,cf-worker,9652c0eabd8fbe010167fd7787852081,cron,[INFO] [RSS] Cursor filtered <*> seen items from <*> — <*> new,undefined,undefined,undefined,[]
[INFO] [RSS] Cursor filtered 44 seen items from weworkremotely — 0 new,cloudflare-workers,2026-03-10T09:45:54.829Z,false,"0,15,30,45 * * * *",1773135943000,job-hunter-bot,ok,cron,a7fd90f8-dd89-49cd-a89f-9d1613cd7b9c,stateless,ST0CVWRP1CCPVAC7,01KKBJ7Z46ZDAHN8TXFWQ73QCJ,ST0CVWRP1CCPVAC7,"0,15,30,45 * * * *",job-hunter-bot,[INFO] [RSS] Cursor filtered 44 seen items from weworkremotely — 0 new,346e138aae29f6b381c1ebae50734856,cf-worker,9652c0eabd8fbe010167fd7787852081,cron,[INFO] [RSS] Cursor filtered <*> seen items from <*> — <*> new,undefined,undefined,undefined,[]
[INFO] [RSS] Cursor filtered 100 seen items from himalayas — 0 new,cloudflare-workers,2026-03-10T09:45:54.706Z,false,"0,15,30,45 * * * *",1773135943000,job-hunter-bot,ok,cron,a7fd90f8-dd89-49cd-a89f-9d1613cd7b9c,stateless,ST0CVWRP1CCPVAC7,01KKBJ7Z46ZDAHN8TXFWQ73QCH,ST0CVWRP1CCPVAC7,"0,15,30,45 * * * *",job-hunter-bot,[INFO] [RSS] Cursor filtered 100 seen items from himalayas — 0 new,346e138aae29f6b381c1ebae50734856,cf-worker,9652c0eabd8fbe010167fd7787852081,cron,[INFO] [RSS] Cursor filtered <*> seen items from <*> — <*> new,undefined,undefined,undefined,[]
[INFO] [Connectors] Running rss connector on 5 sources,cloudflare-workers,2026-03-10T09:45:54.586Z,false,"0,15,30,45 * * * *",1773135943000,job-hunter-bot,ok,cron,a7fd90f8-dd89-49cd-a89f-9d1613cd7b9c,stateless,ST0CVWRP1CCPVAC7,01KKBJ7Z46ZDAHN8TXFWQ73QCG,ST0CVWRP1CCPVAC7,"0,15,30,45 * * * *",job-hunter-bot,[INFO] [Connectors] Running rss connector on 5 sources,346e138aae29f6b381c1ebae50734856,cf-worker,9652c0eabd8fbe010167fd7787852081,cron,[INFO] [Connectors] Running <*> connector on <*> sources,undefined,undefined,undefined,[]
"[WARN] [Retry] Attempt 2/4 failed (Queue sendBatch failed: Too Many Requests), retrying in 1060ms...",cloudflare-workers,2026-03-10T09:45:54.429Z,false,"0,15,30,45 * * * *",1773135943000,job-hunter-bot,ok,cron,a7fd90f8-dd89-49cd-a89f-9d1613cd7b9c,stateless,ST0CVWRP1CCPVAC7,01KKBJ7Z46ZDAHN8TXFWQ73QCF,ST0CVWRP1CCPVAC7,"0,15,30,45 * * * *",job-hunter-bot,"[WARN] [Retry] Attempt 2/4 failed (Queue sendBatch failed: Too Many Requests), retrying in 1060ms...",346e138aae29f6b381c1ebae50734856,cf-worker,9652c0eabd8fbe010167fd7787852081,cron,"[WARN] [Retry] Attempt <*>/4 failed (Queue sendBatch failed: Too Many Requests), retrying in <*>...",undefined,undefined,undefined,[]
"[WARN] [Retry] Attempt 1/4 failed (Queue sendBatch failed: Too Many Requests), retrying in 535ms...",cloudflare-workers,2026-03-10T09:45:53.882Z,false,"0,15,30,45 * * * *",1773135943000,job-hunter-bot,ok,cron,a7fd90f8-dd89-49cd-a89f-9d1613cd7b9c,stateless,ST0CVWRP1CCPVAC7,01KKBJ7Z46ZDAHN8TXFWQ73QCE,ST0CVWRP1CCPVAC7,"0,15,30,45 * * * *",job-hunter-bot,"[WARN] [Retry] Attempt 1/4 failed (Queue sendBatch failed: Too Many Requests), retrying in 535ms...",346e138aae29f6b381c1ebae50734856,cf-worker,9652c0eabd8fbe010167fd7787852081,cron,"[WARN] [Retry] Attempt <*>/4 failed (Queue sendBatch failed: Too Many Requests), retrying in <*>...",undefined,undefined,undefined,[]
[INFO] [D1] Batch inserted 1 new jobs (0 dupes) in 1 batches,cloudflare-workers,2026-03-10T09:45:53.873Z,false,"0,15,30,45 * * * *",1773135943000,job-hunter-bot,ok,cron,a7fd90f8-dd89-49cd-a89f-9d1613cd7b9c,stateless,ST0CVWRP1CCPVAC7,01KKBJ7Z46ZDAHN8TXFWQ73QCD,ST0CVWRP1CCPVAC7,"0,15,30,45 * * * *",job-hunter-bot,[INFO] [D1] Batch inserted 1 new jobs (0 dupes) in 1 batches,346e138aae29f6b381c1ebae50734856,cf-worker,9652c0eabd8fbe010167fd7787852081,cron,[INFO] [D1] Batch inserted <*> new jobs (0 dupes) in 1 batches,undefined,undefined,undefined,[]
[INFO] [Connectors] Harvest complete | Sources: 5 (rss:5) | Jobs: 1 | Errors: 0,cloudflare-workers,2026-03-10T09:45:53.187Z,false,"0,15,30,45 * * * *",1773135943000,job-hunter-bot,ok,cron,a7fd90f8-dd89-49cd-a89f-9d1613cd7b9c,stateless,ST0CVWRP1CCPVAC7,01KKBJ7Z46ZDAHN8TXFWQ73QCC,ST0CVWRP1CCPVAC7,"0,15,30,45 * * * *",job-hunter-bot,[INFO] [Connectors] Harvest complete | Sources: 5 (rss:5) | Jobs: 1 | Errors: 0,346e138aae29f6b381c1ebae50734856,cf-worker,9652c0eabd8fbe010167fd7787852081,cron,[INFO] [Connectors] Harvest complete | Sources: 5 (rss:5) | Jobs: <*> | Errors: 0,undefined,undefined,undefined,[]
[INFO] [RSS] Cursor filtered 99 seen items from weworkremotely — 1 new,cloudflare-workers,2026-03-10T09:45:53.017Z,false,"0,15,30,45 * * * *",1773135943000,job-hunter-bot,ok,cron,a7fd90f8-dd89-49cd-a89f-9d1613cd7b9c,stateless,ST0CVWRP1CCPVAC7,01KKBJ7Z46ZDAHN8TXFWQ73QCB,ST0CVWRP1CCPVAC7,"0,15,30,45 * * * *",job-hunter-bot,[INFO] [RSS] Cursor filtered 99 seen items from weworkremotely — 1 new,346e138aae29f6b381c1ebae50734856,cf-worker,9652c0eabd8fbe010167fd7787852081,cron,[INFO] [RSS] Cursor filtered <*> seen items from <*> — <*> new,undefined,undefined,undefined,[]
"[WARN] [Retry] Attempt 3/4 failed (Queue sendBatch failed: Too Many Requests), retrying in 2065ms...",cloudflare-workers,2026-03-10T09:45:53.005Z,false,"0,15,30,45 * * * *",1773135943000,job-hunter-bot,ok,cron,a7fd90f8-dd89-49cd-a89f-9d1613cd7b9c,stateless,ST0CVWRP1CCPVAC7,01KKBJ7Z46ZDAHN8TXFWQ73QCA,ST0CVWRP1CCPVAC7,"0,15,30,45 * * * *",job-hunter-bot,"[WARN] [Retry] Attempt 3/4 failed (Queue sendBatch failed: Too Many Requests), retrying in 2065ms...",346e138aae29f6b381c1ebae50734856,cf-worker,9652c0eabd8fbe010167fd7787852081,cron,"[WARN] [Retry] Attempt <*>/4 failed (Queue sendBatch failed: Too Many Requests), retrying in <*>...",undefined,undefined,undefined,[]
[INFO] [RSS] Cursor filtered 197 seen items from smartremotejobs — 0 new,cloudflare-workers,2026-03-10T09:45:52.627Z,false,"0,15,30,45 * * * *",1773135943000,job-hunter-bot,ok,cron,a7fd90f8-dd89-49cd-a89f-9d1613cd7b9c,stateless,ST0CVWRP1CCPVAC7,01KKBJ7Z46ZDAHN8TXFWQ73QC9,ST0CVWRP1CCPVAC7,"0,15,30,45 * * * *",job-hunter-bot,[INFO] [RSS] Cursor filtered 197 seen items from smartremotejobs — 0 new,346e138aae29f6b381c1ebae50734856,cf-worker,9652c0eabd8fbe010167fd7787852081,cron,[INFO] [RSS] Cursor filtered <*> seen items from <*> — <*> new,undefined,undefined,undefined,[]
[INFO] [RSS] Cursor filtered 83 seen items from weworkremotely — 0 new,cloudflare-workers,2026-03-10T09:45:52.481Z,false,"0,15,30,45 * * * *",1773135943000,job-hunter-bot,ok,cron,a7fd90f8-dd89-49cd-a89f-9d1613cd7b9c,stateless,ST0CVWRP1CCPVAC7,01KKBJ7Z46ZDAHN8TXFWQ73QC8,ST0CVWRP1CCPVAC7,"0,15,30,45 * * * *",job-hunter-bot,[INFO] [RSS] Cursor filtered 83 seen items from weworkremotely — 0 new,346e138aae29f6b381c1ebae50734856,cf-worker,9652c0eabd8fbe010167fd7787852081,cron,[INFO] [RSS] Cursor filtered <*> seen items from <*> — <*> new,undefined,undefined,undefined,[]
[INFO] [RSS] Cursor filtered 41 seen items from weworkremotely — 0 new,cloudflare-workers,2026-03-10T09:45:52.397Z,false,"0,15,30,45 * * * *",1773135943000,job-hunter-bot,ok,cron,a7fd90f8-dd89-49cd-a89f-9d1613cd7b9c,stateless,ST0CVWRP1CCPVAC7,01KKBJ7Z46ZDAHN8TXFWQ73QC7,ST0CVWRP1CCPVAC7,"0,15,30,45 * * * *",job-hunter-bot,[INFO] [RSS] Cursor filtered 41 seen items from weworkremotely — 0 new,346e138aae29f6b381c1ebae50734856,cf-worker,9652c0eabd8fbe010167fd7787852081,cron,[INFO] [RSS] Cursor filtered <*> seen items from <*> — <*> new,undefined,undefined,undefined,[]
[INFO] [RSS] Cursor filtered 25 seen items from weworkremotely — 0 new,cloudflare-workers,2026-03-10T09:45:52.321Z,false,"0,15,30,45 * * * *",1773135943000,job-hunter-bot,ok,cron,a7fd90f8-dd89-49cd-a89f-9d1613cd7b9c,stateless,ST0CVWRP1CCPVAC7,01KKBJ7Z46ZDAHN8TXFWQ73QC6,ST0CVWRP1CCPVAC7,"0,15,30,45 * * * *",job-hunter-bot,[INFO] [RSS] Cursor filtered 25 seen items from weworkremotely — 0 new,346e138aae29f6b381c1ebae50734856,cf-worker,9652c0eabd8fbe010167fd7787852081,cron,[INFO] [RSS] Cursor filtered <*> seen items from <*> — <*> new,undefined,undefined,undefined,[]
[INFO] [Connectors] Running rss connector on 5 sources,cloudflare-workers,2026-03-10T09:45:52.145Z,false,"0,15,30,45 * * * *",1773135943000,job-hunter-bot,ok,cron,a7fd90f8-dd89-49cd-a89f-9d1613cd7b9c,stateless,ST0CVWRP1CCPVAC7,01KKBJ7Z46ZDAHN8TXFWQ73QC5,ST0CVWRP1CCPVAC7,"0,15,30,45 * * * *",job-hunter-bot,[INFO] [Connectors] Running rss connector on 5 sources,346e138aae29f6b381c1ebae50734856,cf-worker,9652c0eabd8fbe010167fd7787852081,cron,[INFO] [Connectors] Running <*> connector on <*> sources,undefined,undefined,undefined,[]
"[WARN] [Retry] Attempt 2/4 failed (Queue sendBatch failed: Too Many Requests), retrying in 1089ms...",cloudflare-workers,2026-03-10T09:45:51.905Z,false,"0,15,30,45 * * * *",1773135943000,job-hunter-bot,ok,cron,a7fd90f8-dd89-49cd-a89f-9d1613cd7b9c,stateless,ST0CVWRP1CCPVAC7,01KKBJ7Z46ZDAHN8TXFWQ73QC4,ST0CVWRP1CCPVAC7,"0,15,30,45 * * * *",job-hunter-bot,"[WARN] [Retry] Attempt 2/4 failed (Queue sendBatch failed: Too Many Requests), retrying in 1089ms...",346e138aae29f6b381c1ebae50734856,cf-worker,9652c0eabd8fbe010167fd7787852081,cron,"[WARN] [Retry] Attempt <*>/4 failed (Queue sendBatch failed: Too Many Requests), retrying in <*>...",undefined,undefined,undefined,[]
"[WARN] [Retry] Attempt 1/4 failed (Queue sendBatch failed: Too Many Requests), retrying in 533ms...",cloudflare-workers,2026-03-10T09:45:51.359Z,false,"0,15,30,45 * * * *",1773135943000,job-hunter-bot,ok,cron,a7fd90f8-dd89-49cd-a89f-9d1613cd7b9c,stateless,ST0CVWRP1CCPVAC7,01KKBJ7Z46ZDAHN8TXFWQ73QC3,ST0CVWRP1CCPVAC7,"0,15,30,45 * * * *",job-hunter-bot,"[WARN] [Retry] Attempt 1/4 failed (Queue sendBatch failed: Too Many Requests), retrying in 533ms...",346e138aae29f6b381c1ebae50734856,cf-worker,9652c0eabd8fbe010167fd7787852081,cron,"[WARN] [Retry] Attempt <*>/4 failed (Queue sendBatch failed: Too Many Requests), retrying in <*>...",undefined,undefined,undefined,[]
[INFO] [D1] Batch inserted 9 new jobs (0 dupes) in 1 batches,cloudflare-workers,2026-03-10T09:45:51.349Z,false,"0,15,30,45 * * * *",1773135943000,job-hunter-bot,ok,cron,a7fd90f8-dd89-49cd-a89f-9d1613cd7b9c,stateless,ST0CVWRP1CCPVAC7,01KKBJ7Z46ZDAHN8TXFWQ73QC2,ST0CVWRP1CCPVAC7,"0,15,30,45 * * * *",job-hunter-bot,[INFO] [D1] Batch inserted 9 new jobs (0 dupes) in 1 batches,346e138aae29f6b381c1ebae50734856,cf-worker,9652c0eabd8fbe010167fd7787852081,cron,[INFO] [D1] Batch inserted <*> new jobs (<*> dupes) in <*> batches,undefined,undefined,undefined,[]
[INFO] [Connectors] Harvest complete | Sources: 5 (rss:5) | Jobs: 9 | Errors: 0,cloudflare-workers,2026-03-10T09:45:50.723Z,false,"0,15,30,45 * * * *",1773135943000,job-hunter-bot,ok,cron,a7fd90f8-dd89-49cd-a89f-9d1613cd7b9c,stateless,ST0CVWRP1CCPVAC7,01KKBJ7Z46ZDAHN8TXFWQ73QC1,ST0CVWRP1CCPVAC7,"0,15,30,45 * * * *",job-hunter-bot,[INFO] [Connectors] Harvest complete | Sources: 5 (rss:5) | Jobs: 9 | Errors: 0,346e138aae29f6b381c1ebae50734856,cf-worker,9652c0eabd8fbe010167fd7787852081,cron,[INFO] [Connectors] Harvest complete | Sources: <*> (<*>) | Jobs: <*> | Errors: <*>,undefined,undefined,undefined,[]
[INFO] [RSS] Cursor filtered 775 seen items from smartremotejobs — 0 new,cloudflare-workers,2026-03-10T09:45:50.723Z,false,"0,15,30,45 * * * *",1773135943000,job-hunter-bot,ok,cron,a7fd90f8-dd89-49cd-a89f-9d1613cd7b9c,stateless,ST0CVWRP1CCPVAC7,01KKBJ7Z46ZDAHN8TXFWQ73QC0,ST0CVWRP1CCPVAC7,"0,15,30,45 * * * *",job-hunter-bot,[INFO] [RSS] Cursor filtered 775 seen items from smartremotejobs — 0 new,346e138aae29f6b381c1ebae50734856,cf-worker,9652c0eabd8fbe010167fd7787852081,cron,[INFO] [RSS] Cursor filtered <*> seen items from <*> — <*> new,undefined,undefined,undefined,[]
[INFO] [RSS] Cursor filtered 100 seen items from hireweb3 — 0 new,cloudflare-workers,2026-03-10T09:45:50.622Z,false,"0,15,30,45 * * * *",1773135943000,job-hunter-bot,ok,cron,a7fd90f8-dd89-49cd-a89f-9d1613cd7b9c,stateless,ST0CVWRP1CCPVAC7,01KKBJ7Z46ZDAHN8TXFWQ73QBZ,ST0CVWRP1CCPVAC7,"0,15,30,45 * * * *",job-hunter-bot,[INFO] [RSS] Cursor filtered 100 seen items from hireweb3 — 0 new,346e138aae29f6b381c1ebae50734856,cf-worker,9652c0eabd8fbe010167fd7787852081,cron,[INFO] [RSS] Cursor filtered <*> seen items from <*> — <*> new,undefined,undefined,undefined,[]
[INFO] [RSS] Cursor filtered 91 seen items from jobscollider — 9 new,cloudflare-workers,2026-03-10T09:45:50.032Z,false,"0,15,30,45 * * * *",1773135943000,job-hunter-bot,ok,cron,a7fd90f8-dd89-49cd-a89f-9d1613cd7b9c,stateless,ST0CVWRP1CCPVAC7,01KKBJ7Z46ZDAHN8TXFWQ73QBY,ST0CVWRP1CCPVAC7,"0,15,30,45 * * * *",job-hunter-bot,[INFO] [RSS] Cursor filtered 91 seen items from jobscollider — 9 new,346e138aae29f6b381c1ebae50734856,cf-worker,9652c0eabd8fbe010167fd7787852081,cron,[INFO] [RSS] Cursor filtered <*> seen items from <*> — <*> new,undefined,undefined,undefined,[]
[INFO] [RSS] Cursor filtered 80 seen items from empllo — 0 new,cloudflare-workers,2026-03-10T09:45:49.936Z,false,"0,15,30,45 * * * *",1773135943000,job-hunter-bot,ok,cron,a7fd90f8-dd89-49cd-a89f-9d1613cd7b9c,stateless,ST0CVWRP1CCPVAC7,01KKBJ7Z46ZDAHN8TXFWQ73QBX,ST0CVWRP1CCPVAC7,"0,15,30,45 * * * *",job-hunter-bot,[INFO] [RSS] Cursor filtered 80 seen items from empllo — 0 new,346e138aae29f6b381c1ebae50734856,cf-worker,9652c0eabd8fbe010167fd7787852081,cron,[INFO] [RSS] Cursor filtered <*> seen items from empllo — 0 new,undefined,undefined,undefined,[]
[INFO] [RSS] Cursor filtered 16 seen items from empllo — 0 new,cloudflare-workers,2026-03-10T09:45:49.915Z,false,"0,15,30,45 * * * *",1773135943000,job-hunter-bot,ok,cron,a7fd90f8-dd89-49cd-a89f-9d1613cd7b9c,stateless,ST0CVWRP1CCPVAC7,01KKBJ7Z46ZDAHN8TXFWQ73QBW,ST0CVWRP1CCPVAC7,"0,15,30,45 * * * *",job-hunter-bot,[INFO] [RSS] Cursor filtered 16 seen items from empllo — 0 new,346e138aae29f6b381c1ebae50734856,cf-worker,9652c0eabd8fbe010167fd7787852081,cron,[INFO] [RSS] Cursor filtered <*> seen items from <*> — <*> new,undefined,undefined,undefined,[]
[INFO] [Connectors] Running rss connector on 5 sources,cloudflare-workers,2026-03-10T09:45:49.727Z,false,"0,15,30,45 * * * *",1773135943000,job-hunter-bot,ok,cron,a7fd90f8-dd89-49cd-a89f-9d1613cd7b9c,stateless,ST0CVWRP1CCPVAC7,01KKBJ7Z46ZDAHN8TXFWQ73QBV,ST0CVWRP1CCPVAC7,"0,15,30,45 * * * *",job-hunter-bot,[INFO] [Connectors] Running rss connector on 5 sources,346e138aae29f6b381c1ebae50734856,cf-worker,9652c0eabd8fbe010167fd7787852081,cron,[INFO] [Connectors] Running <*> connector on <*> sources,undefined,undefined,undefined,[]
[INFO] [Producer] Direct mode: processing 148 sources inline...,cloudflare-workers,2026-03-10T09:45:48.676Z,false,"0,15,30,45 * * * *",1773135943000,job-hunter-bot,ok,cron,a7fd90f8-dd89-49cd-a89f-9d1613cd7b9c,stateless,ST0CVWRP1CCPVAC7,01KKBJ7Z46ZDAHN8TXFWQ73QBT,ST0CVWRP1CCPVAC7,"0,15,30,45 * * * *",job-hunter-bot,[INFO] [Producer] Direct mode: processing 148 sources inline...,346e138aae29f6b381c1ebae50734856,cf-worker,9652c0eabd8fbe010167fd7787852081,cron,[INFO] [Producer] Direct <*>: <*> 148 sources <*>...,undefined,undefined,undefined,[]
"[WARN] [Retry] Attempt 3/4 failed (Queue sendBatch failed: Too Many Requests), retrying in 2078ms...",cloudflare-workers,2026-03-10T09:45:46.587Z,false,"0,15,30,45 * * * *",1773135943000,job-hunter-bot,ok,cron,a7fd90f8-dd89-49cd-a89f-9d1613cd7b9c,stateless,ST0CVWRP1CCPVAC7,01KKBJ7Z46ZDAHN8TXFWQ73QBR,ST0CVWRP1CCPVAC7,"0,15,30,45 * * * *",job-hunter-bot,"[WARN] [Retry] Attempt 3/4 failed (Queue sendBatch failed: Too Many Requests), retrying in 2078ms...",346e138aae29f6b381c1ebae50734856,cf-worker,9652c0eabd8fbe010167fd7787852081,cron,"[WARN] [Retry] Attempt <*>/4 failed (Queue sendBatch failed: Too Many Requests), retrying in <*>...",undefined,undefined,undefined,[]
"[WARN] [Retry] Attempt 2/4 failed (Queue sendBatch failed: Too Many Requests), retrying in 1084ms...",cloudflare-workers,2026-03-10T09:45:45.492Z,false,"0,15,30,45 * * * *",1773135943000,job-hunter-bot,ok,cron,a7fd90f8-dd89-49cd-a89f-9d1613cd7b9c,stateless,ST0CVWRP1CCPVAC7,01KKBJ7Z46ZDAHN8TXFWQ73QBQ,ST0CVWRP1CCPVAC7,"0,15,30,45 * * * *",job-hunter-bot,"[WARN] [Retry] Attempt 2/4 failed (Queue sendBatch failed: Too Many Requests), retrying in 1084ms...",346e138aae29f6b381c1ebae50734856,cf-worker,9652c0eabd8fbe010167fd7787852081,cron,"[WARN] [Retry] Attempt <*>/4 failed (Queue sendBatch failed: Too Many Requests), retrying in <*>...",undefined,undefined,undefined,[]
"[WARN] [Retry] Attempt 1/4 failed (Queue sendBatch failed: Too Many Requests), retrying in 573ms...",cloudflare-workers,2026-03-10T09:45:44.912Z,false,"0,15,30,45 * * * *",1773135943000,job-hunter-bot,ok,cron,a7fd90f8-dd89-49cd-a89f-9d1613cd7b9c,stateless,ST0CVWRP1CCPVAC7,01KKBJ7Z46ZDAHN8TXFWQ73QBP,ST0CVWRP1CCPVAC7,"0,15,30,45 * * * *",job-hunter-bot,"[WARN] [Retry] Attempt 1/4 failed (Queue sendBatch failed: Too Many Requests), retrying in 573ms...",346e138aae29f6b381c1ebae50734856,cf-worker,9652c0eabd8fbe010167fd7787852081,cron,"[WARN] [Retry] Attempt <*>/4 failed (Queue sendBatch failed: Too Many Requests), retrying in <*>...",undefined,undefined,undefined,[]
[INFO] [Producer] Broadcasting 148 sources to FEED_QUEUE...,cloudflare-workers,2026-03-10T09:45:44.889Z,false,"0,15,30,45 * * * *",1773135943000,job-hunter-bot,ok,cron,a7fd90f8-dd89-49cd-a89f-9d1613cd7b9c,stateless,ST0CVWRP1CCPVAC7,01KKBJ7Z46ZDAHN8TXFWQ73QBN,ST0CVWRP1CCPVAC7,"0,15,30,45 * * * *",job-hunter-bot,[INFO] [Producer] Broadcasting 148 sources to FEED_QUEUE...,346e138aae29f6b381c1ebae50734856,cf-worker,9652c0eabd8fbe010167fd7787852081,cron,[INFO] [Producer] Broadcasting 148 sources to FEED_QUEUE...,undefined,undefined,undefined,[]
[INFO] [Producer] Intelligence: 148 sources selected (87 config + 61 registry),cloudflare-workers,2026-03-10T09:45:44.889Z,false,"0,15,30,45 * * * *",1773135943000,job-hunter-bot,ok,cron,a7fd90f8-dd89-49cd-a89f-9d1613cd7b9c,stateless,ST0CVWRP1CCPVAC7,01KKBJ7Z46ZDAHN8TXFWQ73QBM,ST0CVWRP1CCPVAC7,"0,15,30,45 * * * *",job-hunter-bot,[INFO] [Producer] Intelligence: 148 sources selected (87 config + 61 registry),346e138aae29f6b381c1ebae50734856,cf-worker,9652c0eabd8fbe010167fd7787852081,cron,[INFO] [Producer] Intelligence: 148 sources selected (87 config + 61 registry),undefined,undefined,undefined,[]
[INFO] [Producer] Cron cycle #832 fired.,cloudflare-workers,2026-03-10T09:45:43.931Z,false,"0,15,30,45 * * * *",1773135943000,job-hunter-bot,ok,cron,a7fd90f8-dd89-49cd-a89f-9d1613cd7b9c,stateless,ST0CVWRP1CCPVAC7,01KKBJ7Z46ZDAHN8TXFWQ73QBK,ST0CVWRP1CCPVAC7,"0,15,30,45 * * * *",job-hunter-bot,[INFO] [Producer] Cron cycle #832 fired.,346e138aae29f6b381c1ebae50734856,cf-worker,9652c0eabd8fbe010167fd7787852081,cron,[INFO] [Producer] <*> <*> <*> <*>.,undefined,undefined,undefined,[]
"0,15,30,45 * * * * ",cloudflare-workers,2026-03-10T09:45:43.931Z,false,"0,15,30,45 * * * *",1773135943000,job-hunter-bot,ok,cron,a7fd90f8-dd89-49cd-a89f-9d1613cd7b9c,stateless,ST0CVWRP1CCPVAC7,01KKBJ7Z46ZDAHN8TXFWQ73QBJ,ST0CVWRP1CCPVAC7,"0,15,30,45 * * * *",job-hunter-bot,"0,15,30,45 * * * * ",346e138aae29f6b381c1ebae50734856,cf-worker-event,9652c0eabd8fbe010167fd7787852081,cron,"0,15,30,45 * * * *",undefined,undefined,undefined,[]
[INFO] [Fetcher] Harvest complete. Inserted 0 new jobs (404 dupes filtered).,cloudflare-workers,2026-03-10T09:31:17.442Z,false,"0,15,30,45 * * * *",1773135043000,job-hunter-bot,ok,cron,a7fd90f8-dd89-49cd-a89f-9d1613cd7b9c,stateless,7SZUP2SUMR2XBZNN,01KKBHC822T3T3R3PS9KM80TSQ,7SZUP2SUMR2XBZNN,"0,15,30,45 * * * *",job-hunter-bot,[INFO] [Fetcher] Harvest complete. Inserted 0 new jobs (404 dupes filtered).,346e138aae29f6b381c1ebae50734856,cf-worker,9652c0eabd8fbe010167fd7787852081,cron,[INFO] [Fetcher] Harvest complete. Inserted <*> new jobs (<*> dupes filtered).,undefined,undefined,undefined,[]
[INFO] [Fetcher] Batch recorded 2 source yields,cloudflare-workers,2026-03-10T09:31:17.235Z,false,"0,15,30,45 * * * *",1773135043000,job-hunter-bot,ok,cron,a7fd90f8-dd89-49cd-a89f-9d1613cd7b9c,stateless,7SZUP2SUMR2XBZNN,01KKBHC7VKGKRPV6X3YRHKDVB1,7SZUP2SUMR2XBZNN,"0,15,30,45 * * * *",job-hunter-bot,[INFO] [Fetcher] Batch recorded 2 source yields,346e138aae29f6b381c1ebae50734856,cf-worker,9652c0eabd8fbe010167fd7787852081,cron,[INFO] [Fetcher] Batch recorded <*> source yields,undefined,undefined,undefined,[]
[INFO] [Discovery] Queued 1 company domains for career probing,cloudflare-workers,2026-03-10T09:31:17.042Z,false,"0,15,30,45 * * * *",1773135043000,job-hunter-bot,ok,cron,a7fd90f8-dd89-49cd-a89f-9d1613cd7b9c,stateless,7SZUP2SUMR2XBZNN,01KKBHC7NJCFTJ2RGKF4EMJY5R,7SZUP2SUMR2XBZNN,"0,15,30,45 * * * *",job-hunter-bot,[INFO] [Discovery] Queued 1 company domains for career probing,346e138aae29f6b381c1ebae50734856,cf-worker,9652c0eabd8fbe010167fd7787852081,cron,[INFO] [Discovery] Queued 1 company domains for career probing,undefined,undefined,undefined,[]
[INFO] [Producer] Cycle #831 dispatch complete.,cloudflare-workers,2026-03-10T09:31:14.703Z,false,"0,15,30,45 * * * *",1773135043000,job-hunter-bot,ok,cron,a7fd90f8-dd89-49cd-a89f-9d1613cd7b9c,stateless,7SZUP2SUMR2XBZNN,01KKBHC5CFFX9TZXJZWYE9MQ0E,7SZUP2SUMR2XBZNN,"0,15,30,45 * * * *",job-hunter-bot,[INFO] [Producer] Cycle #831 dispatch complete.,346e138aae29f6b381c1ebae50734856,cf-worker,9652c0eabd8fbe010167fd7787852081,cron,[INFO] [Producer] <*> <*> <*> <*>.,undefined,undefined,undefined,[]
[INFO] [Producer] Direct processing: 40/179 sources completed.,cloudflare-workers,2026-03-10T09:31:14.194Z,false,"0,15,30,45 * * * *",1773135043000,job-hunter-bot,ok,cron,a7fd90f8-dd89-49cd-a89f-9d1613cd7b9c,stateless,7SZUP2SUMR2XBZNN,01KKBHC4WJTMEHGREN1PKKEDSP,7SZUP2SUMR2XBZNN,"0,15,30,45 * * * *",job-hunter-bot,[INFO] [Producer] Direct processing: 40/179 sources completed.,346e138aae29f6b381c1ebae50734856,cf-worker,9652c0eabd8fbe010167fd7787852081,cron,[INFO] [Producer] Direct <*>: <*>/179 sources <*>.,undefined,undefined,undefined,[]
"[WARN] [Producer] Wall-time guard: processed 40/179 sources in 25.2s, deferring rest to next cycle.",cloudflare-workers,2026-03-10T09:31:14.194Z,false,"0,15,30,45 * * * *",1773135043000,job-hunter-bot,ok,cron,a7fd90f8-dd89-49cd-a89f-9d1613cd7b9c,stateless,7SZUP2SUMR2XBZNN,01KKBHC4WJTMEHGREN1PKKEDSN,7SZUP2SUMR2XBZNN,"0,15,30,45 * * * *",job-hunter-bot,"[WARN] [Producer] Wall-time guard: processed 40/179 sources in 25.2s, deferring rest to next cycle.",346e138aae29f6b381c1ebae50734856,cf-worker,9652c0eabd8fbe010167fd7787852081,cron,"[WARN] [Producer] Wall-time guard: processed 40/179 sources in 25.2s, deferring rest to next cycle.",undefined,undefined,undefined,[]
[INFO] [Fetcher] Harvest complete. Inserted 0 new jobs (510 dupes filtered).,cloudflare-workers,2026-03-10T09:31:14.043Z,false,"0,15,30,45 * * * *",1773135043000,job-hunter-bot,ok,cron,a7fd90f8-dd89-49cd-a89f-9d1613cd7b9c,stateless,7SZUP2SUMR2XBZNN,01KKBHC4QVEFX8T3MSD9K4PAG9,7SZUP2SUMR2XBZNN,"0,15,30,45 * * * *",job-hunter-bot,[INFO] [Fetcher] Harvest complete. Inserted 0 new jobs (510 dupes filtered).,346e138aae29f6b381c1ebae50734856,cf-worker,9652c0eabd8fbe010167fd7787852081,cron,[INFO] [Fetcher] Harvest complete. Inserted <*> new jobs (<*> dupes filtered).,undefined,undefined,undefined,[]
[WARN] [Circuit] OPEN for https://boards-api.greenhouse.io/v1/boards/plaid/jobs after 77 consecutive failures. Cooldown: 228min,cloudflare-workers,2026-03-10T09:31:13.928Z,false,"0,15,30,45 * * * *",1773135043000,job-hunter-bot,ok,cron,a7fd90f8-dd89-49cd-a89f-9d1613cd7b9c,stateless,7SZUP2SUMR2XBZNN,01KKBHC4M8K3B6H9KYPPWABCYE,7SZUP2SUMR2XBZNN,"0,15,30,45 * * * *",job-hunter-bot,[WARN] [Circuit] OPEN for https://boards-api.greenhouse.io/v1/boards/plaid/jobs after 77 consecutive failures. Cooldown: 228min,346e138aae29f6b381c1ebae50734856,cf-worker,9652c0eabd8fbe010167fd7787852081,cron,[WARN] [Circuit] OPEN for https://boards-api.greenhouse.io/v1/boards/<*>/jobs after <*> consecutive failures. Cooldown: <*>,undefined,undefined,undefined,[]
[WARN] [Circuit] OPEN for https://boards-api.greenhouse.io/v1/boards/retool/jobs after 76 consecutive failures. Cooldown: 202min,cloudflare-workers,2026-03-10T09:31:13.918Z,false,"0,15,30,45 * * * *",1773135043000,job-hunter-bot,ok,cron,a7fd90f8-dd89-49cd-a89f-9d1613cd7b9c,stateless,7SZUP2SUMR2XBZNN,01KKBHC4KYWQ9H14FSD50RGCBR,7SZUP2SUMR2XBZNN,"0,15,30,45 * * * *",job-hunter-bot,[WARN] [Circuit] OPEN for https://boards-api.greenhouse.io/v1/boards/retool/jobs after 76 consecutive failures. Cooldown: 202min,346e138aae29f6b381c1ebae50734856,cf-worker,9652c0eabd8fbe010167fd7787852081,cron,[WARN] [Circuit] OPEN for https://boards-api.greenhouse.io/v1/boards/<*>/jobs after <*> consecutive failures. Cooldown: <*>,undefined,undefined,undefined,[]
[INFO] [Fetcher] Batch recorded 2 source yields,cloudflare-workers,2026-03-10T09:31:13.841Z,false,"0,15,30,45 * * * *",1773135043000,job-hunter-bot,ok,cron,a7fd90f8-dd89-49cd-a89f-9d1613cd7b9c,stateless,7SZUP2SUMR2XBZNN,01KKBHC4HHKE4BZ224279JE9B9,7SZUP2SUMR2XBZNN,"0,15,30,45 * * * *",job-hunter-bot,[INFO] [Fetcher] Batch recorded 2 source yields,346e138aae29f6b381c1ebae50734856,cf-worker,9652c0eabd8fbe010167fd7787852081,cron,[INFO] [Fetcher] Batch recorded <*> source yields,undefined,undefined,undefined,[]
[INFO] [Connectors] Harvest complete | Sources: 4 (greenhouse:4) | Jobs: 404 | Errors: 2,cloudflare-workers,2026-03-10T09:31:13.768Z,false,"0,15,30,45 * * * *",1773135043000,job-hunter-bot,ok,cron,a7fd90f8-dd89-49cd-a89f-9d1613cd7b9c,stateless,7SZUP2SUMR2XBZNN,01KKBHC4F87TH73KQM5Q52ZRJP,7SZUP2SUMR2XBZNN,"0,15,30,45 * * * *",job-hunter-bot,[INFO] [Connectors] Harvest complete | Sources: 4 (greenhouse:4) | Jobs: 404 | Errors: 2,346e138aae29f6b381c1ebae50734856,cf-worker,9652c0eabd8fbe010167fd7787852081,cron,[INFO] [Connectors] Harvest complete | Sources: <*> (<*>) | Jobs: <*> | Errors: <*>,undefined,undefined,undefined,[]
[WARN] [Greenhouse] Retool failed: HTTP 404: Not Found,cloudflare-workers,2026-03-10T09:31:13.768Z,false,"0,15,30,45 * * * *",1773135043000,job-hunter-bot,ok,cron,a7fd90f8-dd89-49cd-a89f-9d1613cd7b9c,stateless,7SZUP2SUMR2XBZNN,01KKBHC4F87TH73KQM5Q52ZRJN,7SZUP2SUMR2XBZNN,"0,15,30,45 * * * *",job-hunter-bot,[WARN] [Greenhouse] Retool failed: HTTP 404: Not Found,346e138aae29f6b381c1ebae50734856,cf-worker,9652c0eabd8fbe010167fd7787852081,cron,[WARN] [Greenhouse] <*> failed: HTTP 404: Not Found,undefined,undefined,undefined,[]
[INFO] [Discovery] Queued 1 company domains for career probing,cloudflare-workers,2026-03-10T09:31:13.648Z,false,"0,15,30,45 * * * *",1773135043000,job-hunter-bot,ok,cron,a7fd90f8-dd89-49cd-a89f-9d1613cd7b9c,stateless,7SZUP2SUMR2XBZNN,01KKBHC4BGWGM5V108FQMAX5ZP,7SZUP2SUMR2XBZNN,"0,15,30,45 * * * *",job-hunter-bot,[INFO] [Discovery] Queued 1 company domains for career probing,346e138aae29f6b381c1ebae50734856,cf-worker,9652c0eabd8fbe010167fd7787852081,cron,[INFO] [Discovery] Queued 1 company domains for career probing,undefined,undefined,undefined,[]
[WARN] [Greenhouse] Plaid failed: HTTP 404: Not Found,cloudflare-workers,2026-03-10T09:31:13.553Z,false,"0,15,30,45 * * * *",1773135043000,job-hunter-bot,ok,cron,a7fd90f8-dd89-49cd-a89f-9d1613cd7b9c,stateless,7SZUP2SUMR2XBZNN,01KKBHC48H2J6F472CZVQ0YTTX,7SZUP2SUMR2XBZNN,"0,15,30,45 * * * *",job-hunter-bot,[WARN] [Greenhouse] Plaid failed: HTTP 404: Not Found,346e138aae29f6b381c1ebae50734856,cf-worker,9652c0eabd8fbe010167fd7787852081,cron,[WARN] [Greenhouse] <*> failed: HTTP 404: Not Found,undefined,undefined,undefined,[]
[INFO] [Greenhouse] Brex: 241 jobs fetched,cloudflare-workers,2026-03-10T09:31:11.822Z,false,"0,15,30,45 * * * *",1773135043000,job-hunter-bot,ok,cron,a7fd90f8-dd89-49cd-a89f-9d1613cd7b9c,stateless,7SZUP2SUMR2XBZNN,01KKBHC2JE86BX78AGEHS78MGG,7SZUP2SUMR2XBZNN,"0,15,30,45 * * * *",job-hunter-bot,[INFO] [Greenhouse] Brex: 241 jobs fetched,346e138aae29f6b381c1ebae50734856,cf-worker,9652c0eabd8fbe010167fd7787852081,cron,[INFO] [Greenhouse] <*>: <*> jobs fetched,undefined,undefined,undefined,[]
[INFO] [Greenhouse] Grafana Labs: 163 jobs fetched,cloudflare-workers,2026-03-10T09:31:11.811Z,false,"0,15,30,45 * * * *",1773135043000,job-hunter-bot,ok,cron,a7fd90f8-dd89-49cd-a89f-9d1613cd7b9c,stateless,7SZUP2SUMR2XBZNN,01KKBHC2J36Q6GR7EG7FYGK151,7SZUP2SUMR2XBZNN,"0,15,30,45 * * * *",job-hunter-bot,[INFO] [Greenhouse] Grafana Labs: 163 jobs fetched,346e138aae29f6b381c1ebae50734856,cf-worker,9652c0eabd8fbe010167fd7787852081,cron,[INFO] [Greenhouse] Grafana Labs: 163 jobs fetched,undefined,undefined,undefined,[]
[INFO] [Connectors] Running greenhouse connector on 4 sources,cloudflare-workers,2026-03-10T09:31:11.484Z,false,"0,15,30,45 * * * *",1773135043000,job-hunter-bot,ok,cron,a7fd90f8-dd89-49cd-a89f-9d1613cd7b9c,stateless,7SZUP2SUMR2XBZNN,01KKBHC27WVBGYM7J6J5JBV72D,7SZUP2SUMR2XBZNN,"0,15,30,45 * * * *",job-hunter-bot,[INFO] [Connectors] Running greenhouse connector on 4 sources,346e138aae29f6b381c1ebae50734856,cf-worker,9652c0eabd8fbe010167fd7787852081,cron,[INFO] [Connectors] Running <*> connector on <*> sources,undefined,undefined,undefined,[]
[INFO] [Fetcher] Harvest complete. Inserted 0 new jobs (840 dupes filtered).,cloudflare-workers,2026-03-10T09:31:11.254Z,false,"0,15,30,45 * * * *",1773135043000,job-hunter-bot,ok,cron,a7fd90f8-dd89-49cd-a89f-9d1613cd7b9c,stateless,7SZUP2SUMR2XBZNN,01KKBHC20PM93PJK0T2TXCR6B1,7SZUP2SUMR2XBZNN,"0,15,30,45 * * * *",job-hunter-bot,[INFO] [Fetcher] Harvest complete. Inserted 0 new jobs (840 dupes filtered).,346e138aae29f6b381c1ebae50734856,cf-worker,9652c0eabd8fbe010167fd7787852081,cron,[INFO] [Fetcher] Harvest complete. Inserted <*> new jobs (<*> dupes filtered).,undefined,undefined,undefined,[]
[INFO] [Fetcher] Batch recorded 4 source yields,cloudflare-workers,2026-03-10T09:31:11.254Z,false,"0,15,30,45 * * * *",1773135043000,job-hunter-bot,ok,cron,a7fd90f8-dd89-49cd-a89f-9d1613cd7b9c,stateless,7SZUP2SUMR2XBZNN,01KKBHC20PM93PJK0T2TXCR6B0,7SZUP2SUMR2XBZNN,"0,15,30,45 * * * *",job-hunter-bot,[INFO] [Fetcher] Batch recorded 4 source yields,346e138aae29f6b381c1ebae50734856,cf-worker,9652c0eabd8fbe010167fd7787852081,cron,[INFO] [Fetcher] Batch recorded <*> source yields,undefined,undefined,undefined,[]
[WARN] [Circuit] Skipping https://boards-api.greenhouse.io/v1/boards/daboraio/jobs — circuit is OPEN,cloudflare-workers,2026-03-10T09:31:10.609Z,false,"0,15,30,45 * * * *",1773135043000,job-hunter-bot,ok,cron,a7fd90f8-dd89-49cd-a89f-9d1613cd7b9c,stateless,7SZUP2SUMR2XBZNN,01KKBHC1CHJ0ZZKNSRV6TTCY7A,7SZUP2SUMR2XBZNN,"0,15,30,45 * * * *",job-hunter-bot,[WARN] [Circuit] Skipping https://boards-api.greenhouse.io/v1/boards/daboraio/jobs — circuit is OPEN,346e138aae29f6b381c1ebae50734856,cf-worker,9652c0eabd8fbe010167fd7787852081,cron,[WARN] [Circuit] Skipping https://boards-api.greenhouse.io/v1/boards/<*>/jobs — circuit is OPEN,undefined,undefined,undefined,[]
[WARN] [Circuit] OPEN for https://boards-api.greenhouse.io/v1/boards/supabase/jobs after 250 consecutive failures. Cooldown: 268min,cloudflare-workers,2026-03-10T09:31:10.094Z,false,"0,15,30,45 * * * *",1773135043000,job-hunter-bot,ok,cron,a7fd90f8-dd89-49cd-a89f-9d1613cd7b9c,stateless,7SZUP2SUMR2XBZNN,01KKBHC0WEVKEH25PJ9HPRGTJ3,7SZUP2SUMR2XBZNN,"0,15,30,45 * * * *",job-hunter-bot,[WARN] [Circuit] OPEN for https://boards-api.greenhouse.io/v1/boards/supabase/jobs after 250 consecutive failures. Cooldown: 268min,346e138aae29f6b381c1ebae50734856,cf-worker,9652c0eabd8fbe010167fd7787852081,cron,[WARN] [Circuit] OPEN for https://boards-api.greenhouse.io/v1/boards/<*>/jobs after <*> consecutive failures. Cooldown: <*>,undefined,undefined,undefined,[]
[WARN] [Circuit] OPEN for https://boards-api.greenhouse.io/v1/boards/notion/jobs after 249 consecutive failures. Cooldown: 249min,cloudflare-workers,2026-03-10T09:31:10.068Z,false,"0,15,30,45 * * * *",1773135043000,job-hunter-bot,ok,cron,a7fd90f8-dd89-49cd-a89f-9d1613cd7b9c,stateless,7SZUP2SUMR2XBZNN,01KKBHC0VM1MB96K8D188K9AXM,7SZUP2SUMR2XBZNN,"0,15,30,45 * * * *",job-hunter-bot,[WARN] [Circuit] OPEN for https://boards-api.greenhouse.io/v1/boards/notion/jobs after 249 consecutive failures. Cooldown: 249min,346e138aae29f6b381c1ebae50734856,cf-worker,9652c0eabd8fbe010167fd7787852081,cron,[WARN] [Circuit] OPEN for https://boards-api.greenhouse.io/v1/boards/<*>/jobs after 249 consecutive failures. Cooldown: <*>,undefined,undefined,undefined,[]
[WARN] [Circuit] OPEN for https://boards-api.greenhouse.io/v1/boards/linear/jobs after 249 consecutive failures. Cooldown: 278min,cloudflare-workers,2026-03-10T09:31:10.058Z,false,"0,15,30,45 * * * *",1773135043000,job-hunter-bot,ok,cron,a7fd90f8-dd89-49cd-a89f-9d1613cd7b9c,stateless,7SZUP2SUMR2XBZNN,01KKBHC0VA2JSB03MAV2Q8SVGC,7SZUP2SUMR2XBZNN,"0,15,30,45 * * * *",job-hunter-bot,[WARN] [Circuit] OPEN for https://boards-api.greenhouse.io/v1/boards/linear/jobs after 249 consecutive failures. Cooldown: 278min,346e138aae29f6b381c1ebae50734856,cf-worker,9652c0eabd8fbe010167fd7787852081,cron,[WARN] [Circuit] OPEN for https://boards-api.greenhouse.io/v1/boards/linear/jobs after 249 consecutive failures. Cooldown: 278min,undefined,undefined,undefined,[]
[INFO] [Connectors] Harvest complete | Sources: 5 (greenhouse:5) | Jobs: 510 | Errors: 3,cloudflare-workers,2026-03-10T09:31:09.875Z,false,"0,15,30,45 * * * *",1773135043000,job-hunter-bot,ok,cron,a7fd90f8-dd89-49cd-a89f-9d1613cd7b9c,stateless,7SZUP2SUMR2XBZNN,01KKBHC0NK2E4A2K32C7CER158,7SZUP2SUMR2XBZNN,"0,15,30,45 * * * *",job-hunter-bot,[INFO] [Connectors] Harvest complete | Sources: 5 (greenhouse:5) | Jobs: 510 | Errors: 3,346e138aae29f6b381c1ebae50734856,cf-worker,9652c0eabd8fbe010167fd7787852081,cron,[INFO] [Connectors] Harvest complete | Sources: <*> (<*>) | Jobs: <*> | Errors: <*>,undefined,undefined,undefined,[]
[INFO] [Greenhouse] Datadog: 430 jobs fetched,cloudflare-workers,2026-03-10T09:31:09.875Z,false,"0,15,30,45 * * * *",1773135043000,job-hunter-bot,ok,cron,a7fd90f8-dd89-49cd-a89f-9d1613cd7b9c,stateless,7SZUP2SUMR2XBZNN,01KKBHC0NK2E4A2K32C7CER157,7SZUP2SUMR2XBZNN,"0,15,30,45 * * * *",job-hunter-bot,[INFO] [Greenhouse] Datadog: 430 jobs fetched,346e138aae29f6b381c1ebae50734856,cf-worker,9652c0eabd8fbe010167fd7787852081,cron,[INFO] [Greenhouse] <*>: <*> jobs fetched,undefined,undefined,undefined,[]
[WARN] [Greenhouse] Notion failed: HTTP 404: Not Found,cloudflare-workers,2026-03-10T09:31:09.767Z,false,"0,15,30,45 * * * *",1773135043000,job-hunter-bot,ok,cron,a7fd90f8-dd89-49cd-a89f-9d1613cd7b9c,stateless,7SZUP2SUMR2XBZNN,01KKBHC0J7CJT8MXC326SZSRT4,7SZUP2SUMR2XBZNN,"0,15,30,45 * * * *",job-hunter-bot,[WARN] [Greenhouse] Notion failed: HTTP 404: Not Found,346e138aae29f6b381c1ebae50734856,cf-worker,9652c0eabd8fbe010167fd7787852081,cron,[WARN] [Greenhouse] <*> failed: HTTP 404: Not Found,undefined,undefined,undefined,[]
[INFO] [Greenhouse] Vercel: 80 jobs fetched,cloudflare-workers,2026-03-10T09:31:07.781Z,false,"0,15,30,45 * * * *",1773135043000,job-hunter-bot,ok,cron,a7fd90f8-dd89-49cd-a89f-9d1613cd7b9c,stateless,7SZUP2SUMR2XBZNN,01KKBHBYM5R4DMNVB0Y7S4F8VH,7SZUP2SUMR2XBZNN,"0,15,30,45 * * * *",job-hunter-bot,[INFO] [Greenhouse] Vercel: 80 jobs fetched,346e138aae29f6b381c1ebae50734856,cf-worker,9652c0eabd8fbe010167fd7787852081,cron,[INFO] [Greenhouse] <*>: <*> jobs fetched,undefined,undefined,undefined,[]
[WARN] [Greenhouse] Supabase failed: HTTP 404: Not Found,cloudflare-workers,2026-03-10T09:31:07.769Z,false,"0,15,30,45 * * * *",1773135043000,job-hunter-bot,ok,cron,a7fd90f8-dd89-49cd-a89f-9d1613cd7b9c,stateless,7SZUP2SUMR2XBZNN,01KKBHBYKSVSKRR1YM4E1WWPHA,7SZUP2SUMR2XBZNN,"0,15,30,45 * * * *",job-hunter-bot,[WARN] [Greenhouse] Supabase failed: HTTP 404: Not Found,346e138aae29f6b381c1ebae50734856,cf-worker,9652c0eabd8fbe010167fd7787852081,cron,[WARN] [Greenhouse] <*> failed: HTTP 404: Not Found,undefined,undefined,undefined,[]
[WARN] [Greenhouse] Linear failed: HTTP 404: Not Found,cloudflare-workers,2026-03-10T09:31:07.759Z,false,"0,15,30,45 * * * *",1773135043000,job-hunter-bot,ok,cron,a7fd90f8-dd89-49cd-a89f-9d1613cd7b9c,stateless,7SZUP2SUMR2XBZNN,01KKBHBYKFSB4F63TN83PQHND0,7SZUP2SUMR2XBZNN,"0,15,30,45 * * * *",job-hunter-bot,[WARN] [Greenhouse] Linear failed: HTTP 404: Not Found,346e138aae29f6b381c1ebae50734856,cf-worker,9652c0eabd8fbe010167fd7787852081,cron,[WARN] [Greenhouse] <*> failed: HTTP 404: Not Found,undefined,undefined,undefined,[]
[INFO] [Connectors] Running greenhouse connector on 5 sources,cloudflare-workers,2026-03-10T09:31:07.134Z,false,"0,15,30,45 * * * *",1773135043000,job-hunter-bot,ok,cron,a7fd90f8-dd89-49cd-a89f-9d1613cd7b9c,stateless,7SZUP2SUMR2XBZNN,01KKBHBXZYYSP8SNJ78X60C2RM,7SZUP2SUMR2XBZNN,"0,15,30,45 * * * *",job-hunter-bot,[INFO] [Connectors] Running greenhouse connector on 5 sources,346e138aae29f6b381c1ebae50734856,cf-worker,9652c0eabd8fbe010167fd7787852081,cron,[INFO] [Connectors] Running <*> connector on <*> sources,undefined,undefined,undefined,[]
[INFO] [Connectors] Harvest complete | Sources: 4 (greenhouse:4) | Jobs: 840 | Errors: 0,cloudflare-workers,2026-03-10T09:31:05.769Z,false,"0,15,30,45 * * * *",1773135043000,job-hunter-bot,ok,cron,a7fd90f8-dd89-49cd-a89f-9d1613cd7b9c,stateless,7SZUP2SUMR2XBZNN,01KKBHBWN9VAEM6CXRFHKJHFVA,7SZUP2SUMR2XBZNN,"0,15,30,45 * * * *",job-hunter-bot,[INFO] [Connectors] Harvest complete | Sources: 4 (greenhouse:4) | Jobs: 840 | Errors: 0,346e138aae29f6b381c1ebae50734856,cf-worker,9652c0eabd8fbe010167fd7787852081,cron,[INFO] [Connectors] Harvest complete | Sources: <*> (<*>) | Jobs: <*> | Errors: 0,undefined,undefined,undefined,[]
[INFO] [Greenhouse] Netlify: 2 jobs fetched,cloudflare-workers,2026-03-10T09:31:05.769Z,false,"0,15,30,45 * * * *",1773135043000,job-hunter-bot,ok,cron,a7fd90f8-dd89-49cd-a89f-9d1613cd7b9c,stateless,7SZUP2SUMR2XBZNN,01KKBHBWN9VAEM6CXRFHKJHFV9,7SZUP2SUMR2XBZNN,"0,15,30,45 * * * *",job-hunter-bot,[INFO] [Greenhouse] Netlify: 2 jobs fetched,346e138aae29f6b381c1ebae50734856,cf-worker,9652c0eabd8fbe010167fd7787852081,cron,[INFO] [Greenhouse] <*>: <*> jobs fetched,undefined,undefined,undefined,[]
[INFO] [Fetcher] Harvest complete. Inserted 4 new jobs (0 dupes filtered).,cloudflare-workers,2026-03-10T09:31:05.369Z,false,"0,15,30,45 * * * *",1773135043000,job-hunter-bot,ok,cron,a7fd90f8-dd89-49cd-a89f-9d1613cd7b9c,stateless,7SZUP2SUMR2XBZNN,01KKBHBW8SMK8Y4SVFW1NRGJ12,7SZUP2SUMR2XBZNN,"0,15,30,45 * * * *",job-hunter-bot,[INFO] [Fetcher] Harvest complete. Inserted 4 new jobs (0 dupes filtered).,346e138aae29f6b381c1ebae50734856,cf-worker,9652c0eabd8fbe010167fd7787852081,cron,[INFO] [Fetcher] Harvest complete. Inserted <*> new jobs (<*> dupes filtered).,undefined,undefined,undefined,[]
[INFO] [Fetcher] Batch recorded 5 source yields,cloudflare-workers,2026-03-10T09:31:05.369Z,false,"0,15,30,45 * * * *",1773135043000,job-hunter-bot,ok,cron,a7fd90f8-dd89-49cd-a89f-9d1613cd7b9c,stateless,7SZUP2SUMR2XBZNN,01KKBHBW8SMK8Y4SVFW1NRGJ11,7SZUP2SUMR2XBZNN,"0,15,30,45 * * * *",job-hunter-bot,[INFO] [Fetcher] Batch recorded 5 source yields,346e138aae29f6b381c1ebae50734856,cf-worker,9652c0eabd8fbe010167fd7787852081,cron,[INFO] [Fetcher] Batch recorded <*> source yields,undefined,undefined,undefined,[]
[INFO] [Fetcher] Direct evaluation completed for 4 jobs,cloudflare-workers,2026-03-10T09:31:05.150Z,false,"0,15,30,45 * * * *",1773135043000,job-hunter-bot,ok,cron,a7fd90f8-dd89-49cd-a89f-9d1613cd7b9c,stateless,7SZUP2SUMR2XBZNN,01KKBHBW1YK1NXE47CNWZNW48F,7SZUP2SUMR2XBZNN,"0,15,30,45 * * * *",job-hunter-bot,[INFO] [Fetcher] Direct evaluation completed for 4 jobs,346e138aae29f6b381c1ebae50734856,cf-worker,9652c0eabd8fbe010167fd7787852081,cron,[INFO] [Fetcher] Direct evaluation completed for <*> jobs,undefined,undefined,undefined,[]
[INFO] [Threshold] Too few matches (0) → lowering to 30,cloudflare-workers,2026-03-10T09:31:05.150Z,false,"0,15,30,45 * * * *",1773135043000,job-hunter-bot,ok,cron,a7fd90f8-dd89-49cd-a89f-9d1613cd7b9c,stateless,7SZUP2SUMR2XBZNN,01KKBHBW1YK1NXE47CNWZNW48E,7SZUP2SUMR2XBZNN,"0,15,30,45 * * * *",job-hunter-bot,[INFO] [Threshold] Too few matches (0) → lowering to 30,346e138aae29f6b381c1ebae50734856,cf-worker,9652c0eabd8fbe010167fd7787852081,cron,[INFO] [Threshold] Too few matches (0) → lowering to 30,undefined,undefined,undefined,[]
[INFO] [Greenhouse] Cloudflare: 585 jobs fetched,cloudflare-workers,2026-03-10T09:31:04.069Z,false,"0,15,30,45 * * * *",1773135043000,job-hunter-bot,ok,cron,a7fd90f8-dd89-49cd-a89f-9d1613cd7b9c,stateless,7SZUP2SUMR2XBZNN,01KKBHBV05CC09G0J2MPP0TNW2,7SZUP2SUMR2XBZNN,"0,15,30,45 * * * *",job-hunter-bot,[INFO] [Greenhouse] Cloudflare: 585 jobs fetched,346e138aae29f6b381c1ebae50734856,cf-worker,9652c0eabd8fbe010167fd7787852081,cron,[INFO] [Greenhouse] <*>: <*> jobs fetched,undefined,undefined,undefined,[]
[INFO] [Greenhouse] Discord: 82 jobs fetched,cloudflare-workers,2026-03-10T09:31:03.978Z,false,"0,15,30,45 * * * *",1773135043000,job-hunter-bot,ok,cron,a7fd90f8-dd89-49cd-a89f-9d1613cd7b9c,stateless,7SZUP2SUMR2XBZNN,01KKBHBTXAYZEWP7AWSCGR2GPE,7SZUP2SUMR2XBZNN,"0,15,30,45 * * * *",job-hunter-bot,[INFO] [Greenhouse] Discord: 82 jobs fetched,346e138aae29f6b381c1ebae50734856,cf-worker,9652c0eabd8fbe010167fd7787852081,cron,[INFO] [Greenhouse] <*>: <*> jobs fetched,undefined,undefined,undefined,[]
[INFO] [Greenhouse] Figma: 171 jobs fetched,cloudflare-workers,2026-03-10T09:31:03.914Z,false,"0,15,30,45 * * * *",1773135043000,job-hunter-bot,ok,cron,a7fd90f8-dd89-49cd-a89f-9d1613cd7b9c,stateless,7SZUP2SUMR2XBZNN,01KKBHBTVAK2D4KXXW5Y29M4N1,7SZUP2SUMR2XBZNN,"0,15,30,45 * * * *",job-hunter-bot,[INFO] [Greenhouse] Figma: 171 jobs fetched,346e138aae29f6b381c1ebae50734856,cf-worker,9652c0eabd8fbe010167fd7787852081,cron,[INFO] [Greenhouse] <*>: <*> jobs fetched,undefined,undefined,undefined,[]
[INFO] [Connectors] Running greenhouse connector on 4 sources,cloudflare-workers,2026-03-10T09:31:03.594Z,false,"0,15,30,45 * * * *",1773135043000,job-hunter-bot,ok,cron,a7fd90f8-dd89-49cd-a89f-9d1613cd7b9c,stateless,7SZUP2SUMR2XBZNN,01KKBHBTMQVW11D5KDJMVBGRBW,7SZUP2SUMR2XBZNN,"0,15,30,45 * * * *",job-hunter-bot,[INFO] [Connectors] Running greenhouse connector on 4 sources,346e138aae29f6b381c1ebae50734856,cf-worker,9652c0eabd8fbe010167fd7787852081,cron,[INFO] [Connectors] Running <*> connector on <*> sources,undefined,undefined,undefined,[]
[INFO] [Fetcher] Harvest complete. Inserted 0 new jobs (0 dupes filtered).,cloudflare-workers,2026-03-10T09:31:02.985Z,false,"0,15,30,45 * * * *",1773135043000,job-hunter-bot,ok,cron,a7fd90f8-dd89-49cd-a89f-9d1613cd7b9c,stateless,7SZUP2SUMR2XBZNN,01KKBHBTMQVW11D5KDJMVBGRBV,7SZUP2SUMR2XBZNN,"0,15,30,45 * * * *",job-hunter-bot,[INFO] [Fetcher] Harvest complete. Inserted 0 new jobs (0 dupes filtered).,346e138aae29f6b381c1ebae50734856,cf-worker,9652c0eabd8fbe010167fd7787852081,cron,[INFO] [Fetcher] Harvest complete. Inserted <*> new jobs (<*> dupes filtered).,undefined,undefined,undefined,[]
[INFO] [Fetcher] Batch recorded 5 source yields,cloudflare-workers,2026-03-10T09:31:02.985Z,false,"0,15,30,45 * * * *",1773135043000,job-hunter-bot,ok,cron,a7fd90f8-dd89-49cd-a89f-9d1613cd7b9c,stateless,7SZUP2SUMR2XBZNN,01KKBHBTMQVW11D5KDJMVBGRBT,7SZUP2SUMR2XBZNN,"0,15,30,45 * * * *",job-hunter-bot,[INFO] [Fetcher] Batch recorded 5 source yields,346e138aae29f6b381c1ebae50734856,cf-worker,9652c0eabd8fbe010167fd7787852081,cron,[INFO] [Fetcher] Batch recorded <*> source yields,undefined,undefined,undefined,[]
[WARN] [Circuit] Skipping https://boards-api.greenhouse.io/v1/boards/hashicorp/jobs — circuit is OPEN,cloudflare-workers,2026-03-10T09:31:02.791Z,false,"0,15,30,45 * * * *",1773135043000,job-hunter-bot,ok,cron,a7fd90f8-dd89-49cd-a89f-9d1613cd7b9c,stateless,7SZUP2SUMR2XBZNN,01KKBHBTMQVW11D5KDJMVBGRBS,7SZUP2SUMR2XBZNN,"0,15,30,45 * * * *",job-hunter-bot,[WARN] [Circuit] Skipping https://boards-api.greenhouse.io/v1/boards/hashicorp/jobs — circuit is OPEN,346e138aae29f6b381c1ebae50734856,cf-worker,9652c0eabd8fbe010167fd7787852081,cron,[WARN] [Circuit] Skipping https://boards-api.greenhouse.io/v1/boards/hashicorp/jobs — circuit is OPEN,undefined,undefined,undefined,[]
[INFO] [Fetcher] Harvest complete. Inserted 19 new jobs (56 dupes filtered).,cloudflare-workers,2026-03-10T09:31:02.635Z,false,"0,15,30,45 * * * *",1773135043000,job-hunter-bot,ok,cron,a7fd90f8-dd89-49cd-a89f-9d1613cd7b9c,stateless,7SZUP2SUMR2XBZNN,01KKBHBTMQVW11D5KDJMVBGRBR,7SZUP2SUMR2XBZNN,"0,15,30,45 * * * *",job-hunter-bot,[INFO] [Fetcher] Harvest complete. Inserted 19 new jobs (56 dupes filtered).,346e138aae29f6b381c1ebae50734856,cf-worker,9652c0eabd8fbe010167fd7787852081,cron,[INFO] [Fetcher] Harvest complete. Inserted <*> new jobs (<*> dupes filtered).,undefined,undefined,undefined,[]
[INFO] [Fetcher] Batch recorded 5 source yields,cloudflare-workers,2026-03-10T09:31:02.635Z,false,"0,15,30,45 * * * *",1773135043000,job-hunter-bot,ok,cron,a7fd90f8-dd89-49cd-a89f-9d1613cd7b9c,stateless,7SZUP2SUMR2XBZNN,01KKBHBTMQVW11D5KDJMVBGRBQ,7SZUP2SUMR2XBZNN,"0,15,30,45 * * * *",job-hunter-bot,[INFO] [Fetcher] Batch recorded 5 source yields,346e138aae29f6b381c1ebae50734856,cf-worker,9652c0eabd8fbe010167fd7787852081,cron,[INFO] [Fetcher] Batch recorded <*> source yields,undefined,undefined,undefined,[]
[INFO] [Fetcher] Direct evaluation completed for 19 jobs,cloudflare-workers,2026-03-10T09:31:02.412Z,false,"0,15,30,45 * * * *",1773135043000,job-hunter-bot,ok,cron,a7fd90f8-dd89-49cd-a89f-9d1613cd7b9c,stateless,7SZUP2SUMR2XBZNN,01KKBHBTMQVW11D5KDJMVBGRBP,7SZUP2SUMR2XBZNN,"0,15,30,45 * * * *",job-hunter-bot,[INFO] [Fetcher] Direct evaluation completed for 19 jobs,346e138aae29f6b381c1ebae50734856,cf-worker,9652c0eabd8fbe010167fd7787852081,cron,[INFO] [Fetcher] Direct evaluation completed for <*> jobs,undefined,undefined,undefined,[]
[INFO] [Threshold] Too few matches (0) → lowering to 30,cloudflare-workers,2026-03-10T09:31:02.412Z,false,"0,15,30,45 * * * *",1773135043000,job-hunter-bot,ok,cron,a7fd90f8-dd89-49cd-a89f-9d1613cd7b9c,stateless,7SZUP2SUMR2XBZNN,01KKBHBTMQVW11D5KDJMVBGRBN,7SZUP2SUMR2XBZNN,"0,15,30,45 * * * *",job-hunter-bot,[INFO] [Threshold] Too few matches (0) → lowering to 30,346e138aae29f6b381c1ebae50734856,cf-worker,9652c0eabd8fbe010167fd7787852081,cron,[INFO] [Threshold] Too few matches (0) → lowering to 30,undefined,undefined,undefined,[]
[INFO] [Connectors] Harvest complete | Sources: 5 (rss:5) | Jobs: 0 | Errors: 0,cloudflare-workers,2026-03-10T09:31:02.200Z,false,"0,15,30,45 * * * *",1773135043000,job-hunter-bot,ok,cron,a7fd90f8-dd89-49cd-a89f-9d1613cd7b9c,stateless,7SZUP2SUMR2XBZNN,01KKBHBTMQVW11D5KDJMVBGRBM,7SZUP2SUMR2XBZNN,"0,15,30,45 * * * *",job-hunter-bot,[INFO] [Connectors] Harvest complete | Sources: 5 (rss:5) | Jobs: 0 | Errors: 0,346e138aae29f6b381c1ebae50734856,cf-worker,9652c0eabd8fbe010167fd7787852081,cron,[INFO] [Connectors] Harvest complete | Sources: 5 (rss:5) | Jobs: <*> | Errors: 0,undefined,undefined,undefined,[]
[INFO] [RSS] Cursor filtered 10 seen items from remoteworkhub — 0 new,cloudflare-workers,2026-03-10T09:31:02.200Z,false,"0,15,30,45 * * * *",1773135043000,job-hunter-bot,ok,cron,a7fd90f8-dd89-49cd-a89f-9d1613cd7b9c,stateless,7SZUP2SUMR2XBZNN,01KKBHBTMQVW11D5KDJMVBGRBK,7SZUP2SUMR2XBZNN,"0,15,30,45 * * * *",job-hunter-bot,[INFO] [RSS] Cursor filtered 10 seen items from remoteworkhub — 0 new,346e138aae29f6b381c1ebae50734856,cf-worker,9652c0eabd8fbe010167fd7787852081,cron,[INFO] [RSS] Cursor filtered <*> seen items from <*> — <*> new,undefined,undefined,undefined,[]
[INFO] [RSS] Cursor filtered 19 seen items from landing — 0 new,cloudflare-workers,2026-03-10T09:31:02.181Z,false,"0,15,30,45 * * * *",1773135043000,job-hunter-bot,ok,cron,a7fd90f8-dd89-49cd-a89f-9d1613cd7b9c,stateless,7SZUP2SUMR2XBZNN,01KKBHBTMQVW11D5KDJMVBGRBJ,7SZUP2SUMR2XBZNN,"0,15,30,45 * * * *",job-hunter-bot,[INFO] [RSS] Cursor filtered 19 seen items from landing — 0 new,346e138aae29f6b381c1ebae50734856,cf-worker,9652c0eabd8fbe010167fd7787852081,cron,[INFO] [RSS] Cursor filtered <*> seen items from <*> — <*> new,undefined,undefined,undefined,[]
"[WARN] [Retry] Attempt 3/4 failed (Queue sendBatch failed: Too Many Requests), retrying in 2094ms...",cloudflare-workers,2026-03-10T09:31:02.119Z,false,"0,15,30,45 * * * *",1773135043000,job-hunter-bot,ok,cron,a7fd90f8-dd89-49cd-a89f-9d1613cd7b9c,stateless,7SZUP2SUMR2XBZNN,01KKBHBTMQVW11D5KDJMVBGRBH,7SZUP2SUMR2XBZNN,"0,15,30,45 * * * *",job-hunter-bot,"[WARN] [Retry] Attempt 3/4 failed (Queue sendBatch failed: Too Many Requests), retrying in 2094ms...",346e138aae29f6b381c1ebae50734856,cf-worker,9652c0eabd8fbe010167fd7787852081,cron,"[WARN] [Retry] Attempt <*>/4 failed (Queue sendBatch failed: Too Many Requests), retrying in <*>...",undefined,undefined,undefined,[]
[INFO] [RSS] Cursor filtered 20 seen items from jobspresso — 0 new,cloudflare-workers,2026-03-10T09:31:02.039Z,false,"0,15,30,45 * * * *",1773135043000,job-hunter-bot,ok,cron,a7fd90f8-dd89-49cd-a89f-9d1613cd7b9c,stateless,7SZUP2SUMR2XBZNN,01KKBHBTMQVW11D5KDJMVBGRBG,7SZUP2SUMR2XBZNN,"0,15,30,45 * * * *",job-hunter-bot,[INFO] [RSS] Cursor filtered 20 seen items from jobspresso — 0 new,346e138aae29f6b381c1ebae50734856,cf-worker,9652c0eabd8fbe010167fd7787852081,cron,[INFO] [RSS] Cursor filtered <*> seen items from <*> — <*> new,undefined,undefined,undefined,[]
[INFO] [RSS] Cursor filtered 100 seen items from cryptojobslist — 0 new,cloudflare-workers,2026-03-10T09:31:01.567Z,false,"0,15,30,45 * * * *",1773135043000,job-hunter-bot,ok,cron,a7fd90f8-dd89-49cd-a89f-9d1613cd7b9c,stateless,7SZUP2SUMR2XBZNN,01KKBHBTMQVW11D5KDJMVBGRBE,7SZUP2SUMR2XBZNN,"0,15,30,45 * * * *",job-hunter-bot,[INFO] [RSS] Cursor filtered 100 seen items from cryptojobslist — 0 new,346e138aae29f6b381c1ebae50734856,cf-worker,9652c0eabd8fbe010167fd7787852081,cron,[INFO] [RSS] Cursor filtered <*> seen items from <*> — <*> new,undefined,undefined,undefined,[]
[INFO] [RSS] Cursor filtered 75 seen items from cryptocurrencyjobs — 0 new,cloudflare-workers,2026-03-10T09:31:01.462Z,false,"0,15,30,45 * * * *",1773135043000,job-hunter-bot,ok,cron,a7fd90f8-dd89-49cd-a89f-9d1613cd7b9c,stateless,7SZUP2SUMR2XBZNN,01KKBHBTMQVW11D5KDJMVBGRBD,7SZUP2SUMR2XBZNN,"0,15,30,45 * * * *",job-hunter-bot,[INFO] [RSS] Cursor filtered 75 seen items from cryptocurrencyjobs — 0 new,346e138aae29f6b381c1ebae50734856,cf-worker,9652c0eabd8fbe010167fd7787852081,cron,[INFO] [RSS] Cursor filtered <*> seen items from <*> — <*> new,undefined,undefined,undefined,[]
[INFO] [Connectors] Running rss connector on 5 sources,cloudflare-workers,2026-03-10T09:31:01.376Z,false,"0,15,30,45 * * * *",1773135043000,job-hunter-bot,ok,cron,a7fd90f8-dd89-49cd-a89f-9d1613cd7b9c,stateless,7SZUP2SUMR2XBZNN,01KKBHBTMQVW11D5KDJMVBGRBC,7SZUP2SUMR2XBZNN,"0,15,30,45 * * * *",job-hunter-bot,[INFO] [Connectors] Running rss connector on 5 sources,346e138aae29f6b381c1ebae50734856,cf-worker,9652c0eabd8fbe010167fd7787852081,cron,[INFO] [Connectors] Running <*> connector on <*> sources,undefined,undefined,undefined,[]
"[WARN] [Retry] Attempt 2/4 failed (Queue sendBatch failed: Too Many Requests), retrying in 1001ms...",cloudflare-workers,2026-03-10T09:31:01.109Z,false,"0,15,30,45 * * * *",1773135043000,job-hunter-bot,ok,cron,a7fd90f8-dd89-49cd-a89f-9d1613cd7b9c,stateless,7SZUP2SUMR2XBZNN,01KKBHBTMQVW11D5KDJMVBGRBB,7SZUP2SUMR2XBZNN,"0,15,30,45 * * * *",job-hunter-bot,"[WARN] [Retry] Attempt 2/4 failed (Queue sendBatch failed: Too Many Requests), retrying in 1001ms...",346e138aae29f6b381c1ebae50734856,cf-worker,9652c0eabd8fbe010167fd7787852081,cron,"[WARN] [Retry] Attempt <*>/4 failed (Queue sendBatch failed: Too Many Requests), retrying in <*>...",undefined,undefined,undefined,[]
"[WARN] [Retry] Attempt 1/4 failed (Queue sendBatch failed: Too Many Requests), retrying in 547ms...",cloudflare-workers,2026-03-10T09:31:00.550Z,false,"0,15,30,45 * * * *",1773135043000,job-hunter-bot,ok,cron,a7fd90f8-dd89-49cd-a89f-9d1613cd7b9c,stateless,7SZUP2SUMR2XBZNN,01KKBHBTMQVW11D5KDJMVBGRBA,7SZUP2SUMR2XBZNN,"0,15,30,45 * * * *",job-hunter-bot,"[WARN] [Retry] Attempt 1/4 failed (Queue sendBatch failed: Too Many Requests), retrying in 547ms...",346e138aae29f6b381c1ebae50734856,cf-worker,9652c0eabd8fbe010167fd7787852081,cron,"[WARN] [Retry] Attempt <*>/4 failed (Queue sendBatch failed: Too Many Requests), retrying in <*>...",undefined,undefined,undefined,[]
[INFO] [D1] Batch inserted 4 new jobs (0 dupes) in 1 batches,cloudflare-workers,2026-03-10T09:31:00.539Z,false,"0,15,30,45 * * * *",1773135043000,job-hunter-bot,ok,cron,a7fd90f8-dd89-49cd-a89f-9d1613cd7b9c,stateless,7SZUP2SUMR2XBZNN,01KKBHBTMQVW11D5KDJMVBGRB9,7SZUP2SUMR2XBZNN,"0,15,30,45 * * * *",job-hunter-bot,[INFO] [D1] Batch inserted 4 new jobs (0 dupes) in 1 batches,346e138aae29f6b381c1ebae50734856,cf-worker,9652c0eabd8fbe010167fd7787852081,cron,[INFO] [D1] Batch inserted <*> new jobs (<*> dupes) in <*> batches,undefined,undefined,undefined,[]
[INFO] [Connectors] Harvest complete | Sources: 5 (rss:5) | Jobs: 4 | Errors: 0,cloudflare-workers,2026-03-10T09:30:59.862Z,false,"0,15,30,45 * * * *",1773135043000,job-hunter-bot,ok,cron,a7fd90f8-dd89-49cd-a89f-9d1613cd7b9c,stateless,7SZUP2SUMR2XBZNN,01KKBHBTMQVW11D5KDJMVBGRB8,7SZUP2SUMR2XBZNN,"0,15,30,45 * * * *",job-hunter-bot,[INFO] [Connectors] Harvest complete | Sources: 5 (rss:5) | Jobs: 4 | Errors: 0,346e138aae29f6b381c1ebae50734856,cf-worker,9652c0eabd8fbe010167fd7787852081,cron,[INFO] [Connectors] Harvest complete | Sources: 5 (rss:5) | Jobs: <*> | Errors: 0,undefined,undefined,undefined,[]
[INFO] [RSS] Cursor filtered 36 seen items from hasjob — 1 new,cloudflare-workers,2026-03-10T09:30:59.662Z,false,"0,15,30,45 * * * *",1773135043000,job-hunter-bot,ok,cron,a7fd90f8-dd89-49cd-a89f-9d1613cd7b9c,stateless,7SZUP2SUMR2XBZNN,01KKBHBTMQVW11D5KDJMVBGRB7,7SZUP2SUMR2XBZNN,"0,15,30,45 * * * *",job-hunter-bot,[INFO] [RSS] Cursor filtered 36 seen items from hasjob — 1 new,346e138aae29f6b381c1ebae50734856,cf-worker,9652c0eabd8fbe010167fd7787852081,cron,[INFO] [RSS] Cursor filtered <*> seen items from <*> — <*> new,undefined,undefined,undefined,[]
"[WARN] [Retry] Attempt 3/4 failed (Queue sendBatch failed: Too Many Requests), retrying in 2010ms...",cloudflare-workers,2026-03-10T09:30:59.571Z,false,"0,15,30,45 * * * *",1773135043000,job-hunter-bot,ok,cron,a7fd90f8-dd89-49cd-a89f-9d1613cd7b9c,stateless,7SZUP2SUMR2XBZNN,01KKBHBTMQVW11D5KDJMVBGRB6,7SZUP2SUMR2XBZNN,"0,15,30,45 * * * *",job-hunter-bot,"[WARN] [Retry] Attempt 3/4 failed (Queue sendBatch failed: Too Many Requests), retrying in 2010ms...",346e138aae29f6b381c1ebae50734856,cf-worker,9652c0eabd8fbe010167fd7787852081,cron,"[WARN] [Retry] Attempt <*>/4 failed (Queue sendBatch failed: Too Many Requests), retrying in <*>...",undefined,undefined,undefined,[]
[INFO] [RSS] Cursor filtered 10 seen items from fossjobs — 0 new,cloudflare-workers,2026-03-10T09:30:59.543Z,false,"0,15,30,45 * * * *",1773135043000,job-hunter-bot,ok,cron,a7fd90f8-dd89-49cd-a89f-9d1613cd7b9c,stateless,7SZUP2SUMR2XBZNN,01KKBHBTMQVW11D5KDJMVBGRB5,7SZUP2SUMR2XBZNN,"0,15,30,45 * * * *",job-hunter-bot,[INFO] [RSS] Cursor filtered 10 seen items from fossjobs — 0 new,346e138aae29f6b381c1ebae50734856,cf-worker,9652c0eabd8fbe010167fd7787852081,cron,[INFO] [RSS] Cursor filtered <*> seen items from <*> — <*> new,undefined,undefined,undefined,[]
[INFO] [RSS] Cursor filtered 99 seen items from dribbble — 0 new,cloudflare-workers,2026-03-10T09:30:59.158Z,false,"0,15,30,45 * * * *",1773135043000,job-hunter-bot,ok,cron,a7fd90f8-dd89-49cd-a89f-9d1613cd7b9c,stateless,7SZUP2SUMR2XBZNN,01KKBHBTMQVW11D5KDJMVBGRB4,7SZUP2SUMR2XBZNN,"0,15,30,45 * * * *",job-hunter-bot,[INFO] [RSS] Cursor filtered 99 seen items from dribbble — 0 new,346e138aae29f6b381c1ebae50734856,cf-worker,9652c0eabd8fbe010167fd7787852081,cron,[INFO] [RSS] Cursor filtered <*> seen items from <*> — <*> new,undefined,undefined,undefined,[]
[INFO] [RSS] Cursor filtered 96 seen items from remoteok — 3 new,cloudflare-workers,2026-03-10T09:30:59.015Z,false,"0,15,30,45 * * * *",1773135043000,job-hunter-bot,ok,cron,a7fd90f8-dd89-49cd-a89f-9d1613cd7b9c,stateless,7SZUP2SUMR2XBZNN,01KKBHBTMQVW11D5KDJMVBGRB3,7SZUP2SUMR2XBZNN,"0,15,30,45 * * * *",job-hunter-bot,[INFO] [RSS] Cursor filtered 96 seen items from remoteok — 3 new,346e138aae29f6b381c1ebae50734856,cf-worker,9652c0eabd8fbe010167fd7787852081,cron,[INFO] [RSS] Cursor filtered <*> seen items from <*> — <*> new,undefined,undefined,undefined,[]
[INFO] [RSS] Cursor filtered 26 seen items from app — 0 new,cloudflare-workers,2026-03-10T09:30:58.832Z,false,"0,15,30,45 * * * *",1773135043000,job-hunter-bot,ok,cron,a7fd90f8-dd89-49cd-a89f-9d1613cd7b9c,stateless,7SZUP2SUMR2XBZNN,01KKBHBTMQVW11D5KDJMVBGRB2,7SZUP2SUMR2XBZNN,"0,15,30,45 * * * *",job-hunter-bot,[INFO] [RSS] Cursor filtered 26 seen items from app — 0 new,346e138aae29f6b381c1ebae50734856,cf-worker,9652c0eabd8fbe010167fd7787852081,cron,[INFO] [RSS] Cursor filtered <*> seen items from <*> — <*> new,undefined,undefined,undefined,[]
"[WARN] [Retry] Attempt 2/4 failed (Queue sendBatch failed: Too Many Requests), retrying in 1011ms...",cloudflare-workers,2026-03-10T09:30:58.550Z,false,"0,15,30,45 * * * *",1773135043000,job-hunter-bot,ok,cron,a7fd90f8-dd89-49cd-a89f-9d1613cd7b9c,stateless,7SZUP2SUMR2XBZNN,01KKBHBTMQVW11D5KDJMVBGRB1,7SZUP2SUMR2XBZNN,"0,15,30,45 * * * *",job-hunter-bot,"[WARN] [Retry] Attempt 2/4 failed (Queue sendBatch failed: Too Many Requests), retrying in 1011ms...",346e138aae29f6b381c1ebae50734856,cf-worker,9652c0eabd8fbe010167fd7787852081,cron,"[WARN] [Retry] Attempt <*>/4 failed (Queue sendBatch failed: Too Many Requests), retrying in <*>...",undefined,undefined,undefined,[]
[INFO] [Connectors] Running rss connector on 5 sources,cloudflare-workers,2026-03-10T09:30:58.472Z,false,"0,15,30,45 * * * *",1773135043000,job-hunter-bot,ok,cron,a7fd90f8-dd89-49cd-a89f-9d1613cd7b9c,stateless,7SZUP2SUMR2XBZNN,01KKBHBTMQVW11D5KDJMVBGRB0,7SZUP2SUMR2XBZNN,"0,15,30,45 * * * *",job-hunter-bot,[INFO] [Connectors] Running rss connector on 5 sources,346e138aae29f6b381c1ebae50734856,cf-worker,9652c0eabd8fbe010167fd7787852081,cron,[INFO] [Connectors] Running <*> connector on <*> sources,undefined,undefined,undefined,[]
[INFO] [Fetcher] Harvest complete. Inserted 74 new jobs (0 dupes filtered).,cloudflare-workers,2026-03-10T09:30:58.081Z,false,"0,15,30,45 * * * *",1773135043000,job-hunter-bot,ok,cron,a7fd90f8-dd89-49cd-a89f-9d1613cd7b9c,stateless,7SZUP2SUMR2XBZNN,01KKBHBTMQVW11D5KDJMVBGRAZ,7SZUP2SUMR2XBZNN,"0,15,30,45 * * * *",job-hunter-bot,[INFO] [Fetcher] Harvest complete. Inserted 74 new jobs (0 dupes filtered).,346e138aae29f6b381c1ebae50734856,cf-worker,9652c0eabd8fbe010167fd7787852081,cron,[INFO] [Fetcher] Harvest complete. Inserted <*> new jobs (<*> dupes filtered).,undefined,undefined,undefined,[]
"[WARN] [Retry] Attempt 1/4 failed (Queue sendBatch failed: Too Many Requests), retrying in 548ms...",cloudflare-workers,2026-03-10T09:30:57.992Z,false,"0,15,30,45 * * * *",1773135043000,job-hunter-bot,ok,cron,a7fd90f8-dd89-49cd-a89f-9d1613cd7b9c,stateless,7SZUP2SUMR2XBZNN,01KKBHBTMQVW11D5KDJMVBGRAY,7SZUP2SUMR2XBZNN,"0,15,30,45 * * * *",job-hunter-bot,"[WARN] [Retry] Attempt 1/4 failed (Queue sendBatch failed: Too Many Requests), retrying in 548ms...",346e138aae29f6b381c1ebae50734856,cf-worker,9652c0eabd8fbe010167fd7787852081,cron,"[WARN] [Retry] Attempt <*>/4 failed (Queue sendBatch failed: Too Many Requests), retrying in <*>...",undefined,undefined,undefined,[]
[INFO] [D1] Batch inserted 19 new jobs (56 dupes) in 2 batches,cloudflare-workers,2026-03-10T09:30:57.980Z,false,"0,15,30,45 * * * *",1773135043000,job-hunter-bot,ok,cron,a7fd90f8-dd89-49cd-a89f-9d1613cd7b9c,stateless,7SZUP2SUMR2XBZNN,01KKBHBTMQVW11D5KDJMVBGRAX,7SZUP2SUMR2XBZNN,"0,15,30,45 * * * *",job-hunter-bot,[INFO] [D1] Batch inserted 19 new jobs (56 dupes) in 2 batches,346e138aae29f6b381c1ebae50734856,cf-worker,9652c0eabd8fbe010167fd7787852081,cron,[INFO] [D1] Batch inserted <*> new jobs (<*> dupes) in 2 batches,undefined,undefined,undefined,[]
[INFO] [Fetcher] Batch recorded 5 source yields,cloudflare-workers,2026-03-10T09:30:57.869Z,false,"0,15,30,45 * * * *",1773135043000,job-hunter-bot,ok,cron,a7fd90f8-dd89-49cd-a89f-9d1613cd7b9c,stateless,7SZUP2SUMR2XBZNN,01KKBHBTMQVW11D5KDJMVBGRAW,7SZUP2SUMR2XBZNN,"0,15,30,45 * * * *",job-hunter-bot,[INFO] [Fetcher] Batch recorded 5 source yields,346e138aae29f6b381c1ebae50734856,cf-worker,9652c0eabd8fbe010167fd7787852081,cron,[INFO] [Fetcher] Batch recorded <*> source yields,undefined,undefined,undefined,[]
[INFO] [Discovery] Queued 1 company domains for career probing,cloudflare-workers,2026-03-10T09:30:57.662Z,false,"0,15,30,45 * * * *",1773135043000,job-hunter-bot,ok,cron,a7fd90f8-dd89-49cd-a89f-9d1613cd7b9c,stateless,7SZUP2SUMR2XBZNN,01KKBHBTMQVW11D5KDJMVBGRAV,7SZUP2SUMR2XBZNN,"0,15,30,45 * * * *",job-hunter-bot,[INFO] [Discovery] Queued 1 company domains for career probing,346e138aae29f6b381c1ebae50734856,cf-worker,9652c0eabd8fbe010167fd7787852081,cron,[INFO] [Discovery] Queued 1 company domains for career probing,undefined,undefined,undefined,[]
[INFO] [Fetcher] Direct evaluation completed for 74 jobs,cloudflare-workers,2026-03-10T09:30:57.447Z,false,"0,15,30,45 * * * *",1773135043000,job-hunter-bot,ok,cron,a7fd90f8-dd89-49cd-a89f-9d1613cd7b9c,stateless,7SZUP2SUMR2XBZNN,01KKBHBTMQVW11D5KDJMVBGRAT,7SZUP2SUMR2XBZNN,"0,15,30,45 * * * *",job-hunter-bot,[INFO] [Fetcher] Direct evaluation completed for 74 jobs,346e138aae29f6b381c1ebae50734856,cf-worker,9652c0eabd8fbe010167fd7787852081,cron,[INFO] [Fetcher] Direct evaluation completed for <*> jobs,undefined,undefined,undefined,[]
[INFO] [Threshold] Too few matches (0) → lowering to 30,cloudflare-workers,2026-03-10T09:30:57.447Z,false,"0,15,30,45 * * * *",1773135043000,job-hunter-bot,ok,cron,a7fd90f8-dd89-49cd-a89f-9d1613cd7b9c,stateless,7SZUP2SUMR2XBZNN,01KKBHBTMQVW11D5KDJMVBGRAS,7SZUP2SUMR2XBZNN,"0,15,30,45 * * * *",job-hunter-bot,[INFO] [Threshold] Too few matches (0) → lowering to 30,346e138aae29f6b381c1ebae50734856,cf-worker,9652c0eabd8fbe010167fd7787852081,cron,[INFO] [Threshold] Too few matches (0) → lowering to 30,undefined,undefined,undefined,[]
[INFO] [Connectors] Harvest complete | Sources: 5 (rss:5) | Jobs: 75 | Errors: 0,cloudflare-workers,2026-03-10T09:30:57.101Z,false,"0,15,30,45 * * * *",1773135043000,job-hunter-bot,ok,cron,a7fd90f8-dd89-49cd-a89f-9d1613cd7b9c,stateless,7SZUP2SUMR2XBZNN,01KKBHBTMQVW11D5KDJMVBGRAR,7SZUP2SUMR2XBZNN,"0,15,30,45 * * * *",job-hunter-bot,[INFO] [Connectors] Harvest complete | Sources: 5 (rss:5) | Jobs: 75 | Errors: 0,346e138aae29f6b381c1ebae50734856,cf-worker,9652c0eabd8fbe010167fd7787852081,cron,[INFO] [Connectors] Harvest complete | Sources: 5 (rss:5) | Jobs: <*> | Errors: 0,undefined,undefined,undefined,[]
[INFO] [RSS] Cursor filtered 150 seen items from 4dayweek — 0 new,cloudflare-workers,2026-03-10T09:30:57.101Z,false,"0,15,30,45 * * * *",1773135043000,job-hunter-bot,ok,cron,a7fd90f8-dd89-49cd-a89f-9d1613cd7b9c,stateless,7SZUP2SUMR2XBZNN,01KKBHBTMQVW11D5KDJMVBGRAQ,7SZUP2SUMR2XBZNN,"0,15,30,45 * * * *",job-hunter-bot,[INFO] [RSS] Cursor filtered 150 seen items from 4dayweek — 0 new,346e138aae29f6b381c1ebae50734856,cf-worker,9652c0eabd8fbe010167fd7787852081,cron,[INFO] [RSS] Cursor filtered <*> seen items from <*> — <*> new,undefined,undefined,undefined,[]
[INFO] [RSS] Cursor filtered 99 seen items from remoteok — 0 new,cloudflare-workers,2026-03-10T09:30:56.488Z,false,"0,15,30,45 * * * *",1773135043000,job-hunter-bot,ok,cron,a7fd90f8-dd89-49cd-a89f-9d1613cd7b9c,stateless,7SZUP2SUMR2XBZNN,01KKBHBTMQVW11D5KDJMVBGRAP,7SZUP2SUMR2XBZNN,"0,15,30,45 * * * *",job-hunter-bot,[INFO] [RSS] Cursor filtered 99 seen items from remoteok — 0 new,346e138aae29f6b381c1ebae50734856,cf-worker,9652c0eabd8fbe010167fd7787852081,cron,[INFO] [RSS] Cursor filtered <*> seen items from <*> — <*> new,undefined,undefined,undefined,[]
[INFO] [RSS] Cursor filtered 22 seen items from weworkremotely — 0 new,cloudflare-workers,2026-03-10T09:30:56.413Z,false,"0,15,30,45 * * * *",1773135043000,job-hunter-bot,ok,cron,a7fd90f8-dd89-49cd-a89f-9d1613cd7b9c,stateless,7SZUP2SUMR2XBZNN,01KKBHBTMQVW11D5KDJMVBGRAN,7SZUP2SUMR2XBZNN,"0,15,30,45 * * * *",job-hunter-bot,[INFO] [RSS] Cursor filtered 22 seen items from weworkremotely — 0 new,346e138aae29f6b381c1ebae50734856,cf-worker,9652c0eabd8fbe010167fd7787852081,cron,[INFO] [RSS] Cursor filtered <*> seen items from <*> — <*> new,undefined,undefined,undefined,[]
[INFO] [RSS] Cursor filtered 44 seen items from weworkremotely — 0 new,cloudflare-workers,2026-03-10T09:30:56.394Z,false,"0,15,30,45 * * * *",1773135043000,job-hunter-bot,ok,cron,a7fd90f8-dd89-49cd-a89f-9d1613cd7b9c,stateless,7SZUP2SUMR2XBZNN,01KKBHBTMQVW11D5KDJMVBGRAM,7SZUP2SUMR2XBZNN,"0,15,30,45 * * * *",job-hunter-bot,[INFO] [RSS] Cursor filtered 44 seen items from weworkremotely — 0 new,346e138aae29f6b381c1ebae50734856,cf-worker,9652c0eabd8fbe010167fd7787852081,cron,[INFO] [RSS] Cursor filtered <*> seen items from <*> — <*> new,undefined,undefined,undefined,[]
[INFO] [RSS] Cursor filtered 25 seen items from himalayas — 75 new,cloudflare-workers,2026-03-10T09:30:56.276Z,false,"0,15,30,45 * * * *",1773135043000,job-hunter-bot,ok,cron,a7fd90f8-dd89-49cd-a89f-9d1613cd7b9c,stateless,7SZUP2SUMR2XBZNN,01KKBHBTMQVW11D5KDJMVBGRAK,7SZUP2SUMR2XBZNN,"0,15,30,45 * * * *",job-hunter-bot,[INFO] [RSS] Cursor filtered 25 seen items from himalayas — 75 new,346e138aae29f6b381c1ebae50734856,cf-worker,9652c0eabd8fbe010167fd7787852081,cron,[INFO] [RSS] Cursor filtered <*> seen items from <*> — <*> new,undefined,undefined,undefined,[]
[INFO] [Connectors] Running rss connector on 5 sources,cloudflare-workers,2026-03-10T09:30:56.079Z,false,"0,15,30,45 * * * *",1773135043000,job-hunter-bot,ok,cron,a7fd90f8-dd89-49cd-a89f-9d1613cd7b9c,stateless,7SZUP2SUMR2XBZNN,01KKBHBTMQVW11D5KDJMVBGRAJ,7SZUP2SUMR2XBZNN,"0,15,30,45 * * * *",job-hunter-bot,[INFO] [Connectors] Running rss connector on 5 sources,346e138aae29f6b381c1ebae50734856,cf-worker,9652c0eabd8fbe010167fd7787852081,cron,[INFO] [Connectors] Running <*> connector on <*> sources,undefined,undefined,undefined,[]
[INFO] [Fetcher] Harvest complete. Inserted 0 new jobs (1 dupes filtered).,cloudflare-workers,2026-03-10T09:30:55.752Z,false,"0,15,30,45 * * * *",1773135043000,job-hunter-bot,ok,cron,a7fd90f8-dd89-49cd-a89f-9d1613cd7b9c,stateless,7SZUP2SUMR2XBZNN,01KKBHBTMQVW11D5KDJMVBGRAG,7SZUP2SUMR2XBZNN,"0,15,30,45 * * * *",job-hunter-bot,[INFO] [Fetcher] Harvest complete. Inserted 0 new jobs (1 dupes filtered).,346e138aae29f6b381c1ebae50734856,cf-worker,9652c0eabd8fbe010167fd7787852081,cron,[INFO] [Fetcher] Harvest complete. Inserted <*> new jobs (<*> dupes filtered).,undefined,undefined,undefined,[]
[INFO] [Fetcher] Batch recorded 5 source yields,cloudflare-workers,2026-03-10T09:30:55.752Z,false,"0,15,30,45 * * * *",1773135043000,job-hunter-bot,ok,cron,a7fd90f8-dd89-49cd-a89f-9d1613cd7b9c,stateless,7SZUP2SUMR2XBZNN,01KKBHBTMQVW11D5KDJMVBGRAF,7SZUP2SUMR2XBZNN,"0,15,30,45 * * * *",job-hunter-bot,[INFO] [Fetcher] Batch recorded 5 source yields,346e138aae29f6b381c1ebae50734856,cf-worker,9652c0eabd8fbe010167fd7787852081,cron,[INFO] [Fetcher] Batch recorded <*> source yields,undefined,undefined,undefined,[]
[INFO] [Connectors] Harvest complete | Sources: 5 (rss:5) | Jobs: 1 | Errors: 0,cloudflare-workers,2026-03-10T09:30:54.714Z,false,"0,15,30,45 * * * *",1773135043000,job-hunter-bot,ok,cron,a7fd90f8-dd89-49cd-a89f-9d1613cd7b9c,stateless,7SZUP2SUMR2XBZNN,01KKBHBTMQVW11D5KDJMVBGRAE,7SZUP2SUMR2XBZNN,"0,15,30,45 * * * *",job-hunter-bot,[INFO] [Connectors] Harvest complete | Sources: 5 (rss:5) | Jobs: 1 | Errors: 0,346e138aae29f6b381c1ebae50734856,cf-worker,9652c0eabd8fbe010167fd7787852081,cron,[INFO] [Connectors] Harvest complete | Sources: 5 (rss:5) | Jobs: <*> | Errors: 0,undefined,undefined,undefined,[]
[INFO] [RSS] Cursor filtered 100 seen items from weworkremotely — 0 new,cloudflare-workers,2026-03-10T09:30:54.714Z,false,"0,15,30,45 * * * *",1773135043000,job-hunter-bot,ok,cron,a7fd90f8-dd89-49cd-a89f-9d1613cd7b9c,stateless,7SZUP2SUMR2XBZNN,01KKBHBTMQVW11D5KDJMVBGRAD,7SZUP2SUMR2XBZNN,"0,15,30,45 * * * *",job-hunter-bot,[INFO] [RSS] Cursor filtered 100 seen items from weworkremotely — 0 new,346e138aae29f6b381c1ebae50734856,cf-worker,9652c0eabd8fbe010167fd7787852081,cron,[INFO] [RSS] Cursor filtered <*> seen items from <*> — <*> new,undefined,undefined,undefined,[]
"[WARN] [Retry] Attempt 3/4 failed (Queue sendBatch failed: Too Many Requests), retrying in 2044ms...",cloudflare-workers,2026-03-10T09:30:53.996Z,false,"0,15,30,45 * * * *",1773135043000,job-hunter-bot,ok,cron,a7fd90f8-dd89-49cd-a89f-9d1613cd7b9c,stateless,7SZUP2SUMR2XBZNN,01KKBHBTMQVW11D5KDJMVBGRAC,7SZUP2SUMR2XBZNN,"0,15,30,45 * * * *",job-hunter-bot,"[WARN] [Retry] Attempt 3/4 failed (Queue sendBatch failed: Too Many Requests), retrying in 2044ms...",346e138aae29f6b381c1ebae50734856,cf-worker,9652c0eabd8fbe010167fd7787852081,cron,"[WARN] [Retry] Attempt <*>/4 failed (Queue sendBatch failed: Too Many Requests), retrying in <*>...",undefined,undefined,undefined,[]
[INFO] [RSS] Cursor filtered 196 seen items from smartremotejobs — 1 new,cloudflare-workers,2026-03-10T09:30:53.899Z,false,"0,15,30,45 * * * *",1773135043000,job-hunter-bot,ok,cron,a7fd90f8-dd89-49cd-a89f-9d1613cd7b9c,stateless,7SZUP2SUMR2XBZNN,01KKBHBTMQVW11D5KDJMVBGRAB,7SZUP2SUMR2XBZNN,"0,15,30,45 * * * *",job-hunter-bot,[INFO] [RSS] Cursor filtered 196 seen items from smartremotejobs — 1 new,346e138aae29f6b381c1ebae50734856,cf-worker,9652c0eabd8fbe010167fd7787852081,cron,[INFO] [RSS] Cursor filtered <*> seen items from <*> — <*> new,undefined,undefined,undefined,[]
[INFO] [RSS] Cursor filtered 83 seen items from weworkremotely — 0 new,cloudflare-workers,2026-03-10T09:30:53.587Z,false,"0,15,30,45 * * * *",1773135043000,job-hunter-bot,ok,cron,a7fd90f8-dd89-49cd-a89f-9d1613cd7b9c,stateless,7SZUP2SUMR2XBZNN,01KKBHBTMQVW11D5KDJMVBGRAA,7SZUP2SUMR2XBZNN,"0,15,30,45 * * * *",job-hunter-bot,[INFO] [RSS] Cursor filtered 83 seen items from weworkremotely — 0 new,346e138aae29f6b381c1ebae50734856,cf-worker,9652c0eabd8fbe010167fd7787852081,cron,[INFO] [RSS] Cursor filtered <*> seen items from <*> — <*> new,undefined,undefined,undefined,[]
[INFO] [RSS] Cursor filtered 41 seen items from weworkremotely — 0 new,cloudflare-workers,2026-03-10T09:30:53.460Z,false,"0,15,30,45 * * * *",1773135043000,job-hunter-bot,ok,cron,a7fd90f8-dd89-49cd-a89f-9d1613cd7b9c,stateless,7SZUP2SUMR2XBZNN,01KKBHBTMQVW11D5KDJMVBGRA9,7SZUP2SUMR2XBZNN,"0,15,30,45 * * * *",job-hunter-bot,[INFO] [RSS] Cursor filtered 41 seen items from weworkremotely — 0 new,346e138aae29f6b381c1ebae50734856,cf-worker,9652c0eabd8fbe010167fd7787852081,cron,[INFO] [RSS] Cursor filtered <*> seen items from <*> — <*> new,undefined,undefined,undefined,[]
[INFO] [RSS] Cursor filtered 25 seen items from weworkremotely — 0 new,cloudflare-workers,2026-03-10T09:30:53.374Z,false,"0,15,30,45 * * * *",1773135043000,job-hunter-bot,ok,cron,a7fd90f8-dd89-49cd-a89f-9d1613cd7b9c,stateless,7SZUP2SUMR2XBZNN,01KKBHBTMQVW11D5KDJMVBGRA8,7SZUP2SUMR2XBZNN,"0,15,30,45 * * * *",job-hunter-bot,[INFO] [RSS] Cursor filtered 25 seen items from weworkremotely — 0 new,346e138aae29f6b381c1ebae50734856,cf-worker,9652c0eabd8fbe010167fd7787852081,cron,[INFO] [RSS] Cursor filtered <*> seen items from <*> — <*> new,undefined,undefined,undefined,[]
[INFO] [Connectors] Running rss connector on 5 sources,cloudflare-workers,2026-03-10T09:30:53.131Z,false,"0,15,30,45 * * * *",1773135043000,job-hunter-bot,ok,cron,a7fd90f8-dd89-49cd-a89f-9d1613cd7b9c,stateless,7SZUP2SUMR2XBZNN,01KKBHBTMQVW11D5KDJMVBGRA7,7SZUP2SUMR2XBZNN,"0,15,30,45 * * * *",job-hunter-bot,[INFO] [Connectors] Running rss connector on 5 sources,346e138aae29f6b381c1ebae50734856,cf-worker,9652c0eabd8fbe010167fd7787852081,cron,[INFO] [Connectors] Running <*> connector on <*> sources,undefined,undefined,undefined,[]
"[WARN] [Retry] Attempt 2/4 failed (Queue sendBatch failed: Too Many Requests), retrying in 1018ms...",cloudflare-workers,2026-03-10T09:30:52.967Z,false,"0,15,30,45 * * * *",1773135043000,job-hunter-bot,ok,cron,a7fd90f8-dd89-49cd-a89f-9d1613cd7b9c,stateless,7SZUP2SUMR2XBZNN,01KKBHBTMQVW11D5KDJMVBGRA6,7SZUP2SUMR2XBZNN,"0,15,30,45 * * * *",job-hunter-bot,"[WARN] [Retry] Attempt 2/4 failed (Queue sendBatch failed: Too Many Requests), retrying in 1018ms...",346e138aae29f6b381c1ebae50734856,cf-worker,9652c0eabd8fbe010167fd7787852081,cron,"[WARN] [Retry] Attempt <*>/4 failed (Queue sendBatch failed: Too Many Requests), retrying in <*>...",undefined,undefined,undefined,[]
"[WARN] [Retry] Attempt 1/4 failed (Queue sendBatch failed: Too Many Requests), retrying in 560ms...",cloudflare-workers,2026-03-10T09:30:52.396Z,false,"0,15,30,45 * * * *",1773135043000,job-hunter-bot,ok,cron,a7fd90f8-dd89-49cd-a89f-9d1613cd7b9c,stateless,7SZUP2SUMR2XBZNN,01KKBHBTMQVW11D5KDJMVBGRA5,7SZUP2SUMR2XBZNN,"0,15,30,45 * * * *",job-hunter-bot,"[WARN] [Retry] Attempt 1/4 failed (Queue sendBatch failed: Too Many Requests), retrying in 560ms...",346e138aae29f6b381c1ebae50734856,cf-worker,9652c0eabd8fbe010167fd7787852081,cron,"[WARN] [Retry] Attempt <*>/4 failed (Queue sendBatch failed: Too Many Requests), retrying in <*>...",undefined,undefined,undefined,[]
[INFO] [D1] Batch inserted 74 new jobs (0 dupes) in 2 batches,cloudflare-workers,2026-03-10T09:30:52.384Z,false,"0,15,30,45 * * * *",1773135043000,job-hunter-bot,ok,cron,a7fd90f8-dd89-49cd-a89f-9d1613cd7b9c,stateless,7SZUP2SUMR2XBZNN,01KKBHBTMQVW11D5KDJMVBGRA4,7SZUP2SUMR2XBZNN,"0,15,30,45 * * * *",job-hunter-bot,[INFO] [D1] Batch inserted 74 new jobs (0 dupes) in 2 batches,346e138aae29f6b381c1ebae50734856,cf-worker,9652c0eabd8fbe010167fd7787852081,cron,[INFO] [D1] Batch inserted <*> new jobs (<*> dupes) in <*> batches,undefined,undefined,undefined,[]
[INFO] [Connectors] Harvest complete | Sources: 5 (rss:5) | Jobs: 74 | Errors: 0,cloudflare-workers,2026-03-10T09:30:51.416Z,false,"0,15,30,45 * * * *",1773135043000,job-hunter-bot,ok,cron,a7fd90f8-dd89-49cd-a89f-9d1613cd7b9c,stateless,7SZUP2SUMR2XBZNN,01KKBHBTMQVW11D5KDJMVBGRA3,7SZUP2SUMR2XBZNN,"0,15,30,45 * * * *",job-hunter-bot,[INFO] [Connectors] Harvest complete | Sources: 5 (rss:5) | Jobs: 74 | Errors: 0,346e138aae29f6b381c1ebae50734856,cf-worker,9652c0eabd8fbe010167fd7787852081,cron,[INFO] [Connectors] Harvest complete | Sources: <*> (<*>) | Jobs: <*> | Errors: <*>,undefined,undefined,undefined,[]
[INFO] [RSS] Cursor filtered 769 seen items from smartremotejobs — 6 new,cloudflare-workers,2026-03-10T09:30:51.228Z,false,"0,15,30,45 * * * *",1773135043000,job-hunter-bot,ok,cron,a7fd90f8-dd89-49cd-a89f-9d1613cd7b9c,stateless,7SZUP2SUMR2XBZNN,01KKBHBTMQVW11D5KDJMVBGRA2,7SZUP2SUMR2XBZNN,"0,15,30,45 * * * *",job-hunter-bot,[INFO] [RSS] Cursor filtered 769 seen items from smartremotejobs — 6 new,346e138aae29f6b381c1ebae50734856,cf-worker,9652c0eabd8fbe010167fd7787852081,cron,[INFO] [RSS] Cursor filtered <*> seen items from <*> — <*> new,undefined,undefined,undefined,[]
[INFO] [RSS] Cursor filtered 100 seen items from hireweb3 — 0 new,cloudflare-workers,2026-03-10T09:30:51.188Z,false,"0,15,30,45 * * * *",1773135043000,job-hunter-bot,ok,cron,a7fd90f8-dd89-49cd-a89f-9d1613cd7b9c,stateless,7SZUP2SUMR2XBZNN,01KKBHBTMQVW11D5KDJMVBGRA1,7SZUP2SUMR2XBZNN,"0,15,30,45 * * * *",job-hunter-bot,[INFO] [RSS] Cursor filtered 100 seen items from hireweb3 — 0 new,346e138aae29f6b381c1ebae50734856,cf-worker,9652c0eabd8fbe010167fd7787852081,cron,[INFO] [RSS] Cursor filtered <*> seen items from <*> — <*> new,undefined,undefined,undefined,[]
[INFO] [RSS] Cursor filtered 32 seen items from jobscollider — 68 new,cloudflare-workers,2026-03-10T09:30:50.338Z,false,"0,15,30,45 * * * *",1773135043000,job-hunter-bot,ok,cron,a7fd90f8-dd89-49cd-a89f-9d1613cd7b9c,stateless,7SZUP2SUMR2XBZNN,01KKBHBTMQVW11D5KDJMVBGRA0,7SZUP2SUMR2XBZNN,"0,15,30,45 * * * *",job-hunter-bot,[INFO] [RSS] Cursor filtered 32 seen items from jobscollider — 68 new,346e138aae29f6b381c1ebae50734856,cf-worker,9652c0eabd8fbe010167fd7787852081,cron,[INFO] [RSS] Cursor filtered <*> seen items from <*> — <*> new,undefined,undefined,undefined,[]
[INFO] [RSS] Cursor filtered 80 seen items from empllo — 0 new,cloudflare-workers,2026-03-10T09:30:50.316Z,false,"0,15,30,45 * * * *",1773135043000,job-hunter-bot,ok,cron,a7fd90f8-dd89-49cd-a89f-9d1613cd7b9c,stateless,7SZUP2SUMR2XBZNN,01KKBHBTMQVW11D5KDJMVBGR9Z,7SZUP2SUMR2XBZNN,"0,15,30,45 * * * *",job-hunter-bot,[INFO] [RSS] Cursor filtered 80 seen items from empllo — 0 new,346e138aae29f6b381c1ebae50734856,cf-worker,9652c0eabd8fbe010167fd7787852081,cron,[INFO] [RSS] Cursor filtered <*> seen items from empllo — 0 new,undefined,undefined,undefined,[]
[INFO] [RSS] Cursor filtered 16 seen items from empllo — 0 new,cloudflare-workers,2026-03-10T09:30:50.297Z,false,"0,15,30,45 * * * *",1773135043000,job-hunter-bot,ok,cron,a7fd90f8-dd89-49cd-a89f-9d1613cd7b9c,stateless,7SZUP2SUMR2XBZNN,01KKBHBTMQVW11D5KDJMVBGR9Y,7SZUP2SUMR2XBZNN,"0,15,30,45 * * * *",job-hunter-bot,[INFO] [RSS] Cursor filtered 16 seen items from empllo — 0 new,346e138aae29f6b381c1ebae50734856,cf-worker,9652c0eabd8fbe010167fd7787852081,cron,[INFO] [RSS] Cursor filtered <*> seen items from <*> — <*> new,undefined,undefined,undefined,[]
[INFO] [Connectors] Running rss connector on 5 sources,cloudflare-workers,2026-03-10T09:30:50.052Z,false,"0,15,30,45 * * * *",1773135043000,job-hunter-bot,ok,cron,a7fd90f8-dd89-49cd-a89f-9d1613cd7b9c,stateless,7SZUP2SUMR2XBZNN,01KKBHBTMQVW11D5KDJMVBGR9X,7SZUP2SUMR2XBZNN,"0,15,30,45 * * * *",job-hunter-bot,[INFO] [Connectors] Running rss connector on 5 sources,346e138aae29f6b381c1ebae50734856,cf-worker,9652c0eabd8fbe010167fd7787852081,cron,[INFO] [Connectors] Running <*> connector on <*> sources,undefined,undefined,undefined,[]
[INFO] [Producer] Direct mode: processing 179 sources inline...,cloudflare-workers,2026-03-10T09:30:49.015Z,false,"0,15,30,45 * * * *",1773135043000,job-hunter-bot,ok,cron,a7fd90f8-dd89-49cd-a89f-9d1613cd7b9c,stateless,7SZUP2SUMR2XBZNN,01KKBHBTMQVW11D5KDJMVBGR9W,7SZUP2SUMR2XBZNN,"0,15,30,45 * * * *",job-hunter-bot,[INFO] [Producer] Direct mode: processing 179 sources inline...,346e138aae29f6b381c1ebae50734856,cf-worker,9652c0eabd8fbe010167fd7787852081,cron,[INFO] [Producer] Direct <*>: <*> 179 sources <*>...,undefined,undefined,undefined,[]
"[WARN] [Retry] Attempt 3/4 failed (Queue sendBatch failed: Too Many Requests), retrying in 2026ms...",cloudflare-workers,2026-03-10T09:30:46.980Z,false,"0,15,30,45 * * * *",1773135043000,job-hunter-bot,ok,cron,a7fd90f8-dd89-49cd-a89f-9d1613cd7b9c,stateless,7SZUP2SUMR2XBZNN,01KKBHBTMQVW11D5KDJMVBGR9T,7SZUP2SUMR2XBZNN,"0,15,30,45 * * * *",job-hunter-bot,"[WARN] [Retry] Attempt 3/4 failed (Queue sendBatch failed: Too Many Requests), retrying in 2026ms...",346e138aae29f6b381c1ebae50734856,cf-worker,9652c0eabd8fbe010167fd7787852081,cron,"[WARN] [Retry] Attempt <*>/4 failed (Queue sendBatch failed: Too Many Requests), retrying in <*>...",undefined,undefined,undefined,[]
"[WARN] [Retry] Attempt 2/4 failed (Queue sendBatch failed: Too Many Requests), retrying in 1066ms...",cloudflare-workers,2026-03-10T09:30:45.904Z,false,"0,15,30,45 * * * *",1773135043000,job-hunter-bot,ok,cron,a7fd90f8-dd89-49cd-a89f-9d1613cd7b9c,stateless,7SZUP2SUMR2XBZNN,01KKBHBTMQVW11D5KDJMVBGR9S,7SZUP2SUMR2XBZNN,"0,15,30,45 * * * *",job-hunter-bot,"[WARN] [Retry] Attempt 2/4 failed (Queue sendBatch failed: Too Many Requests), retrying in 1066ms...",346e138aae29f6b381c1ebae50734856,cf-worker,9652c0eabd8fbe010167fd7787852081,cron,"[WARN] [Retry] Attempt <*>/4 failed (Queue sendBatch failed: Too Many Requests), retrying in <*>...",undefined,undefined,undefined,[]
"[WARN] [Retry] Attempt 1/4 failed (Queue sendBatch failed: Too Many Requests), retrying in 509ms...",cloudflare-workers,2026-03-10T09:30:45.386Z,false,"0,15,30,45 * * * *",1773135043000,job-hunter-bot,ok,cron,a7fd90f8-dd89-49cd-a89f-9d1613cd7b9c,stateless,7SZUP2SUMR2XBZNN,01KKBHBTMQVW11D5KDJMVBGR9R,7SZUP2SUMR2XBZNN,"0,15,30,45 * * * *",job-hunter-bot,"[WARN] [Retry] Attempt 1/4 failed (Queue sendBatch failed: Too Many Requests), retrying in 509ms...",346e138aae29f6b381c1ebae50734856,cf-worker,9652c0eabd8fbe010167fd7787852081,cron,"[WARN] [Retry] Attempt <*>/4 failed (Queue sendBatch failed: Too Many Requests), retrying in <*>...",undefined,undefined,undefined,[]
[INFO] [Producer] Broadcasting 179 sources to FEED_QUEUE...,cloudflare-workers,2026-03-10T09:30:45.373Z,false,"0,15,30,45 * * * *",1773135043000,job-hunter-bot,ok,cron,a7fd90f8-dd89-49cd-a89f-9d1613cd7b9c,stateless,7SZUP2SUMR2XBZNN,01KKBHBTMQVW11D5KDJMVBGR9Q,7SZUP2SUMR2XBZNN,"0,15,30,45 * * * *",job-hunter-bot,[INFO] [Producer] Broadcasting 179 sources to FEED_QUEUE...,346e138aae29f6b381c1ebae50734856,cf-worker,9652c0eabd8fbe010167fd7787852081,cron,[INFO] [Producer] Broadcasting 179 sources to FEED_QUEUE...,undefined,undefined,undefined,[]
[INFO] [Producer] Intelligence: 179 sources selected (87 config + 92 registry),cloudflare-workers,2026-03-10T09:30:45.373Z,false,"0,15,30,45 * * * *",1773135043000,job-hunter-bot,ok,cron,a7fd90f8-dd89-49cd-a89f-9d1613cd7b9c,stateless,7SZUP2SUMR2XBZNN,01KKBHBTMQVW11D5KDJMVBGR9P,7SZUP2SUMR2XBZNN,"0,15,30,45 * * * *",job-hunter-bot,[INFO] [Producer] Intelligence: 179 sources selected (87 config + 92 registry),346e138aae29f6b381c1ebae50734856,cf-worker,9652c0eabd8fbe010167fd7787852081,cron,[INFO] [Producer] Intelligence: 179 sources selected (87 config + 92 registry),undefined,undefined,undefined,[]
[INFO] [Producer] Cron cycle #831 fired.,cloudflare-workers,2026-03-10T09:30:44.393Z,false,"0,15,30,45 * * * *",1773135043000,job-hunter-bot,ok,cron,a7fd90f8-dd89-49cd-a89f-9d1613cd7b9c,stateless,7SZUP2SUMR2XBZNN,01KKBHBTMQVW11D5KDJMVBGR9N,7SZUP2SUMR2XBZNN,"0,15,30,45 * * * *",job-hunter-bot,[INFO] [Producer] Cron cycle #831 fired.,346e138aae29f6b381c1ebae50734856,cf-worker,9652c0eabd8fbe010167fd7787852081,cron,[INFO] [Producer] <*> <*> <*> <*>.,undefined,undefined,undefined,[]
"0,15,30,45 * * * * ",cloudflare-workers,2026-03-10T09:30:44.236Z,false,"0,15,30,45 * * * *",1773135043000,job-hunter-bot,ok,cron,a7fd90f8-dd89-49cd-a89f-9d1613cd7b9c,stateless,7SZUP2SUMR2XBZNN,01KKBHBTMQVW11D5KDJMVBGR9M,7SZUP2SUMR2XBZNN,"0,15,30,45 * * * *",job-hunter-bot,"0,15,30,45 * * * * ",346e138aae29f6b381c1ebae50734856,cf-worker-event,9652c0eabd8fbe010167fd7787852081,cron,"0,15,30,45 * * * *",undefined,undefined,undefined,[]
[INFO] [Connectors] Running rss connector on 5 sources,cloudflare-workers,2026-03-10T09:15:56.601Z,false,"0,15,30,45 * * * *",1773134151000,job-hunter-bot,exceededCpu,cron,a7fd90f8-dd89-49cd-a89f-9d1613cd7b9c,stateless,UHJBKN10TBVH8FTM,01KKBGG4SS5ZP1JKSDB14BE462,UHJBKN10TBVH8FTM,"0,15,30,45 * * * *",job-hunter-bot,[INFO] [Connectors] Running rss connector on 5 sources,346e138aae29f6b381c1ebae50734856,cf-worker,9652c0eabd8fbe010167fd7787852081,cron,[INFO] [Connectors] Running rss connector on 5 sources,undefined,undefined,undefined,[]
[INFO] [Producer] Direct mode: processing 179 sources inline...,cloudflare-workers,2026-03-10T09:15:56.383Z,false,"0,15,30,45 * * * *",1773134151000,job-hunter-bot,exceededCpu,cron,a7fd90f8-dd89-49cd-a89f-9d1613cd7b9c,stateless,UHJBKN10TBVH8FTM,01KKBGG4JZKS4AMY9QHG61DWYR,UHJBKN10TBVH8FTM,"0,15,30,45 * * * *",job-hunter-bot,[INFO] [Producer] Direct mode: processing 179 sources inline...,346e138aae29f6b381c1ebae50734856,cf-worker,9652c0eabd8fbe010167fd7787852081,cron,[INFO] [Producer] Direct mode: processing 179 sources inline...,undefined,undefined,undefined,[]
"[WARN] [Retry] Attempt 3/4 failed (Queue sendBatch failed: Too Many Requests), retrying in 2098ms...",cloudflare-workers,2026-03-10T09:15:54.273Z,false,"0,15,30,45 * * * *",1773134151000,job-hunter-bot,exceededCpu,cron,a7fd90f8-dd89-49cd-a89f-9d1613cd7b9c,stateless,UHJBKN10TBVH8FTM,01KKBGG2H196PC6VZCZSKNCMX4,UHJBKN10TBVH8FTM,"0,15,30,45 * * * *",job-hunter-bot,"[WARN] [Retry] Attempt 3/4 failed (Queue sendBatch failed: Too Many Requests), retrying in 2098ms...",346e138aae29f6b381c1ebae50734856,cf-worker,9652c0eabd8fbe010167fd7787852081,cron,"[WARN] [Retry] Attempt <*>/4 failed (Queue sendBatch failed: Too Many Requests), retrying in <*>...",undefined,undefined,undefined,[]
"[WARN] [Retry] Attempt 2/4 failed (Queue sendBatch failed: Too Many Requests), retrying in 1067ms...",cloudflare-workers,2026-03-10T09:15:53.199Z,false,"0,15,30,45 * * * *",1773134151000,job-hunter-bot,exceededCpu,cron,a7fd90f8-dd89-49cd-a89f-9d1613cd7b9c,stateless,UHJBKN10TBVH8FTM,01KKBGG1FF2ZJ2XRSRZ8TKF1ZQ,UHJBKN10TBVH8FTM,"0,15,30,45 * * * *",job-hunter-bot,"[WARN] [Retry] Attempt 2/4 failed (Queue sendBatch failed: Too Many Requests), retrying in 1067ms...",346e138aae29f6b381c1ebae50734856,cf-worker,9652c0eabd8fbe010167fd7787852081,cron,"[WARN] [Retry] Attempt <*>/4 failed (Queue sendBatch failed: Too Many Requests), retrying in <*>...",undefined,undefined,undefined,[]
"[WARN] [Retry] Attempt 1/4 failed (Queue sendBatch failed: Too Many Requests), retrying in 515ms...",cloudflare-workers,2026-03-10T09:15:52.676Z,false,"0,15,30,45 * * * *",1773134151000,job-hunter-bot,exceededCpu,cron,a7fd90f8-dd89-49cd-a89f-9d1613cd7b9c,stateless,UHJBKN10TBVH8FTM,01KKBGG0Z4VP26SZKKMEQAX2HB,UHJBKN10TBVH8FTM,"0,15,30,45 * * * *",job-hunter-bot,"[WARN] [Retry] Attempt 1/4 failed (Queue sendBatch failed: Too Many Requests), retrying in 515ms...",346e138aae29f6b381c1ebae50734856,cf-worker,9652c0eabd8fbe010167fd7787852081,cron,"[WARN] [Retry] Attempt <*>/4 failed (Queue sendBatch failed: Too Many Requests), retrying in <*>...",undefined,undefined,undefined,[]
[INFO] [Producer] Broadcasting 179 sources to FEED_QUEUE...,cloudflare-workers,2026-03-10T09:15:52.668Z,false,"0,15,30,45 * * * *",1773134151000,job-hunter-bot,exceededCpu,cron,a7fd90f8-dd89-49cd-a89f-9d1613cd7b9c,stateless,UHJBKN10TBVH8FTM,01KKBGG0YW6199Z09Y2S7X26HC,UHJBKN10TBVH8FTM,"0,15,30,45 * * * *",job-hunter-bot,[INFO] [Producer] Broadcasting 179 sources to FEED_QUEUE...,346e138aae29f6b381c1ebae50734856,cf-worker,9652c0eabd8fbe010167fd7787852081,cron,[INFO] [Producer] Broadcasting 179 sources to FEED_QUEUE...,undefined,undefined,undefined,[]
[INFO] [Producer] Intelligence: 179 sources selected (87 config + 92 registry),cloudflare-workers,2026-03-10T09:15:52.668Z,false,"0,15,30,45 * * * *",1773134151000,job-hunter-bot,exceededCpu,cron,a7fd90f8-dd89-49cd-a89f-9d1613cd7b9c,stateless,UHJBKN10TBVH8FTM,01KKBGG0YW6199Z09Y2S7X26HB,UHJBKN10TBVH8FTM,"0,15,30,45 * * * *",job-hunter-bot,[INFO] [Producer] Intelligence: 179 sources selected (87 config + 92 registry),346e138aae29f6b381c1ebae50734856,cf-worker,9652c0eabd8fbe010167fd7787852081,cron,[INFO] [Producer] Intelligence: 179 sources selected (87 config + 92 registry),undefined,undefined,undefined,[]
[INFO] [Producer] Cron cycle #837 fired.,cloudflare-workers,2026-03-10T09:15:51.595Z,false,"0,15,30,45 * * * *",1773134151000,job-hunter-bot,exceededCpu,cron,a7fd90f8-dd89-49cd-a89f-9d1613cd7b9c,stateless,UHJBKN10TBVH8FTM,01KKBGFZXB83N9QRRFVZ4WQN6R,UHJBKN10TBVH8FTM,"0,15,30,45 * * * *",job-hunter-bot,[INFO] [Producer] Cron cycle #837 fired.,346e138aae29f6b381c1ebae50734856,cf-worker,9652c0eabd8fbe010167fd7787852081,cron,[INFO] [Producer] Cron cycle #837 fired.,undefined,undefined,undefined,[]
[INFO] [Connectors] Running rss connector on 5 sources,cloudflare-workers,2026-03-10T09:00:59.604Z,false,"0,15,30,45 * * * *",1773133251000,job-hunter-bot,exceededCpu,cron,a7fd90f8-dd89-49cd-a89f-9d1613cd7b9c,stateless,JRQMXFDQL6DIELHR,01KKBFMRTM1QGEX3XEPBNYAQTS,JRQMXFDQL6DIELHR,"0,15,30,45 * * * *",job-hunter-bot,[INFO] [Connectors] Running rss connector on 5 sources,346e138aae29f6b381c1ebae50734856,cf-worker,9652c0eabd8fbe010167fd7787852081,cron,[INFO] [Connectors] Running rss connector on 5 sources,undefined,undefined,undefined,[]
[INFO] [Producer] Direct mode: processing 87 sources inline...,cloudflare-workers,2026-03-10T09:00:59.391Z,false,"0,15,30,45 * * * *",1773133251000,job-hunter-bot,exceededCpu,cron,a7fd90f8-dd89-49cd-a89f-9d1613cd7b9c,stateless,JRQMXFDQL6DIELHR,01KKBFMRKZXSHS2KG7YJPR1CH4,JRQMXFDQL6DIELHR,"0,15,30,45 * * * *",job-hunter-bot,[INFO] [Producer] Direct mode: processing 87 sources inline...,346e138aae29f6b381c1ebae50734856,cf-worker,9652c0eabd8fbe010167fd7787852081,cron,[INFO] [Producer] Direct mode: processing 87 sources inline...,undefined,undefined,undefined,[]
"[WARN] [Retry] Attempt 3/4 failed (Queue sendBatch failed: Too Many Requests), retrying in 2039ms...",cloudflare-workers,2026-03-10T09:00:57.344Z,false,"0,15,30,45 * * * *",1773133251000,job-hunter-bot,exceededCpu,cron,a7fd90f8-dd89-49cd-a89f-9d1613cd7b9c,stateless,JRQMXFDQL6DIELHR,01KKBFMPM08A34KQHR1FHF0K5T,JRQMXFDQL6DIELHR,"0,15,30,45 * * * *",job-hunter-bot,"[WARN] [Retry] Attempt 3/4 failed (Queue sendBatch failed: Too Many Requests), retrying in 2039ms...",346e138aae29f6b381c1ebae50734856,cf-worker,9652c0eabd8fbe010167fd7787852081,cron,"[WARN] [Retry] Attempt <*>/4 failed (Queue sendBatch failed: Too Many Requests), retrying in <*>...",undefined,undefined,undefined,[]
"[WARN] [Retry] Attempt 2/4 failed (Queue sendBatch failed: Too Many Requests), retrying in 1034ms...",cloudflare-workers,2026-03-10T09:00:56.303Z,false,"0,15,30,45 * * * *",1773133251000,job-hunter-bot,exceededCpu,cron,a7fd90f8-dd89-49cd-a89f-9d1613cd7b9c,stateless,JRQMXFDQL6DIELHR,01KKBFMNKFY1NB1C5E5K862A1T,JRQMXFDQL6DIELHR,"0,15,30,45 * * * *",job-hunter-bot,"[WARN] [Retry] Attempt 2/4 failed (Queue sendBatch failed: Too Many Requests), retrying in 1034ms...",346e138aae29f6b381c1ebae50734856,cf-worker,9652c0eabd8fbe010167fd7787852081,cron,"[WARN] [Retry] Attempt <*>/4 failed (Queue sendBatch failed: Too Many Requests), retrying in <*>...",undefined,undefined,undefined,[]
"[WARN] [Retry] Attempt 1/4 failed (Queue sendBatch failed: Too Many Requests), retrying in 580ms...",cloudflare-workers,2026-03-10T09:00:55.716Z,false,"0,15,30,45 * * * *",1773133251000,job-hunter-bot,exceededCpu,cron,a7fd90f8-dd89-49cd-a89f-9d1613cd7b9c,stateless,JRQMXFDQL6DIELHR,01KKBFMN1407SREF203X6HEZ4Q,JRQMXFDQL6DIELHR,"0,15,30,45 * * * *",job-hunter-bot,"[WARN] [Retry] Attempt 1/4 failed (Queue sendBatch failed: Too Many Requests), retrying in 580ms...",346e138aae29f6b381c1ebae50734856,cf-worker,9652c0eabd8fbe010167fd7787852081,cron,"[WARN] [Retry] Attempt <*>/4 failed (Queue sendBatch failed: Too Many Requests), retrying in <*>...",undefined,undefined,undefined,[]
[INFO] [Producer] Broadcasting 87 sources to FEED_QUEUE...,cloudflare-workers,2026-03-10T09:00:55.706Z,false,"0,15,30,45 * * * *",1773133251000,job-hunter-bot,exceededCpu,cron,a7fd90f8-dd89-49cd-a89f-9d1613cd7b9c,stateless,JRQMXFDQL6DIELHR,01KKBFMN0TDXD471FKH9PZ4WKS,JRQMXFDQL6DIELHR,"0,15,30,45 * * * *",job-hunter-bot,[INFO] [Producer] Broadcasting 87 sources to FEED_QUEUE...,346e138aae29f6b381c1ebae50734856,cf-worker,9652c0eabd8fbe010167fd7787852081,cron,[INFO] [Producer] Broadcasting 87 sources to FEED_QUEUE...,undefined,undefined,undefined,[]
[INFO] [Producer] Intelligence: 87 sources selected (87 config + 0 registry),cloudflare-workers,2026-03-10T09:00:55.706Z,false,"0,15,30,45 * * * *",1773133251000,job-hunter-bot,exceededCpu,cron,a7fd90f8-dd89-49cd-a89f-9d1613cd7b9c,stateless,JRQMXFDQL6DIELHR,01KKBFMN0TDXD471FKH9PZ4WKR,JRQMXFDQL6DIELHR,"0,15,30,45 * * * *",job-hunter-bot,[INFO] [Producer] Intelligence: 87 sources selected (87 config + 0 registry),346e138aae29f6b381c1ebae50734856,cf-worker,9652c0eabd8fbe010167fd7787852081,cron,[INFO] [Producer] Intelligence: 87 sources selected (87 config + 0 registry),undefined,undefined,undefined,[]
[INFO] [Producer] Cron cycle #836 fired.,cloudflare-workers,2026-03-10T09:00:53.877Z,false,"0,15,30,45 * * * *",1773133251000,job-hunter-bot,exceededCpu,cron,a7fd90f8-dd89-49cd-a89f-9d1613cd7b9c,stateless,JRQMXFDQL6DIELHR,01KKBFMK7N9756FXBA0B1VMYD8,JRQMXFDQL6DIELHR,"0,15,30,45 * * * *",job-hunter-bot,[INFO] [Producer] Cron cycle #836 fired.,346e138aae29f6b381c1ebae50734856,cf-worker,9652c0eabd8fbe010167fd7787852081,cron,[INFO] [Producer] Cron cycle #836 fired.,undefined,undefined,undefined,[]
[INFO] [RSS] Cursor filtered 16 seen items from empllo — 0 new,cloudflare-workers,2026-03-10T08:45:57.892Z,false,"0,15,30,45 * * * *",1773132351000,job-hunter-bot,exceededCpu,cron,a7fd90f8-dd89-49cd-a89f-9d1613cd7b9c,stateless,VOZIU5NKJ8H6IV8F,01KKBES884M2H06JWASZMPYBEJ,VOZIU5NKJ8H6IV8F,"0,15,30,45 * * * *",job-hunter-bot,[INFO] [RSS] Cursor filtered 16 seen items from empllo — 0 new,346e138aae29f6b381c1ebae50734856,cf-worker,9652c0eabd8fbe010167fd7787852081,cron,[INFO] [RSS] Cursor filtered 16 seen items from empllo — 0 new,undefined,undefined,undefined,[]
[INFO] [Connectors] Running rss connector on 5 sources,cloudflare-workers,2026-03-10T08:45:57.633Z,false,"0,15,30,45 * * * *",1773132351000,job-hunter-bot,exceededCpu,cron,a7fd90f8-dd89-49cd-a89f-9d1613cd7b9c,stateless,VOZIU5NKJ8H6IV8F,01KKBES8014QV5485RH650SFYS,VOZIU5NKJ8H6IV8F,"0,15,30,45 * * * *",job-hunter-bot,[INFO] [Connectors] Running rss connector on 5 sources,346e138aae29f6b381c1ebae50734856,cf-worker,9652c0eabd8fbe010167fd7787852081,cron,[INFO] [Connectors] Running rss connector on 5 sources,undefined,undefined,undefined,[]
[INFO] [Producer] Direct mode: processing 87 sources inline...,cloudflare-workers,2026-03-10T08:45:57.406Z,false,"0,15,30,45 * * * *",1773132351000,job-hunter-bot,exceededCpu,cron,a7fd90f8-dd89-49cd-a89f-9d1613cd7b9c,stateless,VOZIU5NKJ8H6IV8F,01KKBES7RY1GG3TYJRXMX7H2DB,VOZIU5NKJ8H6IV8F,"0,15,30,45 * * * *",job-hunter-bot,[INFO] [Producer] Direct mode: processing 87 sources inline...,346e138aae29f6b381c1ebae50734856,cf-worker,9652c0eabd8fbe010167fd7787852081,cron,[INFO] [Producer] Direct mode: processing 87 sources inline...,undefined,undefined,undefined,[]
"[WARN] [Retry] Attempt 3/4 failed (Queue sendBatch failed: Too Many Requests), retrying in 2043ms...",cloudflare-workers,2026-03-10T08:45:55.355Z,false,"0,15,30,45 * * * *",1773132351000,job-hunter-bot,exceededCpu,cron,a7fd90f8-dd89-49cd-a89f-9d1613cd7b9c,stateless,VOZIU5NKJ8H6IV8F,01KKBES5RV88XRWYZTSZRMJ8JR,VOZIU5NKJ8H6IV8F,"0,15,30,45 * * * *",job-hunter-bot,"[WARN] [Retry] Attempt 3/4 failed (Queue sendBatch failed: Too Many Requests), retrying in 2043ms...",346e138aae29f6b381c1ebae50734856,cf-worker,9652c0eabd8fbe010167fd7787852081,cron,"[WARN] [Retry] Attempt <*>/4 failed (Queue sendBatch failed: Too Many Requests), retrying in <*>...",undefined,undefined,undefined,[]
"[WARN] [Retry] Attempt 2/4 failed (Queue sendBatch failed: Too Many Requests), retrying in 1024ms...",cloudflare-workers,2026-03-10T08:45:54.323Z,false,"0,15,30,45 * * * *",1773132351000,job-hunter-bot,exceededCpu,cron,a7fd90f8-dd89-49cd-a89f-9d1613cd7b9c,stateless,VOZIU5NKJ8H6IV8F,01KKBES4RKES2SDRQ90WHCHQ32,VOZIU5NKJ8H6IV8F,"0,15,30,45 * * * *",job-hunter-bot,"[WARN] [Retry] Attempt 2/4 failed (Queue sendBatch failed: Too Many Requests), retrying in 1024ms...",346e138aae29f6b381c1ebae50734856,cf-worker,9652c0eabd8fbe010167fd7787852081,cron,"[WARN] [Retry] Attempt <*>/4 failed (Queue sendBatch failed: Too Many Requests), retrying in <*>...",undefined,undefined,undefined,[]
"[WARN] [Retry] Attempt 1/4 failed (Queue sendBatch failed: Too Many Requests), retrying in 584ms...",cloudflare-workers,2026-03-10T08:45:53.730Z,false,"0,15,30,45 * * * *",1773132351000,job-hunter-bot,exceededCpu,cron,a7fd90f8-dd89-49cd-a89f-9d1613cd7b9c,stateless,VOZIU5NKJ8H6IV8F,01KKBES462DVSGF7JCXMES42SF,VOZIU5NKJ8H6IV8F,"0,15,30,45 * * * *",job-hunter-bot,"[WARN] [Retry] Attempt 1/4 failed (Queue sendBatch failed: Too Many Requests), retrying in 584ms...",346e138aae29f6b381c1ebae50734856,cf-worker,9652c0eabd8fbe010167fd7787852081,cron,"[WARN] [Retry] Attempt <*>/4 failed (Queue sendBatch failed: Too Many Requests), retrying in <*>...",undefined,undefined,undefined,[]
[INFO] [Producer] Broadcasting 87 sources to FEED_QUEUE...,cloudflare-workers,2026-03-10T08:45:53.679Z,false,"0,15,30,45 * * * *",1773132351000,job-hunter-bot,exceededCpu,cron,a7fd90f8-dd89-49cd-a89f-9d1613cd7b9c,stateless,VOZIU5NKJ8H6IV8F,01KKBES44FRAXB10GP1JGMW3TF,VOZIU5NKJ8H6IV8F,"0,15,30,45 * * * *",job-hunter-bot,[INFO] [Producer] Broadcasting 87 sources to FEED_QUEUE...,346e138aae29f6b381c1ebae50734856,cf-worker,9652c0eabd8fbe010167fd7787852081,cron,[INFO] [Producer] Broadcasting 87 sources to FEED_QUEUE...,undefined,undefined,undefined,[]
[INFO] [Producer] Intelligence: 87 sources selected (87 config + 0 registry),cloudflare-workers,2026-03-10T08:45:53.679Z,false,"0,15,30,45 * * * *",1773132351000,job-hunter-bot,exceededCpu,cron,a7fd90f8-dd89-49cd-a89f-9d1613cd7b9c,stateless,VOZIU5NKJ8H6IV8F,01KKBES44FRAXB10GP1JGMW3TE,VOZIU5NKJ8H6IV8F,"0,15,30,45 * * * *",job-hunter-bot,[INFO] [Producer] Intelligence: 87 sources selected (87 config + 0 registry),346e138aae29f6b381c1ebae50734856,cf-worker,9652c0eabd8fbe010167fd7787852081,cron,[INFO] [Producer] Intelligence: 87 sources selected (87 config + 0 registry),undefined,undefined,undefined,[]
[INFO] [Producer] Cron cycle #835 fired.,cloudflare-workers,2026-03-10T08:45:52.482Z,false,"0,15,30,45 * * * *",1773132351000,job-hunter-bot,exceededCpu,cron,a7fd90f8-dd89-49cd-a89f-9d1613cd7b9c,stateless,VOZIU5NKJ8H6IV8F,01KKBES2Z26TCXBAB4N8EFKB4G,VOZIU5NKJ8H6IV8F,"0,15,30,45 * * * *",job-hunter-bot,[INFO] [Producer] Cron cycle #835 fired.,346e138aae29f6b381c1ebae50734856,cf-worker,9652c0eabd8fbe010167fd7787852081,cron,[INFO] [Producer] Cron cycle #835 fired.,undefined,undefined,undefined,[]
[INFO] [Connectors] Running rss connector on 5 sources,cloudflare-workers,2026-03-10T08:30:59.088Z,false,"0,15,30,45 * * * *",1773131451000,job-hunter-bot,exceededCpu,cron,a7fd90f8-dd89-49cd-a89f-9d1613cd7b9c,stateless,05MFN7BNXAL3WGHW,01KKBDXTGGE6RG793WBDMGBR5M,05MFN7BNXAL3WGHW,"0,15,30,45 * * * *",job-hunter-bot,[INFO] [Connectors] Running rss connector on 5 sources,346e138aae29f6b381c1ebae50734856,cf-worker,9652c0eabd8fbe010167fd7787852081,cron,[INFO] [Connectors] Running rss connector on 5 sources,undefined,undefined,undefined,[]
[INFO] [Producer] Direct mode: processing 179 sources inline...,cloudflare-workers,2026-03-10T08:30:58.878Z,false,"0,15,30,45 * * * *",1773131451000,job-hunter-bot,exceededCpu,cron,a7fd90f8-dd89-49cd-a89f-9d1613cd7b9c,stateless,05MFN7BNXAL3WGHW,01KKBDXT9YS6KQ04JVPR315HW0,05MFN7BNXAL3WGHW,"0,15,30,45 * * * *",job-hunter-bot,[INFO] [Producer] Direct mode: processing 179 sources inline...,346e138aae29f6b381c1ebae50734856,cf-worker,9652c0eabd8fbe010167fd7787852081,cron,[INFO] [Producer] Direct mode: processing 179 sources inline...,undefined,undefined,undefined,[]
"[WARN] [Retry] Attempt 3/4 failed (Queue sendBatch failed: Too Many Requests), retrying in 2029ms...",cloudflare-workers,2026-03-10T08:30:56.838Z,false,"0,15,30,45 * * * *",1773131451000,job-hunter-bot,exceededCpu,cron,a7fd90f8-dd89-49cd-a89f-9d1613cd7b9c,stateless,05MFN7BNXAL3WGHW,01KKBDXRA6R8B1DSN006MEX9AA,05MFN7BNXAL3WGHW,"0,15,30,45 * * * *",job-hunter-bot,"[WARN] [Retry] Attempt 3/4 failed (Queue sendBatch failed: Too Many Requests), retrying in 2029ms...",346e138aae29f6b381c1ebae50734856,cf-worker,9652c0eabd8fbe010167fd7787852081,cron,"[WARN] [Retry] Attempt <*>/4 failed (Queue sendBatch failed: Too Many Requests), retrying in <*>...",undefined,undefined,undefined,[]
"[WARN] [Retry] Attempt 2/4 failed (Queue sendBatch failed: Too Many Requests), retrying in 1018ms...",cloudflare-workers,2026-03-10T08:30:55.811Z,false,"0,15,30,45 * * * *",1773131451000,job-hunter-bot,exceededCpu,cron,a7fd90f8-dd89-49cd-a89f-9d1613cd7b9c,stateless,05MFN7BNXAL3WGHW,01KKBDXQA3R5YJS9KSQJ0JZ7SS,05MFN7BNXAL3WGHW,"0,15,30,45 * * * *",job-hunter-bot,"[WARN] [Retry] Attempt 2/4 failed (Queue sendBatch failed: Too Many Requests), retrying in 1018ms...",346e138aae29f6b381c1ebae50734856,cf-worker,9652c0eabd8fbe010167fd7787852081,cron,"[WARN] [Retry] Attempt <*>/4 failed (Queue sendBatch failed: Too Many Requests), retrying in <*>...",undefined,undefined,undefined,[]
"[WARN] [Retry] Attempt 1/4 failed (Queue sendBatch failed: Too Many Requests), retrying in 520ms...",cloudflare-workers,2026-03-10T08:30:55.284Z,false,"0,15,30,45 * * * *",1773131451000,job-hunter-bot,exceededCpu,cron,a7fd90f8-dd89-49cd-a89f-9d1613cd7b9c,stateless,05MFN7BNXAL3WGHW,01KKBDXPSMRWJREMWBTDAB9HJQ,05MFN7BNXAL3WGHW,"0,15,30,45 * * * *",job-hunter-bot,"[WARN] [Retry] Attempt 1/4 failed (Queue sendBatch failed: Too Many Requests), retrying in 520ms...",346e138aae29f6b381c1ebae50734856,cf-worker,9652c0eabd8fbe010167fd7787852081,cron,"[WARN] [Retry] Attempt <*>/4 failed (Queue sendBatch failed: Too Many Requests), retrying in <*>...",undefined,undefined,undefined,[]
[INFO] [Producer] Broadcasting 179 sources to FEED_QUEUE...,cloudflare-workers,2026-03-10T08:30:55.275Z,false,"0,15,30,45 * * * *",1773131451000,job-hunter-bot,exceededCpu,cron,a7fd90f8-dd89-49cd-a89f-9d1613cd7b9c,stateless,05MFN7BNXAL3WGHW,01KKBDXPSBMJ0F824SBXQDDKRC,05MFN7BNXAL3WGHW,"0,15,30,45 * * * *",job-hunter-bot,[INFO] [Producer] Broadcasting 179 sources to FEED_QUEUE...,346e138aae29f6b381c1ebae50734856,cf-worker,9652c0eabd8fbe010167fd7787852081,cron,[INFO] [Producer] Broadcasting 179 sources to FEED_QUEUE...,undefined,undefined,undefined,[]
[INFO] [Producer] Intelligence: 179 sources selected (87 config + 92 registry),cloudflare-workers,2026-03-10T08:30:55.275Z,false,"0,15,30,45 * * * *",1773131451000,job-hunter-bot,exceededCpu,cron,a7fd90f8-dd89-49cd-a89f-9d1613cd7b9c,stateless,05MFN7BNXAL3WGHW,01KKBDXPSBMJ0F824SBXQDDKRB,05MFN7BNXAL3WGHW,"0,15,30,45 * * * *",job-hunter-bot,[INFO] [Producer] Intelligence: 179 sources selected (87 config + 92 registry),346e138aae29f6b381c1ebae50734856,cf-worker,9652c0eabd8fbe010167fd7787852081,cron,[INFO] [Producer] Intelligence: 179 sources selected (87 config + 92 registry),undefined,undefined,undefined,[]
[INFO] [Producer] Cron cycle #834 fired.,cloudflare-workers,2026-03-10T08:30:53.984Z,false,"0,15,30,45 * * * *",1773131451000,job-hunter-bot,exceededCpu,cron,a7fd90f8-dd89-49cd-a89f-9d1613cd7b9c,stateless,05MFN7BNXAL3WGHW,01KKBDXNH0H2NGYY2F16BAM8SA,05MFN7BNXAL3WGHW,"0,15,30,45 * * * *",job-hunter-bot,[INFO] [Producer] Cron cycle #834 fired.,346e138aae29f6b381c1ebae50734856,cf-worker,9652c0eabd8fbe010167fd7787852081,cron,[INFO] [Producer] Cron cycle #834 fired.,undefined,undefined,undefined,[]
[INFO] [Connectors] Running rss connector on 5 sources,cloudflare-workers,2026-03-10T08:15:59.666Z,false,"0,15,30,45 * * * *",1773130551000,job-hunter-bot,exceededCpu,cron,a7fd90f8-dd89-49cd-a89f-9d1613cd7b9c,stateless,SGTSBPDA9ODMMQ3I,01KKBD2C5JQFZY7EEYFBFZD7SZ,SGTSBPDA9ODMMQ3I,"0,15,30,45 * * * *",job-hunter-bot,[INFO] [Connectors] Running rss connector on 5 sources,346e138aae29f6b381c1ebae50734856,cf-worker,9652c0eabd8fbe010167fd7787852081,cron,[INFO] [Connectors] Running rss connector on 5 sources,undefined,undefined,undefined,[]
[INFO] [Connectors] Harvest complete | Sources: 5 (rss:5) | Jobs: 6 | Errors: 0,cloudflare-workers,2026-03-10T08:15:59.075Z,false,"0,15,30,45 * * * *",1773130551000,job-hunter-bot,exceededCpu,cron,a7fd90f8-dd89-49cd-a89f-9d1613cd7b9c,stateless,SGTSBPDA9ODMMQ3I,01KKBD2BK37VESDA5H8B3HH3NF,SGTSBPDA9ODMMQ3I,"0,15,30,45 * * * *",job-hunter-bot,[INFO] [Connectors] Harvest complete | Sources: 5 (rss:5) | Jobs: 6 | Errors: 0,346e138aae29f6b381c1ebae50734856,cf-worker,9652c0eabd8fbe010167fd7787852081,cron,[INFO] [Connectors] Harvest complete | Sources: 5 (rss:5) | Jobs: <*> | Errors: 0,undefined,undefined,undefined,[]
[INFO] [RSS] Cursor filtered 100 seen items from weworkremotely — 0 new,cloudflare-workers,2026-03-10T08:15:59.075Z,false,"0,15,30,45 * * * *",1773130551000,job-hunter-bot,exceededCpu,cron,a7fd90f8-dd89-49cd-a89f-9d1613cd7b9c,stateless,SGTSBPDA9ODMMQ3I,01KKBD2BK37VESDA5H8B3HH3NE,SGTSBPDA9ODMMQ3I,"0,15,30,45 * * * *",job-hunter-bot,[INFO] [RSS] Cursor filtered 100 seen items from weworkremotely — 0 new,346e138aae29f6b381c1ebae50734856,cf-worker,9652c0eabd8fbe010167fd7787852081,cron,[INFO] [RSS] Cursor filtered <*> seen items from <*> — <*> new,undefined,undefined,undefined,[]
"[WARN] [Retry] Attempt 2/4 failed (Queue sendBatch failed: Too Many Requests), retrying in 1080ms...",cloudflare-workers,2026-03-10T08:15:58.747Z,false,"0,15,30,45 * * * *",1773130551000,job-hunter-bot,exceededCpu,cron,a7fd90f8-dd89-49cd-a89f-9d1613cd7b9c,stateless,SGTSBPDA9ODMMQ3I,01KKBD2B8VVZ51QNQRAKFE37HH,SGTSBPDA9ODMMQ3I,"0,15,30,45 * * * *",job-hunter-bot,"[WARN] [Retry] Attempt 2/4 failed (Queue sendBatch failed: Too Many Requests), retrying in 1080ms...",346e138aae29f6b381c1ebae50734856,cf-worker,9652c0eabd8fbe010167fd7787852081,cron,"[WARN] [Retry] Attempt <*>/4 failed (Queue sendBatch failed: Too Many Requests), retrying in <*>...",undefined,undefined,undefined,[]
[INFO] [RSS] Cursor filtered 84 seen items from weworkremotely — 0 new,cloudflare-workers,2026-03-10T08:15:58.463Z,false,"0,15,30,45 * * * *",1773130551000,job-hunter-bot,exceededCpu,cron,a7fd90f8-dd89-49cd-a89f-9d1613cd7b9c,stateless,SGTSBPDA9ODMMQ3I,01KKBD2AZZW2ET4E6JY00Y6S10,SGTSBPDA9ODMMQ3I,"0,15,30,45 * * * *",job-hunter-bot,[INFO] [RSS] Cursor filtered 84 seen items from weworkremotely — 0 new,346e138aae29f6b381c1ebae50734856,cf-worker,9652c0eabd8fbe010167fd7787852081,cron,[INFO] [RSS] Cursor filtered <*> seen items from <*> — <*> new,undefined,undefined,undefined,[]
[INFO] [RSS] Cursor filtered 41 seen items from weworkremotely — 0 new,cloudflare-workers,2026-03-10T08:15:58.388Z,false,"0,15,30,45 * * * *",1773130551000,job-hunter-bot,exceededCpu,cron,a7fd90f8-dd89-49cd-a89f-9d1613cd7b9c,stateless,SGTSBPDA9ODMMQ3I,01KKBD2AXM4WP9Q1QE876R2R99,SGTSBPDA9ODMMQ3I,"0,15,30,45 * * * *",job-hunter-bot,[INFO] [RSS] Cursor filtered 41 seen items from weworkremotely — 0 new,346e138aae29f6b381c1ebae50734856,cf-worker,9652c0eabd8fbe010167fd7787852081,cron,[INFO] [RSS] Cursor filtered <*> seen items from <*> — <*> new,undefined,undefined,undefined,[]
[INFO] [RSS] Cursor filtered 25 seen items from weworkremotely — 0 new,cloudflare-workers,2026-03-10T08:15:58.342Z,false,"0,15,30,45 * * * *",1773130551000,job-hunter-bot,exceededCpu,cron,a7fd90f8-dd89-49cd-a89f-9d1613cd7b9c,stateless,SGTSBPDA9ODMMQ3I,01KKBD2AW6J99QZ228WRT64SG0,SGTSBPDA9ODMMQ3I,"0,15,30,45 * * * *",job-hunter-bot,[INFO] [RSS] Cursor filtered 25 seen items from weworkremotely — 0 new,346e138aae29f6b381c1ebae50734856,cf-worker,9652c0eabd8fbe010167fd7787852081,cron,[INFO] [RSS] Cursor filtered <*> seen items from <*> — <*> new,undefined,undefined,undefined,[]
[INFO] [RSS] Cursor filtered 190 seen items from smartremotejobs — 6 new,cloudflare-workers,2026-03-10T08:15:58.327Z,false,"0,15,30,45 * * * *",1773130551000,job-hunter-bot,exceededCpu,cron,a7fd90f8-dd89-49cd-a89f-9d1613cd7b9c,stateless,SGTSBPDA9ODMMQ3I,01KKBD2AVQMWV67W89SHRDH9T6,SGTSBPDA9ODMMQ3I,"0,15,30,45 * * * *",job-hunter-bot,[INFO] [RSS] Cursor filtered 190 seen items from smartremotejobs — 6 new,346e138aae29f6b381c1ebae50734856,cf-worker,9652c0eabd8fbe010167fd7787852081,cron,[INFO] [RSS] Cursor filtered <*> seen items from <*> — <*> new,undefined,undefined,undefined,[]
"[WARN] [Retry] Attempt 1/4 failed (Queue sendBatch failed: Too Many Requests), retrying in 503ms...",cloudflare-workers,2026-03-10T08:15:58.234Z,false,"0,15,30,45 * * * *",1773130551000,job-hunter-bot,exceededCpu,cron,a7fd90f8-dd89-49cd-a89f-9d1613cd7b9c,stateless,SGTSBPDA9ODMMQ3I,01KKBD2ARTF2YPACR089HRN3AA,SGTSBPDA9ODMMQ3I,"0,15,30,45 * * * *",job-hunter-bot,"[WARN] [Retry] Attempt 1/4 failed (Queue sendBatch failed: Too Many Requests), retrying in 503ms...",346e138aae29f6b381c1ebae50734856,cf-worker,9652c0eabd8fbe010167fd7787852081,cron,"[WARN] [Retry] Attempt <*>/4 failed (Queue sendBatch failed: Too Many Requests), retrying in <*>...",undefined,undefined,undefined,[]
[INFO] [D1] Batch inserted 39 new jobs (0 dupes) in 1 batches,cloudflare-workers,2026-03-10T08:15:58.226Z,false,"0,15,30,45 * * * *",1773130551000,job-hunter-bot,exceededCpu,cron,a7fd90f8-dd89-49cd-a89f-9d1613cd7b9c,stateless,SGTSBPDA9ODMMQ3I,01KKBD2ARJ3R1FFAX5PMAJW897,SGTSBPDA9ODMMQ3I,"0,15,30,45 * * * *",job-hunter-bot,[INFO] [D1] Batch inserted 39 new jobs (0 dupes) in 1 batches,346e138aae29f6b381c1ebae50734856,cf-worker,9652c0eabd8fbe010167fd7787852081,cron,[INFO] [D1] Batch inserted 39 new jobs (0 dupes) in 1 batches,undefined,undefined,undefined,[]
[INFO] [Connectors] Running rss connector on 5 sources,cloudflare-workers,2026-03-10T08:15:58.136Z,false,"0,15,30,45 * * * *",1773130551000,job-hunter-bot,exceededCpu,cron,a7fd90f8-dd89-49cd-a89f-9d1613cd7b9c,stateless,SGTSBPDA9ODMMQ3I,01KKBD2ANRB52ZBG06M08XN8FQ,SGTSBPDA9ODMMQ3I,"0,15,30,45 * * * *",job-hunter-bot,[INFO] [Connectors] Running rss connector on 5 sources,346e138aae29f6b381c1ebae50734856,cf-worker,9652c0eabd8fbe010167fd7787852081,cron,[INFO] [Connectors] Running rss connector on 5 sources,undefined,undefined,undefined,[]
[INFO] [Connectors] Harvest complete | Sources: 5 (rss:5) | Jobs: 39 | Errors: 0,cloudflare-workers,2026-03-10T08:15:57.572Z,false,"0,15,30,45 * * * *",1773130551000,job-hunter-bot,exceededCpu,cron,a7fd90f8-dd89-49cd-a89f-9d1613cd7b9c,stateless,SGTSBPDA9ODMMQ3I,01KKBD2A446V47R4DZ9CBFRVVN,SGTSBPDA9ODMMQ3I,"0,15,30,45 * * * *",job-hunter-bot,[INFO] [Connectors] Harvest complete | Sources: 5 (rss:5) | Jobs: 39 | Errors: 0,346e138aae29f6b381c1ebae50734856,cf-worker,9652c0eabd8fbe010167fd7787852081,cron,[INFO] [Connectors] Harvest complete | Sources: 5 (rss:5) | Jobs: <*> | Errors: 0,undefined,undefined,undefined,[]
[INFO] [RSS] Cursor filtered 100 seen items from hireweb3 — 0 new,cloudflare-workers,2026-03-10T08:15:57.572Z,false,"0,15,30,45 * * * *",1773130551000,job-hunter-bot,exceededCpu,cron,a7fd90f8-dd89-49cd-a89f-9d1613cd7b9c,stateless,SGTSBPDA9ODMMQ3I,01KKBD2A446V47R4DZ9CBFRVVM,SGTSBPDA9ODMMQ3I,"0,15,30,45 * * * *",job-hunter-bot,[INFO] [RSS] Cursor filtered 100 seen items from hireweb3 — 0 new,346e138aae29f6b381c1ebae50734856,cf-worker,9652c0eabd8fbe010167fd7787852081,cron,[INFO] [RSS] Cursor filtered <*> seen items from <*> — <*> new,undefined,undefined,undefined,[]
[INFO] [RSS] Cursor filtered 80 seen items from empllo — 0 new,cloudflare-workers,2026-03-10T08:15:57.073Z,false,"0,15,30,45 * * * *",1773130551000,job-hunter-bot,exceededCpu,cron,a7fd90f8-dd89-49cd-a89f-9d1613cd7b9c,stateless,SGTSBPDA9ODMMQ3I,01KKBD29MH8TTKVRYCP8ACZG3E,SGTSBPDA9ODMMQ3I,"0,15,30,45 * * * *",job-hunter-bot,[INFO] [RSS] Cursor filtered 80 seen items from empllo — 0 new,346e138aae29f6b381c1ebae50734856,cf-worker,9652c0eabd8fbe010167fd7787852081,cron,[INFO] [RSS] Cursor filtered <*> seen items from <*> — <*> new,undefined,undefined,undefined,[]
[INFO] [RSS] Cursor filtered 750 seen items from smartremotejobs — 19 new,cloudflare-workers,2026-03-10T08:15:57.060Z,false,"0,15,30,45 * * * *",1773130551000,job-hunter-bot,exceededCpu,cron,a7fd90f8-dd89-49cd-a89f-9d1613cd7b9c,stateless,SGTSBPDA9ODMMQ3I,01KKBD29M4AM34FMM2J0F1M2VN,SGTSBPDA9ODMMQ3I,"0,15,30,45 * * * *",job-hunter-bot,[INFO] [RSS] Cursor filtered 750 seen items from smartremotejobs — 19 new,346e138aae29f6b381c1ebae50734856,cf-worker,9652c0eabd8fbe010167fd7787852081,cron,[INFO] [RSS] Cursor filtered <*> seen items from <*> — <*> new,undefined,undefined,undefined,[]
[INFO] [RSS] Cursor filtered 80 seen items from jobscollider — 20 new,cloudflare-workers,2026-03-10T08:15:57.041Z,false,"0,15,30,45 * * * *",1773130551000,job-hunter-bot,exceededCpu,cron,a7fd90f8-dd89-49cd-a89f-9d1613cd7b9c,stateless,SGTSBPDA9ODMMQ3I,01KKBD29KHPH8A0H04HG3M7Q9V,SGTSBPDA9ODMMQ3I,"0,15,30,45 * * * *",job-hunter-bot,[INFO] [RSS] Cursor filtered 80 seen items from jobscollider — 20 new,346e138aae29f6b381c1ebae50734856,cf-worker,9652c0eabd8fbe010167fd7787852081,cron,[INFO] [RSS] Cursor filtered <*> seen items from <*> — <*> new,undefined,undefined,undefined,[]
[INFO] [RSS] Cursor filtered 16 seen items from empllo — 0 new,cloudflare-workers,2026-03-10T08:15:56.993Z,false,"0,15,30,45 * * * *",1773130551000,job-hunter-bot,exceededCpu,cron,a7fd90f8-dd89-49cd-a89f-9d1613cd7b9c,stateless,SGTSBPDA9ODMMQ3I,01KKBD29J1BYV58Q48G14AWYNZ,SGTSBPDA9ODMMQ3I,"0,15,30,45 * * * *",job-hunter-bot,[INFO] [RSS] Cursor filtered 16 seen items from empllo — 0 new,346e138aae29f6b381c1ebae50734856,cf-worker,9652c0eabd8fbe010167fd7787852081,cron,[INFO] [RSS] Cursor filtered <*> seen items from <*> — <*> new,undefined,undefined,undefined,[]
[INFO] [Connectors] Running rss connector on 5 sources,cloudflare-workers,2026-03-10T08:15:56.717Z,false,"0,15,30,45 * * * *",1773130551000,job-hunter-bot,exceededCpu,cron,a7fd90f8-dd89-49cd-a89f-9d1613cd7b9c,stateless,SGTSBPDA9ODMMQ3I,01KKBD299DXXTPK1NJP08CY3QE,SGTSBPDA9ODMMQ3I,"0,15,30,45 * * * *",job-hunter-bot,[INFO] [Connectors] Running rss connector on 5 sources,346e138aae29f6b381c1ebae50734856,cf-worker,9652c0eabd8fbe010167fd7787852081,cron,[INFO] [Connectors] Running rss connector on 5 sources,undefined,undefined,undefined,[]
[INFO] [Producer] Direct mode: processing 87 sources inline...,cloudflare-workers,2026-03-10T08:15:56.503Z,false,"0,15,30,45 * * * *",1773130551000,job-hunter-bot,exceededCpu,cron,a7fd90f8-dd89-49cd-a89f-9d1613cd7b9c,stateless,SGTSBPDA9ODMMQ3I,01KKBD292QDZTEHVMJV5WJJP2Z,SGTSBPDA9ODMMQ3I,"0,15,30,45 * * * *",job-hunter-bot,[INFO] [Producer] Direct mode: processing 87 sources inline...,346e138aae29f6b381c1ebae50734856,cf-worker,9652c0eabd8fbe010167fd7787852081,cron,[INFO] [Producer] Direct mode: processing 87 sources inline...,undefined,undefined,undefined,[]
"[WARN] [Retry] Attempt 3/4 failed (Queue sendBatch failed: Too Many Requests), retrying in 2051ms...",cloudflare-workers,2026-03-10T08:15:54.442Z,false,"0,15,30,45 * * * *",1773130551000,job-hunter-bot,exceededCpu,cron,a7fd90f8-dd89-49cd-a89f-9d1613cd7b9c,stateless,SGTSBPDA9ODMMQ3I,01KKBD272A632Z00T4RP9KCJZ5,SGTSBPDA9ODMMQ3I,"0,15,30,45 * * * *",job-hunter-bot,"[WARN] [Retry] Attempt 3/4 failed (Queue sendBatch failed: Too Many Requests), retrying in 2051ms...",346e138aae29f6b381c1ebae50734856,cf-worker,9652c0eabd8fbe010167fd7787852081,cron,"[WARN] [Retry] Attempt <*>/4 failed (Queue sendBatch failed: Too Many Requests), retrying in <*>...",undefined,undefined,undefined,[]
"[WARN] [Retry] Attempt 2/4 failed (Queue sendBatch failed: Too Many Requests), retrying in 1056ms...",cloudflare-workers,2026-03-10T08:15:53.374Z,false,"0,15,30,45 * * * *",1773130551000,job-hunter-bot,exceededCpu,cron,a7fd90f8-dd89-49cd-a89f-9d1613cd7b9c,stateless,SGTSBPDA9ODMMQ3I,01KKBD260YX4Q72JNP7M8JDVE7,SGTSBPDA9ODMMQ3I,"0,15,30,45 * * * *",job-hunter-bot,"[WARN] [Retry] Attempt 2/4 failed (Queue sendBatch failed: Too Many Requests), retrying in 1056ms...",346e138aae29f6b381c1ebae50734856,cf-worker,9652c0eabd8fbe010167fd7787852081,cron,"[WARN] [Retry] Attempt <*>/4 failed (Queue sendBatch failed: Too Many Requests), retrying in <*>...",undefined,undefined,undefined,[]
"[WARN] [Retry] Attempt 1/4 failed (Queue sendBatch failed: Too Many Requests), retrying in 505ms...",cloudflare-workers,2026-03-10T08:15:52.863Z,false,"0,15,30,45 * * * *",1773130551000,job-hunter-bot,exceededCpu,cron,a7fd90f8-dd89-49cd-a89f-9d1613cd7b9c,stateless,SGTSBPDA9ODMMQ3I,01KKBD25GZFFFWJVKC9ZA3F2RG,SGTSBPDA9ODMMQ3I,"0,15,30,45 * * * *",job-hunter-bot,"[WARN] [Retry] Attempt 1/4 failed (Queue sendBatch failed: Too Many Requests), retrying in 505ms...",346e138aae29f6b381c1ebae50734856,cf-worker,9652c0eabd8fbe010167fd7787852081,cron,"[WARN] [Retry] Attempt <*>/4 failed (Queue sendBatch failed: Too Many Requests), retrying in <*>...",undefined,undefined,undefined,[]
[INFO] [Producer] Broadcasting 87 sources to FEED_QUEUE...,cloudflare-workers,2026-03-10T08:15:52.853Z,false,"0,15,30,45 * * * *",1773130551000,job-hunter-bot,exceededCpu,cron,a7fd90f8-dd89-49cd-a89f-9d1613cd7b9c,stateless,SGTSBPDA9ODMMQ3I,01KKBD25GNZR40KTBM07CZC9ZC,SGTSBPDA9ODMMQ3I,"0,15,30,45 * * * *",job-hunter-bot,[INFO] [Producer] Broadcasting 87 sources to FEED_QUEUE...,346e138aae29f6b381c1ebae50734856,cf-worker,9652c0eabd8fbe010167fd7787852081,cron,[INFO] [Producer] Broadcasting 87 sources to FEED_QUEUE...,undefined,undefined,undefined,[]
[INFO] [Producer] Intelligence: 87 sources selected (87 config + 0 registry),cloudflare-workers,2026-03-10T08:15:52.853Z,false,"0,15,30,45 * * * *",1773130551000,job-hunter-bot,exceededCpu,cron,a7fd90f8-dd89-49cd-a89f-9d1613cd7b9c,stateless,SGTSBPDA9ODMMQ3I,01KKBD25GNZR40KTBM07CZC9ZB,SGTSBPDA9ODMMQ3I,"0,15,30,45 * * * *",job-hunter-bot,[INFO] [Producer] Intelligence: 87 sources selected (87 config + 0 registry),346e138aae29f6b381c1ebae50734856,cf-worker,9652c0eabd8fbe010167fd7787852081,cron,[INFO] [Producer] Intelligence: 87 sources selected (87 config + 0 registry),undefined,undefined,undefined,[]
[INFO] [Producer] Cron cycle #833 fired.,cloudflare-workers,2026-03-10T08:15:51.788Z,false,"0,15,30,45 * * * *",1773130551000,job-hunter-bot,exceededCpu,cron,a7fd90f8-dd89-49cd-a89f-9d1613cd7b9c,stateless,SGTSBPDA9ODMMQ3I,01KKBD24FCW1PDBGQ6P5ZPDNZ1,SGTSBPDA9ODMMQ3I,"0,15,30,45 * * * *",job-hunter-bot,[INFO] [Producer] Cron cycle #833 fired.,346e138aae29f6b381c1ebae50734856,cf-worker,9652c0eabd8fbe010167fd7787852081,cron,[INFO] [Producer] Cron cycle #833 fired.,undefined,undefined,undefined,[]
[INFO] [Producer] Cycle #832 dispatch complete.,cloudflare-workers,2026-03-10T08:02:05.999Z,false,"0,15,30,45 * * * *",1773129651000,job-hunter-bot,ok,cron,a7fd90f8-dd89-49cd-a89f-9d1613cd7b9c,stateless,N64R5DJR7IPDNLCG,01KKBC8Y1FJGAW6KT4Z5V1DWAM,N64R5DJR7IPDNLCG,"0,15,30,45 * * * *",job-hunter-bot,[INFO] [Producer] Cycle #832 dispatch complete.,346e138aae29f6b381c1ebae50734856,cf-worker,9652c0eabd8fbe010167fd7787852081,cron,[INFO] [Producer] <*> <*> <*> <*>.,undefined,undefined,undefined,[]
"[INFO] [SearchExpander] Expansion: 0 ATS sources, 0 domains queued",cloudflare-workers,2026-03-10T08:02:05.497Z,false,"0,15,30,45 * * * *",1773129651000,job-hunter-bot,ok,cron,a7fd90f8-dd89-49cd-a89f-9d1613cd7b9c,stateless,N64R5DJR7IPDNLCG,01KKBC8XHS9S1R62CJX7YMWK57,N64R5DJR7IPDNLCG,"0,15,30,45 * * * *",job-hunter-bot,"[INFO] [SearchExpander] Expansion: 0 ATS sources, 0 domains queued",346e138aae29f6b381c1ebae50734856,cf-worker,9652c0eabd8fbe010167fd7787852081,cron,[INFO] [<*>] <*>: 0 <*> <*> 0 <*> <*>,undefined,undefined,undefined,[]
"[INFO] [SearchExpander] No results for query: ""site:boards.greenhouse.io javascript developer remote""",cloudflare-workers,2026-03-10T08:02:05.460Z,false,"0,15,30,45 * * * *",1773129651000,job-hunter-bot,ok,cron,a7fd90f8-dd89-49cd-a89f-9d1613cd7b9c,stateless,N64R5DJR7IPDNLCG,01KKBC8XGMZBDSHAV0YP0N27TG,N64R5DJR7IPDNLCG,"0,15,30,45 * * * *",job-hunter-bot,"[INFO] [SearchExpander] No results for query: ""site:boards.greenhouse.io javascript developer remote""",346e138aae29f6b381c1ebae50734856,cf-worker,9652c0eabd8fbe010167fd7787852081,cron,"[INFO] [SearchExpander] No results for query: ""site:<DOMAIN> <*> developer remote""",undefined,undefined,undefined,[]
"[WARN] [SearchExpander] All search backends failed for ""site:boards.greenhouse.io javascript developer remote"" — returning empty",cloudflare-workers,2026-03-10T08:02:05.460Z,false,"0,15,30,45 * * * *",1773129651000,job-hunter-bot,ok,cron,a7fd90f8-dd89-49cd-a89f-9d1613cd7b9c,stateless,N64R5DJR7IPDNLCG,01KKBC8XGMZBDSHAV0YP0N27TF,N64R5DJR7IPDNLCG,"0,15,30,45 * * * *",job-hunter-bot,"[WARN] [SearchExpander] All search backends failed for ""site:boards.greenhouse.io javascript developer remote"" — returning empty",346e138aae29f6b381c1ebae50734856,cf-worker,9652c0eabd8fbe010167fd7787852081,cron,"[WARN] [SearchExpander] All search backends failed for ""site:<DOMAIN> <*> developer remote"" — returning empty",undefined,undefined,undefined,[]
"[WARN] [SearchExpander] brave error: Too many subrequests by single Worker invocation. To configure this limit, refer to https://developers.cloudflare.com/workers/wrangler/configuration/#limits — trying next backend",cloudflare-workers,2026-03-10T08:02:05.460Z,false,"0,15,30,45 * * * *",1773129651000,job-hunter-bot,ok,cron,a7fd90f8-dd89-49cd-a89f-9d1613cd7b9c,stateless,N64R5DJR7IPDNLCG,01KKBC8XGMZBDSHAV0YP0N27TE,N64R5DJR7IPDNLCG,"0,15,30,45 * * * *",job-hunter-bot,"[WARN] [SearchExpander] brave error: Too many subrequests by single Worker invocation. To configure this limit, refer to https://developers.cloudflare.com/workers/wrangler/configuration/#limits — trying next backend",346e138aae29f6b381c1ebae50734856,cf-worker,9652c0eabd8fbe010167fd7787852081,cron,"[WARN] [SearchExpander] <*> error: Too many subrequests by single Worker invocation. To configure this limit, refer to https://developers.cloudflare.com/workers/wrangler/configuration/#limits — trying next backend",undefined,undefined,undefined,[]
"[WARN] [Fetch] Attempt 2 failed for https://search.brave.com/search?q=site%3Aboards.greenhouse.io%20javascript%20developer%20remote&source=web (Too many subrequests by single Worker invocation. To configure this limit, refer to https://developers.cloudflare.com/workers/wrangler/configuration/#limits). Retrying in 2074ms...",cloudflare-workers,2026-03-10T08:02:03.386Z,false,"0,15,30,45 * * * *",1773129651000,job-hunter-bot,ok,cron,a7fd90f8-dd89-49cd-a89f-9d1613cd7b9c,stateless,N64R5DJR7IPDNLCG,01KKBC8X19N65CY64BWCSWGFCS,N64R5DJR7IPDNLCG,"0,15,30,45 * * * *",job-hunter-bot,"[WARN] [Fetch] Attempt 2 failed for https://search.brave.com/search?q=site%3Aboards.greenhouse.io%20javascript%20developer%20remote&source=web (Too many subrequests by single Worker invocation. To configure this limit, refer to https://developers.cloudflare.com/workers/wrangler/configuration/#limits). Retrying in 2074ms...",346e138aae29f6b381c1ebae50734856,cf-worker,9652c0eabd8fbe010167fd7787852081,cron,"[WARN] [Fetch] Attempt <*> failed for https://<*>.<*>.<*>/<*><DOMAIN><*> (Too many subrequests by single Worker invocation. To configure this limit, refer to https://developers.cloudflare.com/workers/wrangler/configuration/#limits). Retrying in <*>...",undefined,undefined,undefined,[]
"[WARN] [Fetch] Attempt 1 failed for https://search.brave.com/search?q=site%3Aboards.greenhouse.io%20javascript%20developer%20remote&source=web (Too many subrequests by single Worker invocation. To configure this limit, refer to https://developers.cloudflare.com/workers/wrangler/configuration/#limits). Retrying in 1485ms...",cloudflare-workers,2026-03-10T08:02:01.902Z,false,"0,15,30,45 * * * *",1773129651000,job-hunter-bot,ok,cron,a7fd90f8-dd89-49cd-a89f-9d1613cd7b9c,stateless,N64R5DJR7IPDNLCG,01KKBC8X19N65CY64BWCSWGFCR,N64R5DJR7IPDNLCG,"0,15,30,45 * * * *",job-hunter-bot,"[WARN] [Fetch] Attempt 1 failed for https://search.brave.com/search?q=site%3Aboards.greenhouse.io%20javascript%20developer%20remote&source=web (Too many subrequests by single Worker invocation. To configure this limit, refer to https://developers.cloudflare.com/workers/wrangler/configuration/#limits). Retrying in 1485ms...",346e138aae29f6b381c1ebae50734856,cf-worker,9652c0eabd8fbe010167fd7787852081,cron,"[WARN] [Fetch] Attempt <*> failed for https://<*>.<*>.<*>/<*><DOMAIN><*> (Too many subrequests by single Worker invocation. To configure this limit, refer to https://developers.cloudflare.com/workers/wrangler/configuration/#limits). Retrying in <*>...",undefined,undefined,undefined,[]
"[WARN] [SearchExpander] bing error: Too many subrequests by single Worker invocation. To configure this limit, refer to https://developers.cloudflare.com/workers/wrangler/configuration/#limits — trying next backend",cloudflare-workers,2026-03-10T08:02:01.902Z,false,"0,15,30,45 * * * *",1773129651000,job-hunter-bot,ok,cron,a7fd90f8-dd89-49cd-a89f-9d1613cd7b9c,stateless,N64R5DJR7IPDNLCG,01KKBC8X19N65CY64BWCSWGFCQ,N64R5DJR7IPDNLCG,"0,15,30,45 * * * *",job-hunter-bot,"[WARN] [SearchExpander] bing error: Too many subrequests by single Worker invocation. To configure this limit, refer to https://developers.cloudflare.com/workers/wrangler/configuration/#limits — trying next backend",346e138aae29f6b381c1ebae50734856,cf-worker,9652c0eabd8fbe010167fd7787852081,cron,"[WARN] [SearchExpander] <*> error: Too many subrequests by single Worker invocation. To configure this limit, refer to https://developers.cloudflare.com/workers/wrangler/configuration/#limits — trying next backend",undefined,undefined,undefined,[]
"[WARN] [Fetch] Attempt 2 failed for https://www.bing.com/search?q=site%3Aboards.greenhouse.io%20javascript%20developer%20remote&count=20&setlang=en (Too many subrequests by single Worker invocation. To configure this limit, refer to https://developers.cloudflare.com/workers/wrangler/configuration/#limits). Retrying in 2019ms...",cloudflare-workers,2026-03-10T08:01:59.884Z,false,"0,15,30,45 * * * *",1773129651000,job-hunter-bot,ok,cron,a7fd90f8-dd89-49cd-a89f-9d1613cd7b9c,stateless,N64R5DJR7IPDNLCG,01KKBC8X19N65CY64BWCSWGFCP,N64R5DJR7IPDNLCG,"0,15,30,45 * * * *",job-hunter-bot,"[WARN] [Fetch] Attempt 2 failed for https://www.bing.com/search?q=site%3Aboards.greenhouse.io%20javascript%20developer%20remote&count=20&setlang=en (Too many subrequests by single Worker invocation. To configure this limit, refer to https://developers.cloudflare.com/workers/wrangler/configuration/#limits). Retrying in 2019ms...",346e138aae29f6b381c1ebae50734856,cf-worker,9652c0eabd8fbe010167fd7787852081,cron,"[WARN] [Fetch] Attempt <*> failed for https://<*>.<*>.<*>/<*><DOMAIN><*> (Too many subrequests by single Worker invocation. To configure this limit, refer to https://developers.cloudflare.com/workers/wrangler/configuration/#limits). Retrying in <*>...",undefined,undefined,undefined,[]
"[WARN] [Fetch] Attempt 1 failed for https://www.bing.com/search?q=site%3Aboards.greenhouse.io%20javascript%20developer%20remote&count=20&setlang=en (Too many subrequests by single Worker invocation. To configure this limit, refer to https://developers.cloudflare.com/workers/wrangler/configuration/#limits). Retrying in 1447ms...",cloudflare-workers,2026-03-10T08:01:58.437Z,false,"0,15,30,45 * * * *",1773129651000,job-hunter-bot,ok,cron,a7fd90f8-dd89-49cd-a89f-9d1613cd7b9c,stateless,N64R5DJR7IPDNLCG,01KKBC8X19N65CY64BWCSWGFCN,N64R5DJR7IPDNLCG,"0,15,30,45 * * * *",job-hunter-bot,"[WARN] [Fetch] Attempt 1 failed for https://www.bing.com/search?q=site%3Aboards.greenhouse.io%20javascript%20developer%20remote&count=20&setlang=en (Too many subrequests by single Worker invocation. To configure this limit, refer to https://developers.cloudflare.com/workers/wrangler/configuration/#limits). Retrying in 1447ms...",346e138aae29f6b381c1ebae50734856,cf-worker,9652c0eabd8fbe010167fd7787852081,cron,"[WARN] [Fetch] Attempt <*> failed for https://<*>.<*>.<*>/<*><DOMAIN><*> (Too many subrequests by single Worker invocation. To configure this limit, refer to https://developers.cloudflare.com/workers/wrangler/configuration/#limits). Retrying in <*>...",undefined,undefined,undefined,[]
"[INFO] [SearchExpander] No results for query: ""series A startup hiring remote fullstack javascript engineer 2025""",cloudflare-workers,2026-03-10T08:01:58.437Z,false,"0,15,30,45 * * * *",1773129651000,job-hunter-bot,ok,cron,a7fd90f8-dd89-49cd-a89f-9d1613cd7b9c,stateless,N64R5DJR7IPDNLCG,01KKBC8X19N65CY64BWCSWGFCM,N64R5DJR7IPDNLCG,"0,15,30,45 * * * *",job-hunter-bot,"[INFO] [SearchExpander] No results for query: ""series A startup hiring remote fullstack javascript engineer 2025""",346e138aae29f6b381c1ebae50734856,cf-worker,9652c0eabd8fbe010167fd7787852081,cron,"[INFO] [SearchExpander] No results for query: ""series A startup hiring remote fullstack javascript engineer 2025""",undefined,undefined,undefined,[]
"[WARN] [SearchExpander] All search backends failed for ""series A startup hiring remote fullstack javascript engineer 2025"" — returning empty",cloudflare-workers,2026-03-10T08:01:58.437Z,false,"0,15,30,45 * * * *",1773129651000,job-hunter-bot,ok,cron,a7fd90f8-dd89-49cd-a89f-9d1613cd7b9c,stateless,N64R5DJR7IPDNLCG,01KKBC8X19N65CY64BWCSWGFCK,N64R5DJR7IPDNLCG,"0,15,30,45 * * * *",job-hunter-bot,"[WARN] [SearchExpander] All search backends failed for ""series A startup hiring remote fullstack javascript engineer 2025"" — returning empty",346e138aae29f6b381c1ebae50734856,cf-worker,9652c0eabd8fbe010167fd7787852081,cron,"[WARN] [SearchExpander] All search backends failed for ""series A startup hiring remote fullstack javascript engineer 2025"" — returning empty",undefined,undefined,undefined,[]
"[WARN] [SearchExpander] brave error: Too many subrequests by single Worker invocation. To configure this limit, refer to https://developers.cloudflare.com/workers/wrangler/configuration/#limits — trying next backend",cloudflare-workers,2026-03-10T08:01:58.437Z,false,"0,15,30,45 * * * *",1773129651000,job-hunter-bot,ok,cron,a7fd90f8-dd89-49cd-a89f-9d1613cd7b9c,stateless,N64R5DJR7IPDNLCG,01KKBC8X19N65CY64BWCSWGFCJ,N64R5DJR7IPDNLCG,"0,15,30,45 * * * *",job-hunter-bot,"[WARN] [SearchExpander] brave error: Too many subrequests by single Worker invocation. To configure this limit, refer to https://developers.cloudflare.com/workers/wrangler/configuration/#limits — trying next backend",346e138aae29f6b381c1ebae50734856,cf-worker,9652c0eabd8fbe010167fd7787852081,cron,"[WARN] [SearchExpander] <*> error: Too many subrequests by single Worker invocation. To configure this limit, refer to https://developers.cloudflare.com/workers/wrangler/configuration/#limits — trying next backend",undefined,undefined,undefined,[]
"[WARN] [Fetch] Attempt 2 failed for https://search.brave.com/search?q=series%20A%20startup%20hiring%20remote%20fullstack%20javascript%20engineer%202025&source=web (Too many subrequests by single Worker invocation. To configure this limit, refer to https://developers.cloudflare.com/workers/wrangler/configuration/#limits). Retrying in 2344ms...",cloudflare-workers,2026-03-10T08:01:56.093Z,false,"0,15,30,45 * * * *",1773129651000,job-hunter-bot,ok,cron,a7fd90f8-dd89-49cd-a89f-9d1613cd7b9c,stateless,N64R5DJR7IPDNLCG,01KKBC8X19N65CY64BWCSWGFCH,N64R5DJR7IPDNLCG,"0,15,30,45 * * * *",job-hunter-bot,"[WARN] [Fetch] Attempt 2 failed for https://search.brave.com/search?q=series%20A%20startup%20hiring%20remote%20fullstack%20javascript%20engineer%202025&source=web (Too many subrequests by single Worker invocation. To configure this limit, refer to https://developers.cloudflare.com/workers/wrangler/configuration/#limits). Retrying in 2344ms...",346e138aae29f6b381c1ebae50734856,cf-worker,9652c0eabd8fbe010167fd7787852081,cron,"[WARN] [Fetch] Attempt <*> failed for https://<*>.<*>.com/<*> (Too many subrequests by single Worker invocation. To configure this limit, refer to https://developers.cloudflare.com/workers/wrangler/configuration/#limits). Retrying in <*>...",undefined,undefined,undefined,[]
"[WARN] [Fetch] Attempt 1 failed for https://search.brave.com/search?q=series%20A%20startup%20hiring%20remote%20fullstack%20javascript%20engineer%202025&source=web (Too many subrequests by single Worker invocation. To configure this limit, refer to https://developers.cloudflare.com/workers/wrangler/configuration/#limits). Retrying in 1274ms...",cloudflare-workers,2026-03-10T08:01:54.820Z,false,"0,15,30,45 * * * *",1773129651000,job-hunter-bot,ok,cron,a7fd90f8-dd89-49cd-a89f-9d1613cd7b9c,stateless,N64R5DJR7IPDNLCG,01KKBC8X19N65CY64BWCSWGFCG,N64R5DJR7IPDNLCG,"0,15,30,45 * * * *",job-hunter-bot,"[WARN] [Fetch] Attempt 1 failed for https://search.brave.com/search?q=series%20A%20startup%20hiring%20remote%20fullstack%20javascript%20engineer%202025&source=web (Too many subrequests by single Worker invocation. To configure this limit, refer to https://developers.cloudflare.com/workers/wrangler/configuration/#limits). Retrying in 1274ms...",346e138aae29f6b381c1ebae50734856,cf-worker,9652c0eabd8fbe010167fd7787852081,cron,"[WARN] [Fetch] Attempt <*> failed for https://<*>.<*>.com/<*> (Too many subrequests by single Worker invocation. To configure this limit, refer to https://developers.cloudflare.com/workers/wrangler/configuration/#limits). Retrying in <*>...",undefined,undefined,undefined,[]
"[WARN] [SearchExpander] bing error: Too many subrequests by single Worker invocation. To configure this limit, refer to https://developers.cloudflare.com/workers/wrangler/configuration/#limits — trying next backend",cloudflare-workers,2026-03-10T08:01:54.820Z,false,"0,15,30,45 * * * *",1773129651000,job-hunter-bot,ok,cron,a7fd90f8-dd89-49cd-a89f-9d1613cd7b9c,stateless,N64R5DJR7IPDNLCG,01KKBC8X19N65CY64BWCSWGFCF,N64R5DJR7IPDNLCG,"0,15,30,45 * * * *",job-hunter-bot,"[WARN] [SearchExpander] bing error: Too many subrequests by single Worker invocation. To configure this limit, refer to https://developers.cloudflare.com/workers/wrangler/configuration/#limits — trying next backend",346e138aae29f6b381c1ebae50734856,cf-worker,9652c0eabd8fbe010167fd7787852081,cron,"[WARN] [SearchExpander] <*> error: Too many subrequests by single Worker invocation. To configure this limit, refer to https://developers.cloudflare.com/workers/wrangler/configuration/#limits — trying next backend",undefined,undefined,undefined,[]
"[WARN] [Fetch] Attempt 2 failed for https://www.bing.com/search?q=series%20A%20startup%20hiring%20remote%20fullstack%20javascript%20engineer%202025&count=20&setlang=en (Too many subrequests by single Worker invocation. To configure this limit, refer to https://developers.cloudflare.com/workers/wrangler/configuration/#limits). Retrying in 2204ms...",cloudflare-workers,2026-03-10T08:01:52.616Z,false,"0,15,30,45 * * * *",1773129651000,job-hunter-bot,ok,cron,a7fd90f8-dd89-49cd-a89f-9d1613cd7b9c,stateless,N64R5DJR7IPDNLCG,01KKBC8X19N65CY64BWCSWGFCE,N64R5DJR7IPDNLCG,"0,15,30,45 * * * *",job-hunter-bot,"[WARN] [Fetch] Attempt 2 failed for https://www.bing.com/search?q=series%20A%20startup%20hiring%20remote%20fullstack%20javascript%20engineer%202025&count=20&setlang=en (Too many subrequests by single Worker invocation. To configure this limit, refer to https://developers.cloudflare.com/workers/wrangler/configuration/#limits). Retrying in 2204ms...",346e138aae29f6b381c1ebae50734856,cf-worker,9652c0eabd8fbe010167fd7787852081,cron,"[WARN] [Fetch] Attempt <*> failed for https://<*>.<*>.com/<*> (Too many subrequests by single Worker invocation. To configure this limit, refer to https://developers.cloudflare.com/workers/wrangler/configuration/#limits). Retrying in <*>...",undefined,undefined,undefined,[]
"[WARN] [Fetch] Attempt 1 failed for https://www.bing.com/search?q=series%20A%20startup%20hiring%20remote%20fullstack%20javascript%20engineer%202025&count=20&setlang=en (Too many subrequests by single Worker invocation. To configure this limit, refer to https://developers.cloudflare.com/workers/wrangler/configuration/#limits). Retrying in 1396ms...",cloudflare-workers,2026-03-10T08:01:51.221Z,false,"0,15,30,45 * * * *",1773129651000,job-hunter-bot,ok,cron,a7fd90f8-dd89-49cd-a89f-9d1613cd7b9c,stateless,N64R5DJR7IPDNLCG,01KKBC8X19N65CY64BWCSWGFCD,N64R5DJR7IPDNLCG,"0,15,30,45 * * * *",job-hunter-bot,"[WARN] [Fetch] Attempt 1 failed for https://www.bing.com/search?q=series%20A%20startup%20hiring%20remote%20fullstack%20javascript%20engineer%202025&count=20&setlang=en (Too many subrequests by single Worker invocation. To configure this limit, refer to https://developers.cloudflare.com/workers/wrangler/configuration/#limits). Retrying in 1396ms...",346e138aae29f6b381c1ebae50734856,cf-worker,9652c0eabd8fbe010167fd7787852081,cron,"[WARN] [Fetch] Attempt <*> failed for https://<*>.<*>.com/<*> (Too many subrequests by single Worker invocation. To configure this limit, refer to https://developers.cloudflare.com/workers/wrangler/configuration/#limits). Retrying in <*>...",undefined,undefined,undefined,[]
"[INFO] [SearchExpander] No results for query: ""site:jobs.ashbyhq.com react developer remote""",cloudflare-workers,2026-03-10T08:01:51.221Z,false,"0,15,30,45 * * * *",1773129651000,job-hunter-bot,ok,cron,a7fd90f8-dd89-49cd-a89f-9d1613cd7b9c,stateless,N64R5DJR7IPDNLCG,01KKBC8X19N65CY64BWCSWGFCC,N64R5DJR7IPDNLCG,"0,15,30,45 * * * *",job-hunter-bot,"[INFO] [SearchExpander] No results for query: ""site:jobs.ashbyhq.com react developer remote""",346e138aae29f6b381c1ebae50734856,cf-worker,9652c0eabd8fbe010167fd7787852081,cron,"[INFO] [SearchExpander] No results for query: ""site:<DOMAIN> react developer remote""",undefined,undefined,undefined,[]
"[WARN] [SearchExpander] All search backends failed for ""site:jobs.ashbyhq.com react developer remote"" — returning empty",cloudflare-workers,2026-03-10T08:01:51.221Z,false,"0,15,30,45 * * * *",1773129651000,job-hunter-bot,ok,cron,a7fd90f8-dd89-49cd-a89f-9d1613cd7b9c,stateless,N64R5DJR7IPDNLCG,01KKBC8X19N65CY64BWCSWGFCB,N64R5DJR7IPDNLCG,"0,15,30,45 * * * *",job-hunter-bot,"[WARN] [SearchExpander] All search backends failed for ""site:jobs.ashbyhq.com react developer remote"" — returning empty",346e138aae29f6b381c1ebae50734856,cf-worker,9652c0eabd8fbe010167fd7787852081,cron,"[WARN] [SearchExpander] All search backends failed for ""site:<DOMAIN> react developer remote"" — returning empty",undefined,undefined,undefined,[]
"[WARN] [SearchExpander] brave error: Too many subrequests by single Worker invocation. To configure this limit, refer to https://developers.cloudflare.com/workers/wrangler/configuration/#limits — trying next backend",cloudflare-workers,2026-03-10T08:01:51.221Z,false,"0,15,30,45 * * * *",1773129651000,job-hunter-bot,ok,cron,a7fd90f8-dd89-49cd-a89f-9d1613cd7b9c,stateless,N64R5DJR7IPDNLCG,01KKBC8X19N65CY64BWCSWGFCA,N64R5DJR7IPDNLCG,"0,15,30,45 * * * *",job-hunter-bot,"[WARN] [SearchExpander] brave error: Too many subrequests by single Worker invocation. To configure this limit, refer to https://developers.cloudflare.com/workers/wrangler/configuration/#limits — trying next backend",346e138aae29f6b381c1ebae50734856,cf-worker,9652c0eabd8fbe010167fd7787852081,cron,"[WARN] [SearchExpander] <*> error: Too many subrequests by single Worker invocation. To configure this limit, refer to https://developers.cloudflare.com/workers/wrangler/configuration/#limits — trying next backend",undefined,undefined,undefined,[]
"[WARN] [Fetch] Attempt 2 failed for https://search.brave.com/search?q=site%3Ajobs.ashbyhq.com%20react%20developer%20remote&source=web (Too many subrequests by single Worker invocation. To configure this limit, refer to https://developers.cloudflare.com/workers/wrangler/configuration/#limits). Retrying in 2476ms...",cloudflare-workers,2026-03-10T08:01:48.745Z,false,"0,15,30,45 * * * *",1773129651000,job-hunter-bot,ok,cron,a7fd90f8-dd89-49cd-a89f-9d1613cd7b9c,stateless,N64R5DJR7IPDNLCG,01KKBC8X19N65CY64BWCSWGFC9,N64R5DJR7IPDNLCG,"0,15,30,45 * * * *",job-hunter-bot,"[WARN] [Fetch] Attempt 2 failed for https://search.brave.com/search?q=site%3Ajobs.ashbyhq.com%20react%20developer%20remote&source=web (Too many subrequests by single Worker invocation. To configure this limit, refer to https://developers.cloudflare.com/workers/wrangler/configuration/#limits). Retrying in 2476ms...",346e138aae29f6b381c1ebae50734856,cf-worker,9652c0eabd8fbe010167fd7787852081,cron,"[WARN] [Fetch] Attempt <*> failed for https://<*>.<*>.<*>/<*><DOMAIN><*> (Too many subrequests by single Worker invocation. To configure this limit, refer to https://developers.cloudflare.com/workers/wrangler/configuration/#limits). Retrying in <*>...",undefined,undefined,undefined,[]
"[WARN] [Fetch] Attempt 1 failed for https://search.brave.com/search?q=site%3Ajobs.ashbyhq.com%20react%20developer%20remote&source=web (Too many subrequests by single Worker invocation. To configure this limit, refer to https://developers.cloudflare.com/workers/wrangler/configuration/#limits). Retrying in 1066ms...",cloudflare-workers,2026-03-10T08:01:47.680Z,false,"0,15,30,45 * * * *",1773129651000,job-hunter-bot,ok,cron,a7fd90f8-dd89-49cd-a89f-9d1613cd7b9c,stateless,N64R5DJR7IPDNLCG,01KKBC8X19N65CY64BWCSWGFC8,N64R5DJR7IPDNLCG,"0,15,30,45 * * * *",job-hunter-bot,"[WARN] [Fetch] Attempt 1 failed for https://search.brave.com/search?q=site%3Ajobs.ashbyhq.com%20react%20developer%20remote&source=web (Too many subrequests by single Worker invocation. To configure this limit, refer to https://developers.cloudflare.com/workers/wrangler/configuration/#limits). Retrying in 1066ms...",346e138aae29f6b381c1ebae50734856,cf-worker,9652c0eabd8fbe010167fd7787852081,cron,"[WARN] [Fetch] Attempt <*> failed for https://<*>.<*>.<*>/<*><DOMAIN><*> (Too many subrequests by single Worker invocation. To configure this limit, refer to https://developers.cloudflare.com/workers/wrangler/configuration/#limits). Retrying in <*>...",undefined,undefined,undefined,[]
"[WARN] [SearchExpander] bing error: Too many subrequests by single Worker invocation. To configure this limit, refer to https://developers.cloudflare.com/workers/wrangler/configuration/#limits — trying next backend",cloudflare-workers,2026-03-10T08:01:47.680Z,false,"0,15,30,45 * * * *",1773129651000,job-hunter-bot,ok,cron,a7fd90f8-dd89-49cd-a89f-9d1613cd7b9c,stateless,N64R5DJR7IPDNLCG,01KKBC8X19N65CY64BWCSWGFC7,N64R5DJR7IPDNLCG,"0,15,30,45 * * * *",job-hunter-bot,"[WARN] [SearchExpander] bing error: Too many subrequests by single Worker invocation. To configure this limit, refer to https://developers.cloudflare.com/workers/wrangler/configuration/#limits — trying next backend",346e138aae29f6b381c1ebae50734856,cf-worker,9652c0eabd8fbe010167fd7787852081,cron,"[WARN] [SearchExpander] <*> error: Too many subrequests by single Worker invocation. To configure this limit, refer to https://developers.cloudflare.com/workers/wrangler/configuration/#limits — trying next backend",undefined,undefined,undefined,[]
"[WARN] [Fetch] Attempt 2 failed for https://www.bing.com/search?q=site%3Ajobs.ashbyhq.com%20react%20developer%20remote&count=20&setlang=en (Too many subrequests by single Worker invocation. To configure this limit, refer to https://developers.cloudflare.com/workers/wrangler/configuration/#limits). Retrying in 2418ms...",cloudflare-workers,2026-03-10T08:01:45.263Z,false,"0,15,30,45 * * * *",1773129651000,job-hunter-bot,ok,cron,a7fd90f8-dd89-49cd-a89f-9d1613cd7b9c,stateless,N64R5DJR7IPDNLCG,01KKBC8X19N65CY64BWCSWGFC6,N64R5DJR7IPDNLCG,"0,15,30,45 * * * *",job-hunter-bot,"[WARN] [Fetch] Attempt 2 failed for https://www.bing.com/search?q=site%3Ajobs.ashbyhq.com%20react%20developer%20remote&count=20&setlang=en (Too many subrequests by single Worker invocation. To configure this limit, refer to https://developers.cloudflare.com/workers/wrangler/configuration/#limits). Retrying in 2418ms...",346e138aae29f6b381c1ebae50734856,cf-worker,9652c0eabd8fbe010167fd7787852081,cron,"[WARN] [Fetch] Attempt <*> failed for https://<*>.<*>.<*>/<*><DOMAIN><*> (Too many subrequests by single Worker invocation. To configure this limit, refer to https://developers.cloudflare.com/workers/wrangler/configuration/#limits). Retrying in <*>...",undefined,undefined,undefined,[]
"[WARN] [Fetch] Attempt 1 failed for https://www.bing.com/search?q=site%3Ajobs.ashbyhq.com%20react%20developer%20remote&count=20&setlang=en (Too many subrequests by single Worker invocation. To configure this limit, refer to https://developers.cloudflare.com/workers/wrangler/configuration/#limits). Retrying in 1012ms...",cloudflare-workers,2026-03-10T08:01:44.251Z,false,"0,15,30,45 * * * *",1773129651000,job-hunter-bot,ok,cron,a7fd90f8-dd89-49cd-a89f-9d1613cd7b9c,stateless,N64R5DJR7IPDNLCG,01KKBC8X19N65CY64BWCSWGFC5,N64R5DJR7IPDNLCG,"0,15,30,45 * * * *",job-hunter-bot,"[WARN] [Fetch] Attempt 1 failed for https://www.bing.com/search?q=site%3Ajobs.ashbyhq.com%20react%20developer%20remote&count=20&setlang=en (Too many subrequests by single Worker invocation. To configure this limit, refer to https://developers.cloudflare.com/workers/wrangler/configuration/#limits). Retrying in 1012ms...",346e138aae29f6b381c1ebae50734856,cf-worker,9652c0eabd8fbe010167fd7787852081,cron,"[WARN] [Fetch] Attempt <*> failed for https://<*>.<*>.<*>/<*><DOMAIN><*> (Too many subrequests by single Worker invocation. To configure this limit, refer to https://developers.cloudflare.com/workers/wrangler/configuration/#limits). Retrying in <*>...",undefined,undefined,undefined,[]
"[INFO] [SearchExpander] No results for query: ""site:boards.greenhouse.io react engineer remote hiring""",cloudflare-workers,2026-03-10T08:01:44.251Z,false,"0,15,30,45 * * * *",1773129651000,job-hunter-bot,ok,cron,a7fd90f8-dd89-49cd-a89f-9d1613cd7b9c,stateless,N64R5DJR7IPDNLCG,01KKBC8X19N65CY64BWCSWGFC4,N64R5DJR7IPDNLCG,"0,15,30,45 * * * *",job-hunter-bot,"[INFO] [SearchExpander] No results for query: ""site:boards.greenhouse.io react engineer remote hiring""",346e138aae29f6b381c1ebae50734856,cf-worker,9652c0eabd8fbe010167fd7787852081,cron,"[INFO] [SearchExpander] No results for query: ""site:<DOMAIN> react engineer remote hiring""",undefined,undefined,undefined,[]
"[WARN] [SearchExpander] All search backends failed for ""site:boards.greenhouse.io react engineer remote hiring"" — returning empty",cloudflare-workers,2026-03-10T08:01:44.251Z,false,"0,15,30,45 * * * *",1773129651000,job-hunter-bot,ok,cron,a7fd90f8-dd89-49cd-a89f-9d1613cd7b9c,stateless,N64R5DJR7IPDNLCG,01KKBC8X19N65CY64BWCSWGFC3,N64R5DJR7IPDNLCG,"0,15,30,45 * * * *",job-hunter-bot,"[WARN] [SearchExpander] All search backends failed for ""site:boards.greenhouse.io react engineer remote hiring"" — returning empty",346e138aae29f6b381c1ebae50734856,cf-worker,9652c0eabd8fbe010167fd7787852081,cron,"[WARN] [SearchExpander] All search backends failed for ""site:<DOMAIN> react engineer remote hiring"" — returning empty",undefined,undefined,undefined,[]
"[WARN] [SearchExpander] brave error: Too many subrequests by single Worker invocation. To configure this limit, refer to https://developers.cloudflare.com/workers/wrangler/configuration/#limits — trying next backend",cloudflare-workers,2026-03-10T08:01:44.251Z,false,"0,15,30,45 * * * *",1773129651000,job-hunter-bot,ok,cron,a7fd90f8-dd89-49cd-a89f-9d1613cd7b9c,stateless,N64R5DJR7IPDNLCG,01KKBC8X19N65CY64BWCSWGFC2,N64R5DJR7IPDNLCG,"0,15,30,45 * * * *",job-hunter-bot,"[WARN] [SearchExpander] brave error: Too many subrequests by single Worker invocation. To configure this limit, refer to https://developers.cloudflare.com/workers/wrangler/configuration/#limits — trying next backend",346e138aae29f6b381c1ebae50734856,cf-worker,9652c0eabd8fbe010167fd7787852081,cron,"[WARN] [SearchExpander] <*> error: Too many subrequests by single Worker invocation. To configure this limit, refer to https://developers.cloudflare.com/workers/wrangler/configuration/#limits — trying next backend",undefined,undefined,undefined,[]
"[WARN] [Fetch] Attempt 2 failed for https://search.brave.com/search?q=site%3Aboards.greenhouse.io%20react%20engineer%20remote%20hiring&source=web (Too many subrequests by single Worker invocation. To configure this limit, refer to https://developers.cloudflare.com/workers/wrangler/configuration/#limits). Retrying in 2455ms...",cloudflare-workers,2026-03-10T08:01:41.796Z,false,"0,15,30,45 * * * *",1773129651000,job-hunter-bot,ok,cron,a7fd90f8-dd89-49cd-a89f-9d1613cd7b9c,stateless,N64R5DJR7IPDNLCG,01KKBC8X19N65CY64BWCSWGFC1,N64R5DJR7IPDNLCG,"0,15,30,45 * * * *",job-hunter-bot,"[WARN] [Fetch] Attempt 2 failed for https://search.brave.com/search?q=site%3Aboards.greenhouse.io%20react%20engineer%20remote%20hiring&source=web (Too many subrequests by single Worker invocation. To configure this limit, refer to https://developers.cloudflare.com/workers/wrangler/configuration/#limits). Retrying in 2455ms...",346e138aae29f6b381c1ebae50734856,cf-worker,9652c0eabd8fbe010167fd7787852081,cron,"[WARN] [Fetch] Attempt <*> failed for https://<*>.<*>.<*>/<*><DOMAIN><*> (Too many subrequests by single Worker invocation. To configure this limit, refer to https://developers.cloudflare.com/workers/wrangler/configuration/#limits). Retrying in <*>...",undefined,undefined,undefined,[]
"[WARN] [Fetch] Attempt 1 failed for https://search.brave.com/search?q=site%3Aboards.greenhouse.io%20react%20engineer%20remote%20hiring&source=web (Too many subrequests by single Worker invocation. To configure this limit, refer to https://developers.cloudflare.com/workers/wrangler/configuration/#limits). Retrying in 1377ms...",cloudflare-workers,2026-03-10T08:01:40.420Z,false,"0,15,30,45 * * * *",1773129651000,job-hunter-bot,ok,cron,a7fd90f8-dd89-49cd-a89f-9d1613cd7b9c,stateless,N64R5DJR7IPDNLCG,01KKBC8X19N65CY64BWCSWGFC0,N64R5DJR7IPDNLCG,"0,15,30,45 * * * *",job-hunter-bot,"[WARN] [Fetch] Attempt 1 failed for https://search.brave.com/search?q=site%3Aboards.greenhouse.io%20react%20engineer%20remote%20hiring&source=web (Too many subrequests by single Worker invocation. To configure this limit, refer to https://developers.cloudflare.com/workers/wrangler/configuration/#limits). Retrying in 1377ms...",346e138aae29f6b381c1ebae50734856,cf-worker,9652c0eabd8fbe010167fd7787852081,cron,"[WARN] [Fetch] Attempt <*> failed for https://<*>.<*>.<*>/<*><DOMAIN><*> (Too many subrequests by single Worker invocation. To configure this limit, refer to https://developers.cloudflare.com/workers/wrangler/configuration/#limits). Retrying in <*>...",undefined,undefined,undefined,[]
"[WARN] [SearchExpander] bing error: Too many subrequests by single Worker invocation. To configure this limit, refer to https://developers.cloudflare.com/workers/wrangler/configuration/#limits — trying next backend",cloudflare-workers,2026-03-10T08:01:40.420Z,false,"0,15,30,45 * * * *",1773129651000,job-hunter-bot,ok,cron,a7fd90f8-dd89-49cd-a89f-9d1613cd7b9c,stateless,N64R5DJR7IPDNLCG,01KKBC8X19N65CY64BWCSWGFBZ,N64R5DJR7IPDNLCG,"0,15,30,45 * * * *",job-hunter-bot,"[WARN] [SearchExpander] bing error: Too many subrequests by single Worker invocation. To configure this limit, refer to https://developers.cloudflare.com/workers/wrangler/configuration/#limits — trying next backend",346e138aae29f6b381c1ebae50734856,cf-worker,9652c0eabd8fbe010167fd7787852081,cron,"[WARN] [SearchExpander] <*> error: Too many subrequests by single Worker invocation. To configure this limit, refer to https://developers.cloudflare.com/workers/wrangler/configuration/#limits — trying next backend",undefined,undefined,undefined,[]
"[WARN] [Fetch] Attempt 2 failed for https://www.bing.com/search?q=site%3Aboards.greenhouse.io%20react%20engineer%20remote%20hiring&count=20&setlang=en (Too many subrequests by single Worker invocation. To configure this limit, refer to https://developers.cloudflare.com/workers/wrangler/configuration/#limits). Retrying in 2148ms...",cloudflare-workers,2026-03-10T08:01:38.272Z,false,"0,15,30,45 * * * *",1773129651000,job-hunter-bot,ok,cron,a7fd90f8-dd89-49cd-a89f-9d1613cd7b9c,stateless,N64R5DJR7IPDNLCG,01KKBC8X19N65CY64BWCSWGFBY,N64R5DJR7IPDNLCG,"0,15,30,45 * * * *",job-hunter-bot,"[WARN] [Fetch] Attempt 2 failed for https://www.bing.com/search?q=site%3Aboards.greenhouse.io%20react%20engineer%20remote%20hiring&count=20&setlang=en (Too many subrequests by single Worker invocation. To configure this limit, refer to https://developers.cloudflare.com/workers/wrangler/configuration/#limits). Retrying in 2148ms...",346e138aae29f6b381c1ebae50734856,cf-worker,9652c0eabd8fbe010167fd7787852081,cron,"[WARN] [Fetch] Attempt <*> failed for https://<*>.<*>.<*>/<*><DOMAIN><*> (Too many subrequests by single Worker invocation. To configure this limit, refer to https://developers.cloudflare.com/workers/wrangler/configuration/#limits). Retrying in <*>...",undefined,undefined,undefined,[]
"[WARN] [Fetch] Attempt 1 failed for https://www.bing.com/search?q=site%3Aboards.greenhouse.io%20react%20engineer%20remote%20hiring&count=20&setlang=en (Too many subrequests by single Worker invocation. To configure this limit, refer to https://developers.cloudflare.com/workers/wrangler/configuration/#limits). Retrying in 1459ms...",cloudflare-workers,2026-03-10T08:01:36.814Z,false,"0,15,30,45 * * * *",1773129651000,job-hunter-bot,ok,cron,a7fd90f8-dd89-49cd-a89f-9d1613cd7b9c,stateless,N64R5DJR7IPDNLCG,01KKBC8X19N65CY64BWCSWGFBX,N64R5DJR7IPDNLCG,"0,15,30,45 * * * *",job-hunter-bot,"[WARN] [Fetch] Attempt 1 failed for https://www.bing.com/search?q=site%3Aboards.greenhouse.io%20react%20engineer%20remote%20hiring&count=20&setlang=en (Too many subrequests by single Worker invocation. To configure this limit, refer to https://developers.cloudflare.com/workers/wrangler/configuration/#limits). Retrying in 1459ms...",346e138aae29f6b381c1ebae50734856,cf-worker,9652c0eabd8fbe010167fd7787852081,cron,"[WARN] [Fetch] Attempt <*> failed for https://<*>.<*>.<*>/<*><DOMAIN><*> (Too many subrequests by single Worker invocation. To configure this limit, refer to https://developers.cloudflare.com/workers/wrangler/configuration/#limits). Retrying in <*>...",undefined,undefined,undefined,[]
"[INFO] [SearchExpander] No results for query: ""MERN remote India ""careers""""",cloudflare-workers,2026-03-10T08:01:36.814Z,false,"0,15,30,45 * * * *",1773129651000,job-hunter-bot,ok,cron,a7fd90f8-dd89-49cd-a89f-9d1613cd7b9c,stateless,N64R5DJR7IPDNLCG,01KKBC8X19N65CY64BWCSWGFBW,N64R5DJR7IPDNLCG,"0,15,30,45 * * * *",job-hunter-bot,"[INFO] [SearchExpander] No results for query: ""MERN remote India ""careers""""",346e138aae29f6b381c1ebae50734856,cf-worker,9652c0eabd8fbe010167fd7787852081,cron,"[INFO] [SearchExpander] No results for query: ""MERN remote India ""careers""""",undefined,undefined,undefined,[]
"[WARN] [SearchExpander] All search backends failed for ""MERN remote India ""careers"""" — returning empty",cloudflare-workers,2026-03-10T08:01:36.814Z,false,"0,15,30,45 * * * *",1773129651000,job-hunter-bot,ok,cron,a7fd90f8-dd89-49cd-a89f-9d1613cd7b9c,stateless,N64R5DJR7IPDNLCG,01KKBC8X19N65CY64BWCSWGFBV,N64R5DJR7IPDNLCG,"0,15,30,45 * * * *",job-hunter-bot,"[WARN] [SearchExpander] All search backends failed for ""MERN remote India ""careers"""" — returning empty",346e138aae29f6b381c1ebae50734856,cf-worker,9652c0eabd8fbe010167fd7787852081,cron,"[WARN] [SearchExpander] All search backends failed for ""MERN remote India ""careers"""" — returning empty",undefined,undefined,undefined,[]
"[WARN] [SearchExpander] brave error: Too many subrequests by single Worker invocation. To configure this limit, refer to https://developers.cloudflare.com/workers/wrangler/configuration/#limits — trying next backend",cloudflare-workers,2026-03-10T08:01:36.814Z,false,"0,15,30,45 * * * *",1773129651000,job-hunter-bot,ok,cron,a7fd90f8-dd89-49cd-a89f-9d1613cd7b9c,stateless,N64R5DJR7IPDNLCG,01KKBC8X19N65CY64BWCSWGFBT,N64R5DJR7IPDNLCG,"0,15,30,45 * * * *",job-hunter-bot,"[WARN] [SearchExpander] brave error: Too many subrequests by single Worker invocation. To configure this limit, refer to https://developers.cloudflare.com/workers/wrangler/configuration/#limits — trying next backend",346e138aae29f6b381c1ebae50734856,cf-worker,9652c0eabd8fbe010167fd7787852081,cron,"[WARN] [SearchExpander] <*> error: Too many subrequests by single Worker invocation. To configure this limit, refer to https://developers.cloudflare.com/workers/wrangler/configuration/#limits — trying next backend",undefined,undefined,undefined,[]
"[WARN] [Fetch] Attempt 2 failed for https://search.brave.com/search?q=MERN%20remote%20India%20%22careers%22&source=web (Too many subrequests by single Worker invocation. To configure this limit, refer to https://developers.cloudflare.com/workers/wrangler/configuration/#limits). Retrying in 2171ms...",cloudflare-workers,2026-03-10T08:01:34.644Z,false,"0,15,30,45 * * * *",1773129651000,job-hunter-bot,ok,cron,a7fd90f8-dd89-49cd-a89f-9d1613cd7b9c,stateless,N64R5DJR7IPDNLCG,01KKBC8X19N65CY64BWCSWGFBS,N64R5DJR7IPDNLCG,"0,15,30,45 * * * *",job-hunter-bot,"[WARN] [Fetch] Attempt 2 failed for https://search.brave.com/search?q=MERN%20remote%20India%20%22careers%22&source=web (Too many subrequests by single Worker invocation. To configure this limit, refer to https://developers.cloudflare.com/workers/wrangler/configuration/#limits). Retrying in 2171ms...",346e138aae29f6b381c1ebae50734856,cf-worker,9652c0eabd8fbe010167fd7787852081,cron,"[WARN] [Fetch] Attempt <*> failed for https://<*>.<*>.com/<*> (Too many subrequests by single Worker invocation. To configure this limit, refer to https://developers.cloudflare.com/workers/wrangler/configuration/#limits). Retrying in <*>...",undefined,undefined,undefined,[]
"[WARN] [Fetch] Attempt 1 failed for https://search.brave.com/search?q=MERN%20remote%20India%20%22careers%22&source=web (Too many subrequests by single Worker invocation. To configure this limit, refer to https://developers.cloudflare.com/workers/wrangler/configuration/#limits). Retrying in 1009ms...",cloudflare-workers,2026-03-10T08:01:33.635Z,false,"0,15,30,45 * * * *",1773129651000,job-hunter-bot,ok,cron,a7fd90f8-dd89-49cd-a89f-9d1613cd7b9c,stateless,N64R5DJR7IPDNLCG,01KKBC8X19N65CY64BWCSWGFBR,N64R5DJR7IPDNLCG,"0,15,30,45 * * * *",job-hunter-bot,"[WARN] [Fetch] Attempt 1 failed for https://search.brave.com/search?q=MERN%20remote%20India%20%22careers%22&source=web (Too many subrequests by single Worker invocation. To configure this limit, refer to https://developers.cloudflare.com/workers/wrangler/configuration/#limits). Retrying in 1009ms...",346e138aae29f6b381c1ebae50734856,cf-worker,9652c0eabd8fbe010167fd7787852081,cron,"[WARN] [Fetch] Attempt <*> failed for https://<*>.<*>.com/<*> (Too many subrequests by single Worker invocation. To configure this limit, refer to https://developers.cloudflare.com/workers/wrangler/configuration/#limits). Retrying in <*>...",undefined,undefined,undefined,[]
"[WARN] [SearchExpander] bing error: Too many subrequests by single Worker invocation. To configure this limit, refer to https://developers.cloudflare.com/workers/wrangler/configuration/#limits — trying next backend",cloudflare-workers,2026-03-10T08:01:33.635Z,false,"0,15,30,45 * * * *",1773129651000,job-hunter-bot,ok,cron,a7fd90f8-dd89-49cd-a89f-9d1613cd7b9c,stateless,N64R5DJR7IPDNLCG,01KKBC8X19N65CY64BWCSWGFBQ,N64R5DJR7IPDNLCG,"0,15,30,45 * * * *",job-hunter-bot,"[WARN] [SearchExpander] bing error: Too many subrequests by single Worker invocation. To configure this limit, refer to https://developers.cloudflare.com/workers/wrangler/configuration/#limits — trying next backend",346e138aae29f6b381c1ebae50734856,cf-worker,9652c0eabd8fbe010167fd7787852081,cron,"[WARN] [SearchExpander] bing error: Too many subrequests by single Worker invocation. To configure this limit, refer to https://developers.cloudflare.com/workers/wrangler/configuration/#limits — trying next backend",undefined,undefined,undefined,[]
"[WARN] [Fetch] Attempt 2 failed for https://www.bing.com/search?q=MERN%20remote%20India%20%22careers%22&count=20&setlang=en (Too many subrequests by single Worker invocation. To configure this limit, refer to https://developers.cloudflare.com/workers/wrangler/configuration/#limits). Retrying in 2257ms...",cloudflare-workers,2026-03-10T08:01:31.378Z,false,"0,15,30,45 * * * *",1773129651000,job-hunter-bot,ok,cron,a7fd90f8-dd89-49cd-a89f-9d1613cd7b9c,stateless,N64R5DJR7IPDNLCG,01KKBC8X19N65CY64BWCSWGFBP,N64R5DJR7IPDNLCG,"0,15,30,45 * * * *",job-hunter-bot,"[WARN] [Fetch] Attempt 2 failed for https://www.bing.com/search?q=MERN%20remote%20India%20%22careers%22&count=20&setlang=en (Too many subrequests by single Worker invocation. To configure this limit, refer to https://developers.cloudflare.com/workers/wrangler/configuration/#limits). Retrying in 2257ms...",346e138aae29f6b381c1ebae50734856,cf-worker,9652c0eabd8fbe010167fd7787852081,cron,"[WARN] [Fetch] Attempt <*> failed for https://www.bing.com/search?q=MERN%20remote%20India%20%22careers%22&count=20&setlang=en (Too many subrequests by single Worker invocation. To configure this limit, refer to https://developers.cloudflare.com/workers/wrangler/configuration/#limits). Retrying in <*>...",undefined,undefined,undefined,[]
"[WARN] [Fetch] Attempt 1 failed for https://www.bing.com/search?q=MERN%20remote%20India%20%22careers%22&count=20&setlang=en (Too many subrequests by single Worker invocation. To configure this limit, refer to https://developers.cloudflare.com/workers/wrangler/configuration/#limits). Retrying in 1213ms...",cloudflare-workers,2026-03-10T08:01:30.165Z,false,"0,15,30,45 * * * *",1773129651000,job-hunter-bot,ok,cron,a7fd90f8-dd89-49cd-a89f-9d1613cd7b9c,stateless,N64R5DJR7IPDNLCG,01KKBC8X19N65CY64BWCSWGFBN,N64R5DJR7IPDNLCG,"0,15,30,45 * * * *",job-hunter-bot,"[WARN] [Fetch] Attempt 1 failed for https://www.bing.com/search?q=MERN%20remote%20India%20%22careers%22&count=20&setlang=en (Too many subrequests by single Worker invocation. To configure this limit, refer to https://developers.cloudflare.com/workers/wrangler/configuration/#limits). Retrying in 1213ms...",346e138aae29f6b381c1ebae50734856,cf-worker,9652c0eabd8fbe010167fd7787852081,cron,"[WARN] [Fetch] Attempt 1 failed for https://www.bing.com/search?q=MERN%20remote%20India%20%22careers%22&count=20&setlang=en (Too many subrequests by single Worker invocation. To configure this limit, refer to https://developers.cloudflare.com/workers/wrangler/configuration/#limits). Retrying in 1213ms...",undefined,undefined,undefined,[]
"[INFO] [GrowthEngine] Persisted 0 skill spikes, 0 hiring surges",cloudflare-workers,2026-03-10T08:01:30.165Z,false,"0,15,30,45 * * * *",1773129651000,job-hunter-bot,ok,cron,a7fd90f8-dd89-49cd-a89f-9d1613cd7b9c,stateless,N64R5DJR7IPDNLCG,01KKBC8X19N65CY64BWCSWGFBM,N64R5DJR7IPDNLCG,"0,15,30,45 * * * *",job-hunter-bot,"[INFO] [GrowthEngine] Persisted 0 skill spikes, 0 hiring surges",346e138aae29f6b381c1ebae50734856,cf-worker,9652c0eabd8fbe010167fd7787852081,cron,[INFO] [<*>] <*> 0 <*> <*> 0 <*> <*>,undefined,undefined,undefined,[]
[INFO] [GrowthEngine] Skill spikes detected: 0 skills (),cloudflare-workers,2026-03-10T08:01:30.165Z,false,"0,15,30,45 * * * *",1773129651000,job-hunter-bot,ok,cron,a7fd90f8-dd89-49cd-a89f-9d1613cd7b9c,stateless,N64R5DJR7IPDNLCG,01KKBC8X19N65CY64BWCSWGFBK,N64R5DJR7IPDNLCG,"0,15,30,45 * * * *",job-hunter-bot,[INFO] [GrowthEngine] Skill spikes detected: 0 skills (),346e138aae29f6b381c1ebae50734856,cf-worker,9652c0eabd8fbe010167fd7787852081,cron,[INFO] [GrowthEngine] Skill spikes detected: 0 skills (),undefined,undefined,undefined,[]
[WARN] [GrowthEngine] detectHiringSurge failed: D1_ERROR: no such column: created_at at offset 83: SQLITE_ERROR,cloudflare-workers,2026-03-10T08:01:30.165Z,false,"0,15,30,45 * * * *",1773129651000,job-hunter-bot,ok,cron,a7fd90f8-dd89-49cd-a89f-9d1613cd7b9c,stateless,N64R5DJR7IPDNLCG,01KKBC8X19N65CY64BWCSWGFBJ,N64R5DJR7IPDNLCG,"0,15,30,45 * * * *",job-hunter-bot,[WARN] [GrowthEngine] detectHiringSurge failed: D1_ERROR: no such column: created_at at offset 83: SQLITE_ERROR,346e138aae29f6b381c1ebae50734856,cf-worker,9652c0eabd8fbe010167fd7787852081,cron,[WARN] [GrowthEngine] detectHiringSurge failed: D1_ERROR: no such column: created_at at offset 83: SQLITE_ERROR,undefined,undefined,undefined,[]
[INFO] [Intelligence] Priority recalculation: 153 sources updated,cloudflare-workers,2026-03-10T08:01:29.574Z,false,"0,15,30,45 * * * *",1773129651000,job-hunter-bot,ok,cron,a7fd90f8-dd89-49cd-a89f-9d1613cd7b9c,stateless,N64R5DJR7IPDNLCG,01KKBC8X19N65CY64BWCSWGFBH,N64R5DJR7IPDNLCG,"0,15,30,45 * * * *",job-hunter-bot,[INFO] [Intelligence] Priority recalculation: 153 sources updated,346e138aae29f6b381c1ebae50734856,cf-worker,9652c0eabd8fbe010167fd7787852081,cron,[INFO] [Intelligence] Priority recalculation: 153 sources updated,undefined,undefined,undefined,[]
[INFO] [Intelligence] Recalculated priorities for 153 sources,cloudflare-workers,2026-03-10T08:01:29.574Z,false,"0,15,30,45 * * * *",1773129651000,job-hunter-bot,ok,cron,a7fd90f8-dd89-49cd-a89f-9d1613cd7b9c,stateless,N64R5DJR7IPDNLCG,01KKBC8X19N65CY64BWCSWGFBG,N64R5DJR7IPDNLCG,"0,15,30,45 * * * *",job-hunter-bot,[INFO] [Intelligence] Recalculated priorities for 153 sources,346e138aae29f6b381c1ebae50734856,cf-worker,9652c0eabd8fbe010167fd7787852081,cron,[INFO] [Intelligence] Recalculated priorities for 153 sources,undefined,undefined,undefined,[]
[INFO] [Fetcher] Harvest complete. Inserted 0 new jobs (0 dupes filtered).,cloudflare-workers,2026-03-10T08:01:28.778Z,false,"0,15,30,45 * * * *",1773129651000,job-hunter-bot,ok,cron,a7fd90f8-dd89-49cd-a89f-9d1613cd7b9c,stateless,N64R5DJR7IPDNLCG,01KKBC8X19N65CY64BWCSWGFBF,N64R5DJR7IPDNLCG,"0,15,30,45 * * * *",job-hunter-bot,[INFO] [Fetcher] Harvest complete. Inserted 0 new jobs (0 dupes filtered).,346e138aae29f6b381c1ebae50734856,cf-worker,9652c0eabd8fbe010167fd7787852081,cron,[INFO] [Fetcher] Harvest complete. Inserted <*> new jobs (<*> dupes filtered).,undefined,undefined,undefined,[]
[INFO] [Producer] Direct processing: 65/148 sources completed.,cloudflare-workers,2026-03-10T08:01:28.433Z,false,"0,15,30,45 * * * *",1773129651000,job-hunter-bot,ok,cron,a7fd90f8-dd89-49cd-a89f-9d1613cd7b9c,stateless,N64R5DJR7IPDNLCG,01KKBC8X19N65CY64BWCSWGFBE,N64R5DJR7IPDNLCG,"0,15,30,45 * * * *",job-hunter-bot,[INFO] [Producer] Direct processing: 65/148 sources completed.,346e138aae29f6b381c1ebae50734856,cf-worker,9652c0eabd8fbe010167fd7787852081,cron,[INFO] [Producer] Direct <*>: <*>/148 sources <*>.,undefined,undefined,undefined,[]
"[WARN] [Producer] Wall-time guard: processed 65/148 sources in 28.3s, deferring rest to next cycle.",cloudflare-workers,2026-03-10T08:01:28.433Z,false,"0,15,30,45 * * * *",1773129651000,job-hunter-bot,ok,cron,a7fd90f8-dd89-49cd-a89f-9d1613cd7b9c,stateless,N64R5DJR7IPDNLCG,01KKBC8X19N65CY64BWCSWGFBD,N64R5DJR7IPDNLCG,"0,15,30,45 * * * *",job-hunter-bot,"[WARN] [Producer] Wall-time guard: processed 65/148 sources in 28.3s, deferring rest to next cycle.",346e138aae29f6b381c1ebae50734856,cf-worker,9652c0eabd8fbe010167fd7787852081,cron,"[WARN] [Producer] Wall-time guard: processed 65/148 sources in 28.3s, deferring rest to next cycle.",undefined,undefined,undefined,[]
[WARN] [Circuit] OPEN for https://api.lever.co/v0/postings/mercury after 77 consecutive failures. Cooldown: 261min,cloudflare-workers,2026-03-10T08:01:28.226Z,false,"0,15,30,45 * * * *",1773129651000,job-hunter-bot,ok,cron,a7fd90f8-dd89-49cd-a89f-9d1613cd7b9c,stateless,N64R5DJR7IPDNLCG,01KKBC8X19N65CY64BWCSWGFBC,N64R5DJR7IPDNLCG,"0,15,30,45 * * * *",job-hunter-bot,[WARN] [Circuit] OPEN for https://api.lever.co/v0/postings/mercury after 77 consecutive failures. Cooldown: 261min,346e138aae29f6b381c1ebae50734856,cf-worker,9652c0eabd8fbe010167fd7787852081,cron,[WARN] [Circuit] OPEN for https://api.lever.co/v0/postings/<*> after <*> consecutive failures. Cooldown: <*>,undefined,undefined,undefined,[]
[WARN] [Circuit] OPEN for https://api.lever.co/v0/postings/deel after 77 consecutive failures. Cooldown: 263min,cloudflare-workers,2026-03-10T08:01:28.225Z,false,"0,15,30,45 * * * *",1773129651000,job-hunter-bot,ok,cron,a7fd90f8-dd89-49cd-a89f-9d1613cd7b9c,stateless,N64R5DJR7IPDNLCG,01KKBC8X19N65CY64BWCSWGFBB,N64R5DJR7IPDNLCG,"0,15,30,45 * * * *",job-hunter-bot,[WARN] [Circuit] OPEN for https://api.lever.co/v0/postings/deel after 77 consecutive failures. Cooldown: 263min,346e138aae29f6b381c1ebae50734856,cf-worker,9652c0eabd8fbe010167fd7787852081,cron,[WARN] [Circuit] OPEN for https://api.lever.co/v0/postings/<*> after <*> consecutive failures. Cooldown: <*>,undefined,undefined,undefined,[]
[WARN] [Circuit] OPEN for https://api.lever.co/v0/postings/gusto after 77 consecutive failures. Cooldown: 231min,cloudflare-workers,2026-03-10T08:01:28.224Z,false,"0,15,30,45 * * * *",1773129651000,job-hunter-bot,ok,cron,a7fd90f8-dd89-49cd-a89f-9d1613cd7b9c,stateless,N64R5DJR7IPDNLCG,01KKBC8X19N65CY64BWCSWGFBA,N64R5DJR7IPDNLCG,"0,15,30,45 * * * *",job-hunter-bot,[WARN] [Circuit] OPEN for https://api.lever.co/v0/postings/gusto after 77 consecutive failures. Cooldown: 231min,346e138aae29f6b381c1ebae50734856,cf-worker,9652c0eabd8fbe010167fd7787852081,cron,[WARN] [Circuit] OPEN for https://api.lever.co/v0/postings/<*> after <*> consecutive failures. Cooldown: <*>,undefined,undefined,undefined,[]
[INFO] [Connectors] Harvest complete | Sources: 3 (lever:3) | Jobs: 0 | Errors: 3,cloudflare-workers,2026-03-10T08:01:28.194Z,false,"0,15,30,45 * * * *",1773129651000,job-hunter-bot,ok,cron,a7fd90f8-dd89-49cd-a89f-9d1613cd7b9c,stateless,N64R5DJR7IPDNLCG,01KKBC8X19N65CY64BWCSWGFB9,N64R5DJR7IPDNLCG,"0,15,30,45 * * * *",job-hunter-bot,[INFO] [Connectors] Harvest complete | Sources: 3 (lever:3) | Jobs: 0 | Errors: 3,346e138aae29f6b381c1ebae50734856,cf-worker,9652c0eabd8fbe010167fd7787852081,cron,[INFO] [Connectors] Harvest complete | Sources: <*> (<*>) | Jobs: <*> | Errors: <*>,undefined,undefined,undefined,[]
"[WARN] [Lever] Gusto failed: Too many subrequests by single Worker invocation. To configure this limit, refer to https://developers.cloudflare.com/workers/wrangler/configuration/#limits",cloudflare-workers,2026-03-10T08:01:28.194Z,false,"0,15,30,45 * * * *",1773129651000,job-hunter-bot,ok,cron,a7fd90f8-dd89-49cd-a89f-9d1613cd7b9c,stateless,N64R5DJR7IPDNLCG,01KKBC8X19N65CY64BWCSWGFB8,N64R5DJR7IPDNLCG,"0,15,30,45 * * * *",job-hunter-bot,"[WARN] [Lever] Gusto failed: Too many subrequests by single Worker invocation. To configure this limit, refer to https://developers.cloudflare.com/workers/wrangler/configuration/#limits",346e138aae29f6b381c1ebae50734856,cf-worker,9652c0eabd8fbe010167fd7787852081,cron,"[WARN] [Lever] <*> failed: Too many subrequests by single Worker invocation. To configure this limit, refer to https://developers.cloudflare.com/workers/wrangler/configuration/#limits",undefined,undefined,undefined,[]
"[WARN] [Lever] Mercury failed: Too many subrequests by single Worker invocation. To configure this limit, refer to https://developers.cloudflare.com/workers/wrangler/configuration/#limits",cloudflare-workers,2026-03-10T08:01:27.565Z,false,"0,15,30,45 * * * *",1773129651000,job-hunter-bot,ok,cron,a7fd90f8-dd89-49cd-a89f-9d1613cd7b9c,stateless,N64R5DJR7IPDNLCG,01KKBC8X19N65CY64BWCSWGFB7,N64R5DJR7IPDNLCG,"0,15,30,45 * * * *",job-hunter-bot,"[WARN] [Lever] Mercury failed: Too many subrequests by single Worker invocation. To configure this limit, refer to https://developers.cloudflare.com/workers/wrangler/configuration/#limits",346e138aae29f6b381c1ebae50734856,cf-worker,9652c0eabd8fbe010167fd7787852081,cron,"[WARN] [Lever] <*> failed: Too many subrequests by single Worker invocation. To configure this limit, refer to https://developers.cloudflare.com/workers/wrangler/configuration/#limits",undefined,undefined,undefined,[]
"[WARN] [Lever] Deel failed: Too many subrequests by single Worker invocation. To configure this limit, refer to https://developers.cloudflare.com/workers/wrangler/configuration/#limits",cloudflare-workers,2026-03-10T08:01:27.538Z,false,"0,15,30,45 * * * *",1773129651000,job-hunter-bot,ok,cron,a7fd90f8-dd89-49cd-a89f-9d1613cd7b9c,stateless,N64R5DJR7IPDNLCG,01KKBC8X19N65CY64BWCSWGFB6,N64R5DJR7IPDNLCG,"0,15,30,45 * * * *",job-hunter-bot,"[WARN] [Lever] Deel failed: Too many subrequests by single Worker invocation. To configure this limit, refer to https://developers.cloudflare.com/workers/wrangler/configuration/#limits",346e138aae29f6b381c1ebae50734856,cf-worker,9652c0eabd8fbe010167fd7787852081,cron,"[WARN] [Lever] Deel failed: Too many subrequests by single Worker invocation. To configure this limit, refer to https://developers.cloudflare.com/workers/wrangler/configuration/#limits",undefined,undefined,undefined,[]
"[WARN] [Fetch] Attempt 2 failed for https://api.lever.co/v0/postings/gusto?mode=json (Too many subrequests by single Worker invocation. To configure this limit, refer to https://developers.cloudflare.com/workers/wrangler/configuration/#limits). Retrying in 2440ms...",cloudflare-workers,2026-03-10T08:01:25.754Z,false,"0,15,30,45 * * * *",1773129651000,job-hunter-bot,ok,cron,a7fd90f8-dd89-49cd-a89f-9d1613cd7b9c,stateless,N64R5DJR7IPDNLCG,01KKBC8X19N65CY64BWCSWGFB5,N64R5DJR7IPDNLCG,"0,15,30,45 * * * *",job-hunter-bot,"[WARN] [Fetch] Attempt 2 failed for https://api.lever.co/v0/postings/gusto?mode=json (Too many subrequests by single Worker invocation. To configure this limit, refer to https://developers.cloudflare.com/workers/wrangler/configuration/#limits). Retrying in 2440ms...",346e138aae29f6b381c1ebae50734856,cf-worker,9652c0eabd8fbe010167fd7787852081,cron,"[WARN] [Fetch] Attempt <*> failed for https://api.lever.co/v0/postings/<*> (Too many subrequests by single Worker invocation. To configure this limit, refer to https://developers.cloudflare.com/workers/wrangler/configuration/#limits). Retrying in <*>...",undefined,undefined,undefined,[]
"[WARN] [Fetch] Attempt 2 failed for https://api.lever.co/v0/postings/deel?mode=json (Too many subrequests by single Worker invocation. To configure this limit, refer to https://developers.cloudflare.com/workers/wrangler/configuration/#limits). Retrying in 2024ms...",cloudflare-workers,2026-03-10T08:01:25.514Z,false,"0,15,30,45 * * * *",1773129651000,job-hunter-bot,ok,cron,a7fd90f8-dd89-49cd-a89f-9d1613cd7b9c,stateless,N64R5DJR7IPDNLCG,01KKBC8X19N65CY64BWCSWGFB4,N64R5DJR7IPDNLCG,"0,15,30,45 * * * *",job-hunter-bot,"[WARN] [Fetch] Attempt 2 failed for https://api.lever.co/v0/postings/deel?mode=json (Too many subrequests by single Worker invocation. To configure this limit, refer to https://developers.cloudflare.com/workers/wrangler/configuration/#limits). Retrying in 2024ms...",346e138aae29f6b381c1ebae50734856,cf-worker,9652c0eabd8fbe010167fd7787852081,cron,"[WARN] [Fetch] Attempt <*> failed for https://api.lever.co/v0/postings/<*> (Too many subrequests by single Worker invocation. To configure this limit, refer to https://developers.cloudflare.com/workers/wrangler/configuration/#limits). Retrying in <*>...",undefined,undefined,undefined,[]
"[WARN] [Fetch] Attempt 2 failed for https://api.lever.co/v0/postings/mercury?mode=json (Too many subrequests by single Worker invocation. To configure this limit, refer to https://developers.cloudflare.com/workers/wrangler/configuration/#limits). Retrying in 2214ms...",cloudflare-workers,2026-03-10T08:01:25.351Z,false,"0,15,30,45 * * * *",1773129651000,job-hunter-bot,ok,cron,a7fd90f8-dd89-49cd-a89f-9d1613cd7b9c,stateless,N64R5DJR7IPDNLCG,01KKBC8X19N65CY64BWCSWGFB3,N64R5DJR7IPDNLCG,"0,15,30,45 * * * *",job-hunter-bot,"[WARN] [Fetch] Attempt 2 failed for https://api.lever.co/v0/postings/mercury?mode=json (Too many subrequests by single Worker invocation. To configure this limit, refer to https://developers.cloudflare.com/workers/wrangler/configuration/#limits). Retrying in 2214ms...",346e138aae29f6b381c1ebae50734856,cf-worker,9652c0eabd8fbe010167fd7787852081,cron,"[WARN] [Fetch] Attempt <*> failed for https://api.lever.co/v0/postings/<*> (Too many subrequests by single Worker invocation. To configure this limit, refer to https://developers.cloudflare.com/workers/wrangler/configuration/#limits). Retrying in <*>...",undefined,undefined,undefined,[]
[INFO] [Fetcher] Harvest complete. Inserted 0 new jobs (638 dupes filtered).,cloudflare-workers,2026-03-10T08:01:25.053Z,false,"0,15,30,45 * * * *",1773129651000,job-hunter-bot,ok,cron,a7fd90f8-dd89-49cd-a89f-9d1613cd7b9c,stateless,N64R5DJR7IPDNLCG,01KKBC8X19N65CY64BWCSWGFB2,N64R5DJR7IPDNLCG,"0,15,30,45 * * * *",job-hunter-bot,[INFO] [Fetcher] Harvest complete. Inserted 0 new jobs (638 dupes filtered).,346e138aae29f6b381c1ebae50734856,cf-worker,9652c0eabd8fbe010167fd7787852081,cron,[INFO] [Fetcher] Harvest complete. Inserted <*> new jobs (<*> dupes filtered).,undefined,undefined,undefined,[]
[INFO] [Fetcher] Batch recorded 5 source yields,cloudflare-workers,2026-03-10T08:01:24.802Z,false,"0,15,30,45 * * * *",1773129651000,job-hunter-bot,ok,cron,a7fd90f8-dd89-49cd-a89f-9d1613cd7b9c,stateless,N64R5DJR7IPDNLCG,01KKBC8X19N65CY64BWCSWGFB1,N64R5DJR7IPDNLCG,"0,15,30,45 * * * *",job-hunter-bot,[INFO] [Fetcher] Batch recorded 5 source yields,346e138aae29f6b381c1ebae50734856,cf-worker,9652c0eabd8fbe010167fd7787852081,cron,[INFO] [Fetcher] Batch recorded <*> source yields,undefined,undefined,undefined,[]
[INFO] [Discovery] Queued 2 company domains for career probing,cloudflare-workers,2026-03-10T08:01:24.547Z,false,"0,15,30,45 * * * *",1773129651000,job-hunter-bot,ok,cron,a7fd90f8-dd89-49cd-a89f-9d1613cd7b9c,stateless,N64R5DJR7IPDNLCG,01KKBC8X19N65CY64BWCSWGFB0,N64R5DJR7IPDNLCG,"0,15,30,45 * * * *",job-hunter-bot,[INFO] [Discovery] Queued 2 company domains for career probing,346e138aae29f6b381c1ebae50734856,cf-worker,9652c0eabd8fbe010167fd7787852081,cron,[INFO] [Discovery] Queued <*> company domains for career probing,undefined,undefined,undefined,[]
"[WARN] [Fetch] Attempt 1 failed for https://api.lever.co/v0/postings/gusto?mode=json (Too many subrequests by single Worker invocation. To configure this limit, refer to https://developers.cloudflare.com/workers/wrangler/configuration/#limits). Retrying in 1493ms...",cloudflare-workers,2026-03-10T08:01:24.262Z,false,"0,15,30,45 * * * *",1773129651000,job-hunter-bot,ok,cron,a7fd90f8-dd89-49cd-a89f-9d1613cd7b9c,stateless,N64R5DJR7IPDNLCG,01KKBC8X19N65CY64BWCSWGFAZ,N64R5DJR7IPDNLCG,"0,15,30,45 * * * *",job-hunter-bot,"[WARN] [Fetch] Attempt 1 failed for https://api.lever.co/v0/postings/gusto?mode=json (Too many subrequests by single Worker invocation. To configure this limit, refer to https://developers.cloudflare.com/workers/wrangler/configuration/#limits). Retrying in 1493ms...",346e138aae29f6b381c1ebae50734856,cf-worker,9652c0eabd8fbe010167fd7787852081,cron,"[WARN] [Fetch] Attempt 1 failed for https://api.lever.co/v0/postings/<*> (Too many subrequests by single Worker invocation. To configure this limit, refer to https://developers.cloudflare.com/workers/wrangler/configuration/#limits). Retrying in <*>...",undefined,undefined,undefined,[]
"[WARN] [Fetch] Attempt 1 failed for https://api.lever.co/v0/postings/mercury?mode=json (Too many subrequests by single Worker invocation. To configure this limit, refer to https://developers.cloudflare.com/workers/wrangler/configuration/#limits). Retrying in 1090ms...",cloudflare-workers,2026-03-10T08:01:24.262Z,false,"0,15,30,45 * * * *",1773129651000,job-hunter-bot,ok,cron,a7fd90f8-dd89-49cd-a89f-9d1613cd7b9c,stateless,N64R5DJR7IPDNLCG,01KKBC8X19N65CY64BWCSWGFAY,N64R5DJR7IPDNLCG,"0,15,30,45 * * * *",job-hunter-bot,"[WARN] [Fetch] Attempt 1 failed for https://api.lever.co/v0/postings/mercury?mode=json (Too many subrequests by single Worker invocation. To configure this limit, refer to https://developers.cloudflare.com/workers/wrangler/configuration/#limits). Retrying in 1090ms...",346e138aae29f6b381c1ebae50734856,cf-worker,9652c0eabd8fbe010167fd7787852081,cron,"[WARN] [Fetch] Attempt 1 failed for https://api.lever.co/v0/postings/<*> (Too many subrequests by single Worker invocation. To configure this limit, refer to https://developers.cloudflare.com/workers/wrangler/configuration/#limits). Retrying in <*>...",undefined,undefined,undefined,[]
"[WARN] [Fetch] Attempt 1 failed for https://api.lever.co/v0/postings/deel?mode=json (Too many subrequests by single Worker invocation. To configure this limit, refer to https://developers.cloudflare.com/workers/wrangler/configuration/#limits). Retrying in 1253ms...",cloudflare-workers,2026-03-10T08:01:24.262Z,false,"0,15,30,45 * * * *",1773129651000,job-hunter-bot,ok,cron,a7fd90f8-dd89-49cd-a89f-9d1613cd7b9c,stateless,N64R5DJR7IPDNLCG,01KKBC8X19N65CY64BWCSWGFAX,N64R5DJR7IPDNLCG,"0,15,30,45 * * * *",job-hunter-bot,"[WARN] [Fetch] Attempt 1 failed for https://api.lever.co/v0/postings/deel?mode=json (Too many subrequests by single Worker invocation. To configure this limit, refer to https://developers.cloudflare.com/workers/wrangler/configuration/#limits). Retrying in 1253ms...",346e138aae29f6b381c1ebae50734856,cf-worker,9652c0eabd8fbe010167fd7787852081,cron,"[WARN] [Fetch] Attempt 1 failed for https://api.lever.co/v0/postings/deel?mode=json (Too many subrequests by single Worker invocation. To configure this limit, refer to https://developers.cloudflare.com/workers/wrangler/configuration/#limits). Retrying in 1253ms...",undefined,undefined,undefined,[]
[INFO] [Fetcher] Harvest complete. Inserted 0 new jobs (8 dupes filtered).,cloudflare-workers,2026-03-10T08:01:23.991Z,false,"0,15,30,45 * * * *",1773129651000,job-hunter-bot,ok,cron,a7fd90f8-dd89-49cd-a89f-9d1613cd7b9c,stateless,N64R5DJR7IPDNLCG,01KKBC8X19N65CY64BWCSWGFAW,N64R5DJR7IPDNLCG,"0,15,30,45 * * * *",job-hunter-bot,[INFO] [Fetcher] Harvest complete. Inserted 0 new jobs (8 dupes filtered).,346e138aae29f6b381c1ebae50734856,cf-worker,9652c0eabd8fbe010167fd7787852081,cron,[INFO] [Fetcher] Harvest complete. Inserted <*> new jobs (<*> dupes filtered).,undefined,undefined,undefined,[]
[INFO] [Fetcher] Batch recorded 1 source yields,cloudflare-workers,2026-03-10T08:01:23.991Z,false,"0,15,30,45 * * * *",1773129651000,job-hunter-bot,ok,cron,a7fd90f8-dd89-49cd-a89f-9d1613cd7b9c,stateless,N64R5DJR7IPDNLCG,01KKBC8X19N65CY64BWCSWGFAV,N64R5DJR7IPDNLCG,"0,15,30,45 * * * *",job-hunter-bot,[INFO] [Fetcher] Batch recorded 1 source yields,346e138aae29f6b381c1ebae50734856,cf-worker,9652c0eabd8fbe010167fd7787852081,cron,[INFO] [Fetcher] Batch recorded <*> source yields,undefined,undefined,undefined,[]
[INFO] [Connectors] Running lever connector on 3 sources,cloudflare-workers,2026-03-10T08:01:23.490Z,false,"0,15,30,45 * * * *",1773129651000,job-hunter-bot,ok,cron,a7fd90f8-dd89-49cd-a89f-9d1613cd7b9c,stateless,N64R5DJR7IPDNLCG,01KKBC8X19N65CY64BWCSWGFAT,N64R5DJR7IPDNLCG,"0,15,30,45 * * * *",job-hunter-bot,[INFO] [Connectors] Running lever connector on 3 sources,346e138aae29f6b381c1ebae50734856,cf-worker,9652c0eabd8fbe010167fd7787852081,cron,[INFO] [Connectors] Running <*> connector on <*> sources,undefined,undefined,undefined,[]
[WARN] [Circuit] Skipping https://api.lever.co/v0/postings/webflow — circuit is OPEN,cloudflare-workers,2026-03-10T08:01:23.490Z,false,"0,15,30,45 * * * *",1773129651000,job-hunter-bot,ok,cron,a7fd90f8-dd89-49cd-a89f-9d1613cd7b9c,stateless,N64R5DJR7IPDNLCG,01KKBC8X19N65CY64BWCSWGFAS,N64R5DJR7IPDNLCG,"0,15,30,45 * * * *",job-hunter-bot,[WARN] [Circuit] Skipping https://api.lever.co/v0/postings/webflow — circuit is OPEN,346e138aae29f6b381c1ebae50734856,cf-worker,9652c0eabd8fbe010167fd7787852081,cron,[WARN] [Circuit] Skipping https://api.lever.co/v0/postings/<*> — circuit is OPEN,undefined,undefined,undefined,[]
[WARN] [Circuit] Skipping https://api.lever.co/v0/postings/netlify — circuit is OPEN,cloudflare-workers,2026-03-10T08:01:23.300Z,false,"0,15,30,45 * * * *",1773129651000,job-hunter-bot,ok,cron,a7fd90f8-dd89-49cd-a89f-9d1613cd7b9c,stateless,N64R5DJR7IPDNLCG,01KKBC8X19N65CY64BWCSWGFAR,N64R5DJR7IPDNLCG,"0,15,30,45 * * * *",job-hunter-bot,[WARN] [Circuit] Skipping https://api.lever.co/v0/postings/netlify — circuit is OPEN,346e138aae29f6b381c1ebae50734856,cf-worker,9652c0eabd8fbe010167fd7787852081,cron,[WARN] [Circuit] Skipping https://api.lever.co/v0/postings/<*> — circuit is OPEN,undefined,undefined,undefined,[]
[WARN] [Circuit] OPEN for https://api.lever.co/v0/postings/twitch after 246 consecutive failures. Cooldown: 248min,cloudflare-workers,2026-03-10T08:01:22.968Z,false,"0,15,30,45 * * * *",1773129651000,job-hunter-bot,ok,cron,a7fd90f8-dd89-49cd-a89f-9d1613cd7b9c,stateless,N64R5DJR7IPDNLCG,01KKBC8X19N65CY64BWCSWGFAQ,N64R5DJR7IPDNLCG,"0,15,30,45 * * * *",job-hunter-bot,[WARN] [Circuit] OPEN for https://api.lever.co/v0/postings/twitch after 246 consecutive failures. Cooldown: 248min,346e138aae29f6b381c1ebae50734856,cf-worker,9652c0eabd8fbe010167fd7787852081,cron,[WARN] [Circuit] OPEN for https://api.lever.co/v0/postings/twitch after 246 consecutive failures. Cooldown: 248min,undefined,undefined,undefined,[]
"[INFO] [Connectors] Harvest complete | Sources: 2 (greenhouse:1, lever:1) | Jobs: 8 | Errors: 1",cloudflare-workers,2026-03-10T08:01:22.939Z,false,"0,15,30,45 * * * *",1773129651000,job-hunter-bot,ok,cron,a7fd90f8-dd89-49cd-a89f-9d1613cd7b9c,stateless,N64R5DJR7IPDNLCG,01KKBC8X19N65CY64BWCSWGFAP,N64R5DJR7IPDNLCG,"0,15,30,45 * * * *",job-hunter-bot,"[INFO] [Connectors] Harvest complete | Sources: 2 (greenhouse:1, lever:1) | Jobs: 8 | Errors: 1",346e138aae29f6b381c1ebae50734856,cf-worker,9652c0eabd8fbe010167fd7787852081,cron,"[INFO] [Connectors] Harvest complete | Sources: 2 (greenhouse:1, lever:1) | Jobs: 8 | Errors: 1",undefined,undefined,undefined,[]
[WARN] [Lever] Twitch failed: HTTP 404: Not Found,cloudflare-workers,2026-03-10T08:01:22.939Z,false,"0,15,30,45 * * * *",1773129651000,job-hunter-bot,ok,cron,a7fd90f8-dd89-49cd-a89f-9d1613cd7b9c,stateless,N64R5DJR7IPDNLCG,01KKBC8X19N65CY64BWCSWGFAN,N64R5DJR7IPDNLCG,"0,15,30,45 * * * *",job-hunter-bot,[WARN] [Lever] Twitch failed: HTTP 404: Not Found,346e138aae29f6b381c1ebae50734856,cf-worker,9652c0eabd8fbe010167fd7787852081,cron,[WARN] [Lever] Twitch failed: HTTP 404: Not Found,undefined,undefined,undefined,[]
[INFO] [Connectors] Running lever connector on 1 sources,cloudflare-workers,2026-03-10T08:01:22.228Z,false,"0,15,30,45 * * * *",1773129651000,job-hunter-bot,ok,cron,a7fd90f8-dd89-49cd-a89f-9d1613cd7b9c,stateless,N64R5DJR7IPDNLCG,01KKBC8X19N65CY64BWCSWGFAM,N64R5DJR7IPDNLCG,"0,15,30,45 * * * *",job-hunter-bot,[INFO] [Connectors] Running lever connector on 1 sources,346e138aae29f6b381c1ebae50734856,cf-worker,9652c0eabd8fbe010167fd7787852081,cron,[INFO] [Connectors] Running <*> connector on <*> sources,undefined,undefined,undefined,[]
[INFO] [Greenhouse] PlanetScale: 8 jobs fetched,cloudflare-workers,2026-03-10T08:01:22.228Z,false,"0,15,30,45 * * * *",1773129651000,job-hunter-bot,ok,cron,a7fd90f8-dd89-49cd-a89f-9d1613cd7b9c,stateless,N64R5DJR7IPDNLCG,01KKBC8X19N65CY64BWCSWGFAK,N64R5DJR7IPDNLCG,"0,15,30,45 * * * *",job-hunter-bot,[INFO] [Greenhouse] PlanetScale: 8 jobs fetched,346e138aae29f6b381c1ebae50734856,cf-worker,9652c0eabd8fbe010167fd7787852081,cron,[INFO] [Greenhouse] <*>: <*> jobs fetched,undefined,undefined,undefined,[]
[INFO] [Fetcher] Harvest complete. Inserted 0 new jobs (3 dupes filtered).,cloudflare-workers,2026-03-10T08:01:21.245Z,false,"0,15,30,45 * * * *",1773129651000,job-hunter-bot,ok,cron,a7fd90f8-dd89-49cd-a89f-9d1613cd7b9c,stateless,N64R5DJR7IPDNLCG,01KKBC8X19N65CY64BWCSWGFAJ,N64R5DJR7IPDNLCG,"0,15,30,45 * * * *",job-hunter-bot,[INFO] [Fetcher] Harvest complete. Inserted 0 new jobs (3 dupes filtered).,346e138aae29f6b381c1ebae50734856,cf-worker,9652c0eabd8fbe010167fd7787852081,cron,[INFO] [Fetcher] Harvest complete. Inserted <*> new jobs (<*> dupes filtered).,undefined,undefined,undefined,[]
[INFO] [Fetcher] Batch recorded 1 source yields,cloudflare-workers,2026-03-10T08:01:21.245Z,false,"0,15,30,45 * * * *",1773129651000,job-hunter-bot,ok,cron,a7fd90f8-dd89-49cd-a89f-9d1613cd7b9c,stateless,N64R5DJR7IPDNLCG,01KKBC8X19N65CY64BWCSWGFAH,N64R5DJR7IPDNLCG,"0,15,30,45 * * * *",job-hunter-bot,[INFO] [Fetcher] Batch recorded 1 source yields,346e138aae29f6b381c1ebae50734856,cf-worker,9652c0eabd8fbe010167fd7787852081,cron,[INFO] [Fetcher] Batch recorded <*> source yields,undefined,undefined,undefined,[]
[INFO] [Connectors] Running greenhouse connector on 1 sources,cloudflare-workers,2026-03-10T08:01:20.722Z,false,"0,15,30,45 * * * *",1773129651000,job-hunter-bot,ok,cron,a7fd90f8-dd89-49cd-a89f-9d1613cd7b9c,stateless,N64R5DJR7IPDNLCG,01KKBC8X19N65CY64BWCSWGFAG,N64R5DJR7IPDNLCG,"0,15,30,45 * * * *",job-hunter-bot,[INFO] [Connectors] Running greenhouse connector on 1 sources,346e138aae29f6b381c1ebae50734856,cf-worker,9652c0eabd8fbe010167fd7787852081,cron,[INFO] [Connectors] Running <*> connector on <*> sources,undefined,undefined,undefined,[]
[WARN] [Circuit] Skipping https://api.lever.co/v0/postings/stripe — circuit is OPEN,cloudflare-workers,2026-03-10T08:01:20.679Z,false,"0,15,30,45 * * * *",1773129651000,job-hunter-bot,ok,cron,a7fd90f8-dd89-49cd-a89f-9d1613cd7b9c,stateless,N64R5DJR7IPDNLCG,01KKBC8X19N65CY64BWCSWGFAF,N64R5DJR7IPDNLCG,"0,15,30,45 * * * *",job-hunter-bot,[WARN] [Circuit] Skipping https://api.lever.co/v0/postings/stripe — circuit is OPEN,346e138aae29f6b381c1ebae50734856,cf-worker,9652c0eabd8fbe010167fd7787852081,cron,[WARN] [Circuit] Skipping https://api.lever.co/v0/postings/stripe — circuit is OPEN,undefined,undefined,undefined,[]
[WARN] [Circuit] Skipping https://boards-api.greenhouse.io/v1/boards/upstash/jobs — circuit is OPEN,cloudflare-workers,2026-03-10T08:01:20.626Z,false,"0,15,30,45 * * * *",1773129651000,job-hunter-bot,ok,cron,a7fd90f8-dd89-49cd-a89f-9d1613cd7b9c,stateless,N64R5DJR7IPDNLCG,01KKBC8X19N65CY64BWCSWGFAE,N64R5DJR7IPDNLCG,"0,15,30,45 * * * *",job-hunter-bot,[WARN] [Circuit] Skipping https://boards-api.greenhouse.io/v1/boards/upstash/jobs — circuit is OPEN,346e138aae29f6b381c1ebae50734856,cf-worker,9652c0eabd8fbe010167fd7787852081,cron,[WARN] [Circuit] Skipping https://boards-api.greenhouse.io/v1/boards/<*>/jobs — circuit is OPEN,undefined,undefined,undefined,[]
[WARN] [Circuit] Skipping https://boards-api.greenhouse.io/v1/boards/convex/jobs — circuit is OPEN,cloudflare-workers,2026-03-10T08:01:20.574Z,false,"0,15,30,45 * * * *",1773129651000,job-hunter-bot,ok,cron,a7fd90f8-dd89-49cd-a89f-9d1613cd7b9c,stateless,N64R5DJR7IPDNLCG,01KKBC8X19N65CY64BWCSWGFAD,N64R5DJR7IPDNLCG,"0,15,30,45 * * * *",job-hunter-bot,[WARN] [Circuit] Skipping https://boards-api.greenhouse.io/v1/boards/convex/jobs — circuit is OPEN,346e138aae29f6b381c1ebae50734856,cf-worker,9652c0eabd8fbe010167fd7787852081,cron,[WARN] [Circuit] Skipping https://boards-api.greenhouse.io/v1/boards/<*>/jobs — circuit is OPEN,undefined,undefined,undefined,[]
[INFO] [Connectors] Harvest complete | Sources: 1 (greenhouse:1) | Jobs: 3 | Errors: 0,cloudflare-workers,2026-03-10T08:01:20.238Z,false,"0,15,30,45 * * * *",1773129651000,job-hunter-bot,ok,cron,a7fd90f8-dd89-49cd-a89f-9d1613cd7b9c,stateless,N64R5DJR7IPDNLCG,01KKBC8X19N65CY64BWCSWGFAC,N64R5DJR7IPDNLCG,"0,15,30,45 * * * *",job-hunter-bot,[INFO] [Connectors] Harvest complete | Sources: 1 (greenhouse:1) | Jobs: 3 | Errors: 0,346e138aae29f6b381c1ebae50734856,cf-worker,9652c0eabd8fbe010167fd7787852081,cron,[INFO] [Connectors] Harvest complete | Sources: <*> (<*>) | Jobs: <*> | Errors: 0,undefined,undefined,undefined,[]
[INFO] [Greenhouse] Prismatic: 3 jobs fetched,cloudflare-workers,2026-03-10T08:01:20.238Z,false,"0,15,30,45 * * * *",1773129651000,job-hunter-bot,ok,cron,a7fd90f8-dd89-49cd-a89f-9d1613cd7b9c,stateless,N64R5DJR7IPDNLCG,01KKBC8X19N65CY64BWCSWGFAB,N64R5DJR7IPDNLCG,"0,15,30,45 * * * *",job-hunter-bot,[INFO] [Greenhouse] Prismatic: 3 jobs fetched,346e138aae29f6b381c1ebae50734856,cf-worker,9652c0eabd8fbe010167fd7787852081,cron,[INFO] [Greenhouse] <*>: <*> jobs fetched,undefined,undefined,undefined,[]
[INFO] [Connectors] Running greenhouse connector on 1 sources,cloudflare-workers,2026-03-10T08:01:20.122Z,false,"0,15,30,45 * * * *",1773129651000,job-hunter-bot,ok,cron,a7fd90f8-dd89-49cd-a89f-9d1613cd7b9c,stateless,N64R5DJR7IPDNLCG,01KKBC8X19N65CY64BWCSWGFAA,N64R5DJR7IPDNLCG,"0,15,30,45 * * * *",job-hunter-bot,[INFO] [Connectors] Running greenhouse connector on 1 sources,346e138aae29f6b381c1ebae50734856,cf-worker,9652c0eabd8fbe010167fd7787852081,cron,[INFO] [Connectors] Running <*> connector on <*> sources,undefined,undefined,undefined,[]
[WARN] [Circuit] Skipping https://boards-api.greenhouse.io/v1/boards/neon/jobs — circuit is OPEN,cloudflare-workers,2026-03-10T08:01:20.122Z,false,"0,15,30,45 * * * *",1773129651000,job-hunter-bot,ok,cron,a7fd90f8-dd89-49cd-a89f-9d1613cd7b9c,stateless,N64R5DJR7IPDNLCG,01KKBC8X19N65CY64BWCSWGFA9,N64R5DJR7IPDNLCG,"0,15,30,45 * * * *",job-hunter-bot,[WARN] [Circuit] Skipping https://boards-api.greenhouse.io/v1/boards/neon/jobs — circuit is OPEN,346e138aae29f6b381c1ebae50734856,cf-worker,9652c0eabd8fbe010167fd7787852081,cron,[WARN] [Circuit] Skipping https://boards-api.greenhouse.io/v1/boards/<*>/jobs — circuit is OPEN,undefined,undefined,undefined,[]
[WARN] [Circuit] Skipping https://boards-api.greenhouse.io/v1/boards/hasura/jobs — circuit is OPEN,cloudflare-workers,2026-03-10T08:01:20.068Z,false,"0,15,30,45 * * * *",1773129651000,job-hunter-bot,ok,cron,a7fd90f8-dd89-49cd-a89f-9d1613cd7b9c,stateless,N64R5DJR7IPDNLCG,01KKBC8X19N65CY64BWCSWGFA8,N64R5DJR7IPDNLCG,"0,15,30,45 * * * *",job-hunter-bot,[WARN] [Circuit] Skipping https://boards-api.greenhouse.io/v1/boards/hasura/jobs — circuit is OPEN,346e138aae29f6b381c1ebae50734856,cf-worker,9652c0eabd8fbe010167fd7787852081,cron,[WARN] [Circuit] Skipping https://boards-api.greenhouse.io/v1/boards/<*>/jobs — circuit is OPEN,undefined,undefined,undefined,[]
[WARN] [Circuit] Skipping https://boards-api.greenhouse.io/v1/boards/railway/jobs — circuit is OPEN,cloudflare-workers,2026-03-10T08:01:20.019Z,false,"0,15,30,45 * * * *",1773129651000,job-hunter-bot,ok,cron,a7fd90f8-dd89-49cd-a89f-9d1613cd7b9c,stateless,N64R5DJR7IPDNLCG,01KKBC8X19N65CY64BWCSWGFA7,N64R5DJR7IPDNLCG,"0,15,30,45 * * * *",job-hunter-bot,[WARN] [Circuit] Skipping https://boards-api.greenhouse.io/v1/boards/railway/jobs — circuit is OPEN,346e138aae29f6b381c1ebae50734856,cf-worker,9652c0eabd8fbe010167fd7787852081,cron,[WARN] [Circuit] Skipping https://boards-api.greenhouse.io/v1/boards/<*>/jobs — circuit is OPEN,undefined,undefined,undefined,[]
[WARN] [Circuit] Skipping https://boards-api.greenhouse.io/v1/boards/render/jobs — circuit is OPEN,cloudflare-workers,2026-03-10T08:01:19.969Z,false,"0,15,30,45 * * * *",1773129651000,job-hunter-bot,ok,cron,a7fd90f8-dd89-49cd-a89f-9d1613cd7b9c,stateless,N64R5DJR7IPDNLCG,01KKBC8X19N65CY64BWCSWGFA6,N64R5DJR7IPDNLCG,"0,15,30,45 * * * *",job-hunter-bot,[WARN] [Circuit] Skipping https://boards-api.greenhouse.io/v1/boards/render/jobs — circuit is OPEN,346e138aae29f6b381c1ebae50734856,cf-worker,9652c0eabd8fbe010167fd7787852081,cron,[WARN] [Circuit] Skipping https://boards-api.greenhouse.io/v1/boards/<*>/jobs — circuit is OPEN,undefined,undefined,undefined,[]
[INFO] [Connectors] Harvest complete | Sources: 5 (greenhouse:5) | Jobs: 638 | Errors: 0,cloudflare-workers,2026-03-10T08:01:19.514Z,false,"0,15,30,45 * * * *",1773129651000,job-hunter-bot,ok,cron,a7fd90f8-dd89-49cd-a89f-9d1613cd7b9c,stateless,N64R5DJR7IPDNLCG,01KKBC8X19N65CY64BWCSWGFA5,N64R5DJR7IPDNLCG,"0,15,30,45 * * * *",job-hunter-bot,[INFO] [Connectors] Harvest complete | Sources: 5 (greenhouse:5) | Jobs: 638 | Errors: 0,346e138aae29f6b381c1ebae50734856,cf-worker,9652c0eabd8fbe010167fd7787852081,cron,[INFO] [Connectors] Harvest complete | Sources: <*> (<*>) | Jobs: <*> | Errors: 0,undefined,undefined,undefined,[]
[INFO] [Greenhouse] MongoDB: 406 jobs fetched,cloudflare-workers,2026-03-10T08:01:19.514Z,false,"0,15,30,45 * * * *",1773129651000,job-hunter-bot,ok,cron,a7fd90f8-dd89-49cd-a89f-9d1613cd7b9c,stateless,N64R5DJR7IPDNLCG,01KKBC8X19N65CY64BWCSWGFA4,N64R5DJR7IPDNLCG,"0,15,30,45 * * * *",job-hunter-bot,[INFO] [Greenhouse] MongoDB: 406 jobs fetched,346e138aae29f6b381c1ebae50734856,cf-worker,9652c0eabd8fbe010167fd7787852081,cron,[INFO] [Greenhouse] <*>: <*> jobs fetched,undefined,undefined,undefined,[]
[INFO] [Fetcher] Harvest complete. Inserted 0 new jobs (404 dupes filtered).,cloudflare-workers,2026-03-10T08:01:18.081Z,false,"0,15,30,45 * * * *",1773129651000,job-hunter-bot,ok,cron,a7fd90f8-dd89-49cd-a89f-9d1613cd7b9c,stateless,N64R5DJR7IPDNLCG,01KKBC8X19N65CY64BWCSWGFA3,N64R5DJR7IPDNLCG,"0,15,30,45 * * * *",job-hunter-bot,[INFO] [Fetcher] Harvest complete. Inserted 0 new jobs (404 dupes filtered).,346e138aae29f6b381c1ebae50734856,cf-worker,9652c0eabd8fbe010167fd7787852081,cron,[INFO] [Fetcher] Harvest complete. Inserted <*> new jobs (<*> dupes filtered).,undefined,undefined,undefined,[]
[INFO] [Fetcher] Batch recorded 2 source yields,cloudflare-workers,2026-03-10T08:01:17.826Z,false,"0,15,30,45 * * * *",1773129651000,job-hunter-bot,ok,cron,a7fd90f8-dd89-49cd-a89f-9d1613cd7b9c,stateless,N64R5DJR7IPDNLCG,01KKBC8X19N65CY64BWCSWGFA2,N64R5DJR7IPDNLCG,"0,15,30,45 * * * *",job-hunter-bot,[INFO] [Fetcher] Batch recorded 2 source yields,346e138aae29f6b381c1ebae50734856,cf-worker,9652c0eabd8fbe010167fd7787852081,cron,[INFO] [Fetcher] Batch recorded <*> source yields,undefined,undefined,undefined,[]
[INFO] [Discovery] Queued 1 company domains for career probing,cloudflare-workers,2026-03-10T08:01:17.580Z,false,"0,15,30,45 * * * *",1773129651000,job-hunter-bot,ok,cron,a7fd90f8-dd89-49cd-a89f-9d1613cd7b9c,stateless,N64R5DJR7IPDNLCG,01KKBC8X19N65CY64BWCSWGFA1,N64R5DJR7IPDNLCG,"0,15,30,45 * * * *",job-hunter-bot,[INFO] [Discovery] Queued 1 company domains for career probing,346e138aae29f6b381c1ebae50734856,cf-worker,9652c0eabd8fbe010167fd7787852081,cron,[INFO] [Discovery] Queued <*> company domains for career probing,undefined,undefined,undefined,[]
[INFO] [Fetcher] Harvest complete. Inserted 0 new jobs (511 dupes filtered).,cloudflare-workers,2026-03-10T08:01:17.537Z,false,"0,15,30,45 * * * *",1773129651000,job-hunter-bot,ok,cron,a7fd90f8-dd89-49cd-a89f-9d1613cd7b9c,stateless,N64R5DJR7IPDNLCG,01KKBC8X19N65CY64BWCSWGFA0,N64R5DJR7IPDNLCG,"0,15,30,45 * * * *",job-hunter-bot,[INFO] [Fetcher] Harvest complete. Inserted 0 new jobs (511 dupes filtered).,346e138aae29f6b381c1ebae50734856,cf-worker,9652c0eabd8fbe010167fd7787852081,cron,[INFO] [Fetcher] Harvest complete. Inserted <*> new jobs (<*> dupes filtered).,undefined,undefined,undefined,[]
[INFO] [Greenhouse] CockroachDB: 32 jobs fetched,cloudflare-workers,2026-03-10T08:01:17.520Z,false,"0,15,30,45 * * * *",1773129651000,job-hunter-bot,ok,cron,a7fd90f8-dd89-49cd-a89f-9d1613cd7b9c,stateless,N64R5DJR7IPDNLCG,01KKBC8X19N65CY64BWCSWGF9Z,N64R5DJR7IPDNLCG,"0,15,30,45 * * * *",job-hunter-bot,[INFO] [Greenhouse] CockroachDB: 32 jobs fetched,346e138aae29f6b381c1ebae50734856,cf-worker,9652c0eabd8fbe010167fd7787852081,cron,[INFO] [Greenhouse] <*>: <*> jobs fetched,undefined,undefined,undefined,[]
[INFO] [Fetcher] Batch recorded 2 source yields,cloudflare-workers,2026-03-10T08:01:17.295Z,false,"0,15,30,45 * * * *",1773129651000,job-hunter-bot,ok,cron,a7fd90f8-dd89-49cd-a89f-9d1613cd7b9c,stateless,N64R5DJR7IPDNLCG,01KKBC8X19N65CY64BWCSWGF9Y,N64R5DJR7IPDNLCG,"0,15,30,45 * * * *",job-hunter-bot,[INFO] [Fetcher] Batch recorded 2 source yields,346e138aae29f6b381c1ebae50734856,cf-worker,9652c0eabd8fbe010167fd7787852081,cron,[INFO] [Fetcher] Batch recorded <*> source yields,undefined,undefined,undefined,[]
[INFO] [Discovery] Queued 1 company domains for career probing,cloudflare-workers,2026-03-10T08:01:17.047Z,false,"0,15,30,45 * * * *",1773129651000,job-hunter-bot,ok,cron,a7fd90f8-dd89-49cd-a89f-9d1613cd7b9c,stateless,N64R5DJR7IPDNLCG,01KKBC8X19N65CY64BWCSWGF9X,N64R5DJR7IPDNLCG,"0,15,30,45 * * * *",job-hunter-bot,[INFO] [Discovery] Queued 1 company domains for career probing,346e138aae29f6b381c1ebae50734856,cf-worker,9652c0eabd8fbe010167fd7787852081,cron,[INFO] [Discovery] Queued <*> company domains for career probing,undefined,undefined,undefined,[]
[INFO] [Fetcher] Harvest complete. Inserted 0 new jobs (841 dupes filtered).,cloudflare-workers,2026-03-10T08:01:16.725Z,false,"0,15,30,45 * * * *",1773129651000,job-hunter-bot,ok,cron,a7fd90f8-dd89-49cd-a89f-9d1613cd7b9c,stateless,N64R5DJR7IPDNLCG,01KKBC8X19N65CY64BWCSWGF9W,N64R5DJR7IPDNLCG,"0,15,30,45 * * * *",job-hunter-bot,[INFO] [Fetcher] Harvest complete. Inserted 0 new jobs (841 dupes filtered).,346e138aae29f6b381c1ebae50734856,cf-worker,9652c0eabd8fbe010167fd7787852081,cron,[INFO] [Fetcher] Harvest complete. Inserted <*> new jobs (<*> dupes filtered).,undefined,undefined,undefined,[]
[INFO] [Fetcher] Batch recorded 4 source yields,cloudflare-workers,2026-03-10T08:01:16.725Z,false,"0,15,30,45 * * * *",1773129651000,job-hunter-bot,ok,cron,a7fd90f8-dd89-49cd-a89f-9d1613cd7b9c,stateless,N64R5DJR7IPDNLCG,01KKBC8X19N65CY64BWCSWGF9V,N64R5DJR7IPDNLCG,"0,15,30,45 * * * *",job-hunter-bot,[INFO] [Fetcher] Batch recorded 4 source yields,346e138aae29f6b381c1ebae50734856,cf-worker,9652c0eabd8fbe010167fd7787852081,cron,[INFO] [Fetcher] Batch recorded <*> source yields,undefined,undefined,undefined,[]
[INFO] [Greenhouse] Mixpanel: 38 jobs fetched,cloudflare-workers,2026-03-10T08:01:16.054Z,false,"0,15,30,45 * * * *",1773129651000,job-hunter-bot,ok,cron,a7fd90f8-dd89-49cd-a89f-9d1613cd7b9c,stateless,N64R5DJR7IPDNLCG,01KKBC8X19N65CY64BWCSWGF9T,N64R5DJR7IPDNLCG,"0,15,30,45 * * * *",job-hunter-bot,[INFO] [Greenhouse] Mixpanel: 38 jobs fetched,346e138aae29f6b381c1ebae50734856,cf-worker,9652c0eabd8fbe010167fd7787852081,cron,[INFO] [Greenhouse] <*>: <*> jobs fetched,undefined,undefined,undefined,[]
[INFO] [Greenhouse] Amplitude: 56 jobs fetched,cloudflare-workers,2026-03-10T08:01:15.613Z,false,"0,15,30,45 * * * *",1773129651000,job-hunter-bot,ok,cron,a7fd90f8-dd89-49cd-a89f-9d1613cd7b9c,stateless,N64R5DJR7IPDNLCG,01KKBC8X19N65CY64BWCSWGF9S,N64R5DJR7IPDNLCG,"0,15,30,45 * * * *",job-hunter-bot,[INFO] [Greenhouse] Amplitude: 56 jobs fetched,346e138aae29f6b381c1ebae50734856,cf-worker,9652c0eabd8fbe010167fd7787852081,cron,[INFO] [Greenhouse] <*>: <*> jobs fetched,undefined,undefined,undefined,[]
[INFO] [Greenhouse] Postman: 106 jobs fetched,cloudflare-workers,2026-03-10T08:01:15.596Z,false,"0,15,30,45 * * * *",1773129651000,job-hunter-bot,ok,cron,a7fd90f8-dd89-49cd-a89f-9d1613cd7b9c,stateless,N64R5DJR7IPDNLCG,01KKBC8X19N65CY64BWCSWGF9R,N64R5DJR7IPDNLCG,"0,15,30,45 * * * *",job-hunter-bot,[INFO] [Greenhouse] Postman: 106 jobs fetched,346e138aae29f6b381c1ebae50734856,cf-worker,9652c0eabd8fbe010167fd7787852081,cron,[INFO] [Greenhouse] <*>: <*> jobs fetched,undefined,undefined,undefined,[]
[INFO] [Fetcher] Harvest complete. Inserted 0 new jobs (0 dupes filtered).,cloudflare-workers,2026-03-10T08:01:14.385Z,false,"0,15,30,45 * * * *",1773129651000,job-hunter-bot,ok,cron,a7fd90f8-dd89-49cd-a89f-9d1613cd7b9c,stateless,N64R5DJR7IPDNLCG,01KKBC8X19N65CY64BWCSWGF9Q,N64R5DJR7IPDNLCG,"0,15,30,45 * * * *",job-hunter-bot,[INFO] [Fetcher] Harvest complete. Inserted 0 new jobs (0 dupes filtered).,346e138aae29f6b381c1ebae50734856,cf-worker,9652c0eabd8fbe010167fd7787852081,cron,[INFO] [Fetcher] Harvest complete. Inserted <*> new jobs (0 dupes filtered).,undefined,undefined,undefined,[]
[INFO] [Connectors] Running greenhouse connector on 5 sources,cloudflare-workers,2026-03-10T08:01:14.373Z,false,"0,15,30,45 * * * *",1773129651000,job-hunter-bot,ok,cron,a7fd90f8-dd89-49cd-a89f-9d1613cd7b9c,stateless,N64R5DJR7IPDNLCG,01KKBC8X19N65CY64BWCSWGF9P,N64R5DJR7IPDNLCG,"0,15,30,45 * * * *",job-hunter-bot,[INFO] [Connectors] Running greenhouse connector on 5 sources,346e138aae29f6b381c1ebae50734856,cf-worker,9652c0eabd8fbe010167fd7787852081,cron,[INFO] [Connectors] Running <*> connector on <*> sources,undefined,undefined,undefined,[]
[INFO] [Connectors] Harvest complete | Sources: 0 () | Jobs: 0 | Errors: 0,cloudflare-workers,2026-03-10T08:01:14.124Z,false,"0,15,30,45 * * * *",1773129651000,job-hunter-bot,ok,cron,a7fd90f8-dd89-49cd-a89f-9d1613cd7b9c,stateless,N64R5DJR7IPDNLCG,01KKBC8X19N65CY64BWCSWGF9N,N64R5DJR7IPDNLCG,"0,15,30,45 * * * *",job-hunter-bot,[INFO] [Connectors] Harvest complete | Sources: 0 () | Jobs: 0 | Errors: 0,346e138aae29f6b381c1ebae50734856,cf-worker,9652c0eabd8fbe010167fd7787852081,cron,[INFO] [Connectors] Harvest complete | Sources: 0 () | Jobs: 0 | Errors: 0,undefined,undefined,undefined,[]
[WARN] [Circuit] Skipping https://boards-api.greenhouse.io/v1/boards/segment/jobs — circuit is OPEN,cloudflare-workers,2026-03-10T08:01:14.124Z,false,"0,15,30,45 * * * *",1773129651000,job-hunter-bot,ok,cron,a7fd90f8-dd89-49cd-a89f-9d1613cd7b9c,stateless,N64R5DJR7IPDNLCG,01KKBC8X19N65CY64BWCSWGF9M,N64R5DJR7IPDNLCG,"0,15,30,45 * * * *",job-hunter-bot,[WARN] [Circuit] Skipping https://boards-api.greenhouse.io/v1/boards/segment/jobs — circuit is OPEN,346e138aae29f6b381c1ebae50734856,cf-worker,9652c0eabd8fbe010167fd7787852081,cron,[WARN] [Circuit] Skipping https://boards-api.greenhouse.io/v1/boards/<*>/jobs — circuit is OPEN,undefined,undefined,undefined,[]
[WARN] [Circuit] Skipping https://boards-api.greenhouse.io/v1/boards/loom/jobs — circuit is OPEN,cloudflare-workers,2026-03-10T08:01:14.058Z,false,"0,15,30,45 * * * *",1773129651000,job-hunter-bot,ok,cron,a7fd90f8-dd89-49cd-a89f-9d1613cd7b9c,stateless,N64R5DJR7IPDNLCG,01KKBC8X19N65CY64BWCSWGF9K,N64R5DJR7IPDNLCG,"0,15,30,45 * * * *",job-hunter-bot,[WARN] [Circuit] Skipping https://boards-api.greenhouse.io/v1/boards/loom/jobs — circuit is OPEN,346e138aae29f6b381c1ebae50734856,cf-worker,9652c0eabd8fbe010167fd7787852081,cron,[WARN] [Circuit] Skipping https://boards-api.greenhouse.io/v1/boards/<*>/jobs — circuit is OPEN,undefined,undefined,undefined,[]
[WARN] [Circuit] Skipping https://boards-api.greenhouse.io/v1/boards/dbtlabs/jobs — circuit is OPEN,cloudflare-workers,2026-03-10T08:01:14.006Z,false,"0,15,30,45 * * * *",1773129651000,job-hunter-bot,ok,cron,a7fd90f8-dd89-49cd-a89f-9d1613cd7b9c,stateless,N64R5DJR7IPDNLCG,01KKBC8X19N65CY64BWCSWGF9J,N64R5DJR7IPDNLCG,"0,15,30,45 * * * *",job-hunter-bot,[WARN] [Circuit] Skipping https://boards-api.greenhouse.io/v1/boards/dbtlabs/jobs — circuit is OPEN,346e138aae29f6b381c1ebae50734856,cf-worker,9652c0eabd8fbe010167fd7787852081,cron,[WARN] [Circuit] Skipping https://boards-api.greenhouse.io/v1/boards/<*>/jobs — circuit is OPEN,undefined,undefined,undefined,[]
[WARN] [Circuit] Skipping https://boards-api.greenhouse.io/v1/boards/census/jobs — circuit is OPEN,cloudflare-workers,2026-03-10T08:01:13.943Z,false,"0,15,30,45 * * * *",1773129651000,job-hunter-bot,ok,cron,a7fd90f8-dd89-49cd-a89f-9d1613cd7b9c,stateless,N64R5DJR7IPDNLCG,01KKBC8X19N65CY64BWCSWGF9H,N64R5DJR7IPDNLCG,"0,15,30,45 * * * *",job-hunter-bot,[WARN] [Circuit] Skipping https://boards-api.greenhouse.io/v1/boards/census/jobs — circuit is OPEN,346e138aae29f6b381c1ebae50734856,cf-worker,9652c0eabd8fbe010167fd7787852081,cron,[WARN] [Circuit] Skipping https://boards-api.greenhouse.io/v1/boards/<*>/jobs — circuit is OPEN,undefined,undefined,undefined,[]
[WARN] [Circuit] Skipping https://boards-api.greenhouse.io/v1/boards/scale/jobs — circuit is OPEN,cloudflare-workers,2026-03-10T08:01:13.885Z,false,"0,15,30,45 * * * *",1773129651000,job-hunter-bot,ok,cron,a7fd90f8-dd89-49cd-a89f-9d1613cd7b9c,stateless,N64R5DJR7IPDNLCG,01KKBC8X19N65CY64BWCSWGF9G,N64R5DJR7IPDNLCG,"0,15,30,45 * * * *",job-hunter-bot,[WARN] [Circuit] Skipping https://boards-api.greenhouse.io/v1/boards/scale/jobs — circuit is OPEN,346e138aae29f6b381c1ebae50734856,cf-worker,9652c0eabd8fbe010167fd7787852081,cron,[WARN] [Circuit] Skipping https://boards-api.greenhouse.io/v1/boards/<*>/jobs — circuit is OPEN,undefined,undefined,undefined,[]
[INFO] [Connectors] Harvest complete | Sources: 2 (greenhouse:2) | Jobs: 404 | Errors: 0,cloudflare-workers,2026-03-10T08:01:13.573Z,false,"0,15,30,45 * * * *",1773129651000,job-hunter-bot,ok,cron,a7fd90f8-dd89-49cd-a89f-9d1613cd7b9c,stateless,N64R5DJR7IPDNLCG,01KKBC8X19N65CY64BWCSWGF9F,N64R5DJR7IPDNLCG,"0,15,30,45 * * * *",job-hunter-bot,[INFO] [Connectors] Harvest complete | Sources: 2 (greenhouse:2) | Jobs: 404 | Errors: 0,346e138aae29f6b381c1ebae50734856,cf-worker,9652c0eabd8fbe010167fd7787852081,cron,[INFO] [Connectors] Harvest complete | Sources: <*> (<*>) | Jobs: <*> | Errors: 0,undefined,undefined,undefined,[]
[INFO] [Greenhouse] Brex: 241 jobs fetched,cloudflare-workers,2026-03-10T08:01:13.573Z,false,"0,15,30,45 * * * *",1773129651000,job-hunter-bot,ok,cron,a7fd90f8-dd89-49cd-a89f-9d1613cd7b9c,stateless,N64R5DJR7IPDNLCG,01KKBC8X19N65CY64BWCSWGF9E,N64R5DJR7IPDNLCG,"0,15,30,45 * * * *",job-hunter-bot,[INFO] [Greenhouse] Brex: 241 jobs fetched,346e138aae29f6b381c1ebae50734856,cf-worker,9652c0eabd8fbe010167fd7787852081,cron,[INFO] [Greenhouse] <*>: <*> jobs fetched,undefined,undefined,undefined,[]
[INFO] [Greenhouse] Grafana Labs: 163 jobs fetched,cloudflare-workers,2026-03-10T08:01:13.557Z,false,"0,15,30,45 * * * *",1773129651000,job-hunter-bot,ok,cron,a7fd90f8-dd89-49cd-a89f-9d1613cd7b9c,stateless,N64R5DJR7IPDNLCG,01KKBC8X19N65CY64BWCSWGF9D,N64R5DJR7IPDNLCG,"0,15,30,45 * * * *",job-hunter-bot,[INFO] [Greenhouse] Grafana Labs: 163 jobs fetched,346e138aae29f6b381c1ebae50734856,cf-worker,9652c0eabd8fbe010167fd7787852081,cron,[INFO] [Greenhouse] Grafana Labs: 163 jobs fetched,undefined,undefined,undefined,[]
[INFO] [Connectors] Running greenhouse connector on 2 sources,cloudflare-workers,2026-03-10T08:01:12.974Z,false,"0,15,30,45 * * * *",1773129651000,job-hunter-bot,ok,cron,a7fd90f8-dd89-49cd-a89f-9d1613cd7b9c,stateless,N64R5DJR7IPDNLCG,01KKBC8X19N65CY64BWCSWGF9C,N64R5DJR7IPDNLCG,"0,15,30,45 * * * *",job-hunter-bot,[INFO] [Connectors] Running greenhouse connector on 2 sources,346e138aae29f6b381c1ebae50734856,cf-worker,9652c0eabd8fbe010167fd7787852081,cron,[INFO] [Connectors] Running <*> connector on <*> sources,undefined,undefined,undefined,[]
[WARN] [Circuit] Skipping https://boards-api.greenhouse.io/v1/boards/retool/jobs — circuit is OPEN,cloudflare-workers,2026-03-10T08:01:12.974Z,false,"0,15,30,45 * * * *",1773129651000,job-hunter-bot,ok,cron,a7fd90f8-dd89-49cd-a89f-9d1613cd7b9c,stateless,N64R5DJR7IPDNLCG,01KKBC8X19N65CY64BWCSWGF9B,N64R5DJR7IPDNLCG,"0,15,30,45 * * * *",job-hunter-bot,[WARN] [Circuit] Skipping https://boards-api.greenhouse.io/v1/boards/retool/jobs — circuit is OPEN,346e138aae29f6b381c1ebae50734856,cf-worker,9652c0eabd8fbe010167fd7787852081,cron,[WARN] [Circuit] Skipping https://boards-api.greenhouse.io/v1/boards/<*>/jobs — circuit is OPEN,undefined,undefined,undefined,[]
[WARN] [Circuit] Skipping https://boards-api.greenhouse.io/v1/boards/plaid/jobs — circuit is OPEN,cloudflare-workers,2026-03-10T08:01:12.920Z,false,"0,15,30,45 * * * *",1773129651000,job-hunter-bot,ok,cron,a7fd90f8-dd89-49cd-a89f-9d1613cd7b9c,stateless,N64R5DJR7IPDNLCG,01KKBC8X19N65CY64BWCSWGF9A,N64R5DJR7IPDNLCG,"0,15,30,45 * * * *",job-hunter-bot,[WARN] [Circuit] Skipping https://boards-api.greenhouse.io/v1/boards/plaid/jobs — circuit is OPEN,346e138aae29f6b381c1ebae50734856,cf-worker,9652c0eabd8fbe010167fd7787852081,cron,[WARN] [Circuit] Skipping https://boards-api.greenhouse.io/v1/boards/<*>/jobs — circuit is OPEN,undefined,undefined,undefined,[]
[WARN] [Circuit] Skipping https://boards-api.greenhouse.io/v1/boards/daboraio/jobs — circuit is OPEN,cloudflare-workers,2026-03-10T08:01:12.787Z,false,"0,15,30,45 * * * *",1773129651000,job-hunter-bot,ok,cron,a7fd90f8-dd89-49cd-a89f-9d1613cd7b9c,stateless,N64R5DJR7IPDNLCG,01KKBC8X19N65CY64BWCSWGF99,N64R5DJR7IPDNLCG,"0,15,30,45 * * * *",job-hunter-bot,[WARN] [Circuit] Skipping https://boards-api.greenhouse.io/v1/boards/daboraio/jobs — circuit is OPEN,346e138aae29f6b381c1ebae50734856,cf-worker,9652c0eabd8fbe010167fd7787852081,cron,[WARN] [Circuit] Skipping https://boards-api.greenhouse.io/v1/boards/<*>/jobs — circuit is OPEN,undefined,undefined,undefined,[]
[INFO] [Connectors] Harvest complete | Sources: 2 (greenhouse:2) | Jobs: 511 | Errors: 0,cloudflare-workers,2026-03-10T08:01:12.478Z,false,"0,15,30,45 * * * *",1773129651000,job-hunter-bot,ok,cron,a7fd90f8-dd89-49cd-a89f-9d1613cd7b9c,stateless,N64R5DJR7IPDNLCG,01KKBC8X19N65CY64BWCSWGF98,N64R5DJR7IPDNLCG,"0,15,30,45 * * * *",job-hunter-bot,[INFO] [Connectors] Harvest complete | Sources: 2 (greenhouse:2) | Jobs: 511 | Errors: 0,346e138aae29f6b381c1ebae50734856,cf-worker,9652c0eabd8fbe010167fd7787852081,cron,[INFO] [Connectors] Harvest complete | Sources: <*> (<*>) | Jobs: <*> | Errors: 0,undefined,undefined,undefined,[]
[INFO] [Greenhouse] Datadog: 431 jobs fetched,cloudflare-workers,2026-03-10T08:01:12.478Z,false,"0,15,30,45 * * * *",1773129651000,job-hunter-bot,ok,cron,a7fd90f8-dd89-49cd-a89f-9d1613cd7b9c,stateless,N64R5DJR7IPDNLCG,01KKBC8X19N65CY64BWCSWGF97,N64R5DJR7IPDNLCG,"0,15,30,45 * * * *",job-hunter-bot,[INFO] [Greenhouse] Datadog: 431 jobs fetched,346e138aae29f6b381c1ebae50734856,cf-worker,9652c0eabd8fbe010167fd7787852081,cron,[INFO] [Greenhouse] <*>: <*> jobs fetched,undefined,undefined,undefined,[]
[INFO] [Greenhouse] Vercel: 80 jobs fetched,cloudflare-workers,2026-03-10T08:01:11.847Z,false,"0,15,30,45 * * * *",1773129651000,job-hunter-bot,ok,cron,a7fd90f8-dd89-49cd-a89f-9d1613cd7b9c,stateless,N64R5DJR7IPDNLCG,01KKBC8X19N65CY64BWCSWGF96,N64R5DJR7IPDNLCG,"0,15,30,45 * * * *",job-hunter-bot,[INFO] [Greenhouse] Vercel: 80 jobs fetched,346e138aae29f6b381c1ebae50734856,cf-worker,9652c0eabd8fbe010167fd7787852081,cron,[INFO] [Greenhouse] <*>: <*> jobs fetched,undefined,undefined,undefined,[]
[INFO] [Connectors] Running greenhouse connector on 2 sources,cloudflare-workers,2026-03-10T08:01:10.345Z,false,"0,15,30,45 * * * *",1773129651000,job-hunter-bot,ok,cron,a7fd90f8-dd89-49cd-a89f-9d1613cd7b9c,stateless,N64R5DJR7IPDNLCG,01KKBC8X19N65CY64BWCSWGF95,N64R5DJR7IPDNLCG,"0,15,30,45 * * * *",job-hunter-bot,[INFO] [Connectors] Running greenhouse connector on 2 sources,346e138aae29f6b381c1ebae50734856,cf-worker,9652c0eabd8fbe010167fd7787852081,cron,[INFO] [Connectors] Running <*> connector on <*> sources,undefined,undefined,undefined,[]
[WARN] [Circuit] Skipping https://boards-api.greenhouse.io/v1/boards/notion/jobs — circuit is OPEN,cloudflare-workers,2026-03-10T08:01:10.286Z,false,"0,15,30,45 * * * *",1773129651000,job-hunter-bot,ok,cron,a7fd90f8-dd89-49cd-a89f-9d1613cd7b9c,stateless,N64R5DJR7IPDNLCG,01KKBC8X19N65CY64BWCSWGF94,N64R5DJR7IPDNLCG,"0,15,30,45 * * * *",job-hunter-bot,[WARN] [Circuit] Skipping https://boards-api.greenhouse.io/v1/boards/notion/jobs — circuit is OPEN,346e138aae29f6b381c1ebae50734856,cf-worker,9652c0eabd8fbe010167fd7787852081,cron,[WARN] [Circuit] Skipping https://boards-api.greenhouse.io/v1/boards/<*>/jobs — circuit is OPEN,undefined,undefined,undefined,[]
[WARN] [Circuit] Skipping https://boards-api.greenhouse.io/v1/boards/linear/jobs — circuit is OPEN,cloudflare-workers,2026-03-10T08:01:10.235Z,false,"0,15,30,45 * * * *",1773129651000,job-hunter-bot,ok,cron,a7fd90f8-dd89-49cd-a89f-9d1613cd7b9c,stateless,N64R5DJR7IPDNLCG,01KKBC8X19N65CY64BWCSWGF93,N64R5DJR7IPDNLCG,"0,15,30,45 * * * *",job-hunter-bot,[WARN] [Circuit] Skipping https://boards-api.greenhouse.io/v1/boards/linear/jobs — circuit is OPEN,346e138aae29f6b381c1ebae50734856,cf-worker,9652c0eabd8fbe010167fd7787852081,cron,[WARN] [Circuit] Skipping https://boards-api.greenhouse.io/v1/boards/<*>/jobs — circuit is OPEN,undefined,undefined,undefined,[]
[WARN] [Circuit] Skipping https://boards-api.greenhouse.io/v1/boards/supabase/jobs — circuit is OPEN,cloudflare-workers,2026-03-10T08:01:10.182Z,false,"0,15,30,45 * * * *",1773129651000,job-hunter-bot,ok,cron,a7fd90f8-dd89-49cd-a89f-9d1613cd7b9c,stateless,N64R5DJR7IPDNLCG,01KKBC8X19N65CY64BWCSWGF92,N64R5DJR7IPDNLCG,"0,15,30,45 * * * *",job-hunter-bot,[WARN] [Circuit] Skipping https://boards-api.greenhouse.io/v1/boards/supabase/jobs — circuit is OPEN,346e138aae29f6b381c1ebae50734856,cf-worker,9652c0eabd8fbe010167fd7787852081,cron,[WARN] [Circuit] Skipping https://boards-api.greenhouse.io/v1/boards/<*>/jobs — circuit is OPEN,undefined,undefined,undefined,[]
[INFO] [Connectors] Harvest complete | Sources: 4 (greenhouse:4) | Jobs: 841 | Errors: 0,cloudflare-workers,2026-03-10T08:01:09.798Z,false,"0,15,30,45 * * * *",1773129651000,job-hunter-bot,ok,cron,a7fd90f8-dd89-49cd-a89f-9d1613cd7b9c,stateless,N64R5DJR7IPDNLCG,01KKBC8X19N65CY64BWCSWGF91,N64R5DJR7IPDNLCG,"0,15,30,45 * * * *",job-hunter-bot,[INFO] [Connectors] Harvest complete | Sources: 4 (greenhouse:4) | Jobs: 841 | Errors: 0,346e138aae29f6b381c1ebae50734856,cf-worker,9652c0eabd8fbe010167fd7787852081,cron,[INFO] [Connectors] Harvest complete | Sources: <*> (<*>) | Jobs: <*> | Errors: 0,undefined,undefined,undefined,[]
[INFO] [Greenhouse] Figma: 171 jobs fetched,cloudflare-workers,2026-03-10T08:01:09.798Z,false,"0,15,30,45 * * * *",1773129651000,job-hunter-bot,ok,cron,a7fd90f8-dd89-49cd-a89f-9d1613cd7b9c,stateless,N64R5DJR7IPDNLCG,01KKBC8X19N65CY64BWCSWGF90,N64R5DJR7IPDNLCG,"0,15,30,45 * * * *",job-hunter-bot,[INFO] [Greenhouse] Figma: 171 jobs fetched,346e138aae29f6b381c1ebae50734856,cf-worker,9652c0eabd8fbe010167fd7787852081,cron,[INFO] [Greenhouse] <*>: <*> jobs fetched,undefined,undefined,undefined,[]
[INFO] [Greenhouse] Cloudflare: 586 jobs fetched,cloudflare-workers,2026-03-10T08:01:09.757Z,false,"0,15,30,45 * * * *",1773129651000,job-hunter-bot,ok,cron,a7fd90f8-dd89-49cd-a89f-9d1613cd7b9c,stateless,N64R5DJR7IPDNLCG,01KKBC8X19N65CY64BWCSWGF8Z,N64R5DJR7IPDNLCG,"0,15,30,45 * * * *",job-hunter-bot,[INFO] [Greenhouse] Cloudflare: 586 jobs fetched,346e138aae29f6b381c1ebae50734856,cf-worker,9652c0eabd8fbe010167fd7787852081,cron,[INFO] [Greenhouse] <*>: <*> jobs fetched,undefined,undefined,undefined,[]
[INFO] [Greenhouse] Netlify: 2 jobs fetched,cloudflare-workers,2026-03-10T08:01:09.517Z,false,"0,15,30,45 * * * *",1773129651000,job-hunter-bot,ok,cron,a7fd90f8-dd89-49cd-a89f-9d1613cd7b9c,stateless,N64R5DJR7IPDNLCG,01KKBC8X19N65CY64BWCSWGF8Y,N64R5DJR7IPDNLCG,"0,15,30,45 * * * *",job-hunter-bot,[INFO] [Greenhouse] Netlify: 2 jobs fetched,346e138aae29f6b381c1ebae50734856,cf-worker,9652c0eabd8fbe010167fd7787852081,cron,[INFO] [Greenhouse] <*>: <*> jobs fetched,undefined,undefined,undefined,[]
[INFO] [Greenhouse] Discord: 82 jobs fetched,cloudflare-workers,2026-03-10T08:01:07.681Z,false,"0,15,30,45 * * * *",1773129651000,job-hunter-bot,ok,cron,a7fd90f8-dd89-49cd-a89f-9d1613cd7b9c,stateless,N64R5DJR7IPDNLCG,01KKBC8X19N65CY64BWCSWGF8X,N64R5DJR7IPDNLCG,"0,15,30,45 * * * *",job-hunter-bot,[INFO] [Greenhouse] Discord: 82 jobs fetched,346e138aae29f6b381c1ebae50734856,cf-worker,9652c0eabd8fbe010167fd7787852081,cron,[INFO] [Greenhouse] <*>: <*> jobs fetched,undefined,undefined,undefined,[]
[INFO] [Fetcher] Harvest complete. Inserted 0 new jobs (0 dupes filtered).,cloudflare-workers,2026-03-10T08:01:07.680Z,false,"0,15,30,45 * * * *",1773129651000,job-hunter-bot,ok,cron,a7fd90f8-dd89-49cd-a89f-9d1613cd7b9c,stateless,N64R5DJR7IPDNLCG,01KKBC8X19N65CY64BWCSWGF8W,N64R5DJR7IPDNLCG,"0,15,30,45 * * * *",job-hunter-bot,[INFO] [Fetcher] Harvest complete. Inserted 0 new jobs (0 dupes filtered).,346e138aae29f6b381c1ebae50734856,cf-worker,9652c0eabd8fbe010167fd7787852081,cron,[INFO] [Fetcher] Harvest complete. Inserted <*> new jobs (0 dupes filtered).,undefined,undefined,undefined,[]
[INFO] [Fetcher] Batch recorded 5 source yields,cloudflare-workers,2026-03-10T08:01:07.680Z,false,"0,15,30,45 * * * *",1773129651000,job-hunter-bot,ok,cron,a7fd90f8-dd89-49cd-a89f-9d1613cd7b9c,stateless,N64R5DJR7IPDNLCG,01KKBC8X19N65CY64BWCSWGF8V,N64R5DJR7IPDNLCG,"0,15,30,45 * * * *",job-hunter-bot,[INFO] [Fetcher] Batch recorded 5 source yields,346e138aae29f6b381c1ebae50734856,cf-worker,9652c0eabd8fbe010167fd7787852081,cron,[INFO] [Fetcher] Batch recorded <*> source yields,undefined,undefined,undefined,[]
[INFO] [Connectors] Running greenhouse connector on 4 sources,cloudflare-workers,2026-03-10T08:01:07.403Z,false,"0,15,30,45 * * * *",1773129651000,job-hunter-bot,ok,cron,a7fd90f8-dd89-49cd-a89f-9d1613cd7b9c,stateless,N64R5DJR7IPDNLCG,01KKBC8X19N65CY64BWCSWGF8T,N64R5DJR7IPDNLCG,"0,15,30,45 * * * *",job-hunter-bot,[INFO] [Connectors] Running greenhouse connector on 4 sources,346e138aae29f6b381c1ebae50734856,cf-worker,9652c0eabd8fbe010167fd7787852081,cron,[INFO] [Connectors] Running <*> connector on <*> sources,undefined,undefined,undefined,[]
[WARN] [Circuit] Skipping https://boards-api.greenhouse.io/v1/boards/hashicorp/jobs — circuit is OPEN,cloudflare-workers,2026-03-10T08:01:07.217Z,false,"0,15,30,45 * * * *",1773129651000,job-hunter-bot,ok,cron,a7fd90f8-dd89-49cd-a89f-9d1613cd7b9c,stateless,N64R5DJR7IPDNLCG,01KKBC8X19N65CY64BWCSWGF8S,N64R5DJR7IPDNLCG,"0,15,30,45 * * * *",job-hunter-bot,[WARN] [Circuit] Skipping https://boards-api.greenhouse.io/v1/boards/hashicorp/jobs — circuit is OPEN,346e138aae29f6b381c1ebae50734856,cf-worker,9652c0eabd8fbe010167fd7787852081,cron,[WARN] [Circuit] Skipping https://boards-api.greenhouse.io/v1/boards/hashicorp/jobs — circuit is OPEN,undefined,undefined,undefined,[]
[INFO] [Fetcher] Harvest complete. Inserted 10 new jobs (0 dupes filtered).,cloudflare-workers,2026-03-10T08:01:07.191Z,false,"0,15,30,45 * * * *",1773129651000,job-hunter-bot,ok,cron,a7fd90f8-dd89-49cd-a89f-9d1613cd7b9c,stateless,N64R5DJR7IPDNLCG,01KKBC8X19N65CY64BWCSWGF8R,N64R5DJR7IPDNLCG,"0,15,30,45 * * * *",job-hunter-bot,[INFO] [Fetcher] Harvest complete. Inserted 10 new jobs (0 dupes filtered).,346e138aae29f6b381c1ebae50734856,cf-worker,9652c0eabd8fbe010167fd7787852081,cron,[INFO] [Fetcher] Harvest complete. Inserted <*> new jobs (0 dupes filtered).,undefined,undefined,undefined,[]
[INFO] [Fetcher] Batch recorded 5 source yields,cloudflare-workers,2026-03-10T08:01:06.944Z,false,"0,15,30,45 * * * *",1773129651000,job-hunter-bot,ok,cron,a7fd90f8-dd89-49cd-a89f-9d1613cd7b9c,stateless,N64R5DJR7IPDNLCG,01KKBC8X19N65CY64BWCSWGF8Q,N64R5DJR7IPDNLCG,"0,15,30,45 * * * *",job-hunter-bot,[INFO] [Fetcher] Batch recorded 5 source yields,346e138aae29f6b381c1ebae50734856,cf-worker,9652c0eabd8fbe010167fd7787852081,cron,[INFO] [Fetcher] Batch recorded <*> source yields,undefined,undefined,undefined,[]
[INFO] [Connectors] Harvest complete | Sources: 5 (rss:5) | Jobs: 0 | Errors: 0,cloudflare-workers,2026-03-10T08:01:06.835Z,false,"0,15,30,45 * * * *",1773129651000,job-hunter-bot,ok,cron,a7fd90f8-dd89-49cd-a89f-9d1613cd7b9c,stateless,N64R5DJR7IPDNLCG,01KKBC8X19N65CY64BWCSWGF8P,N64R5DJR7IPDNLCG,"0,15,30,45 * * * *",job-hunter-bot,[INFO] [Connectors] Harvest complete | Sources: 5 (rss:5) | Jobs: 0 | Errors: 0,346e138aae29f6b381c1ebae50734856,cf-worker,9652c0eabd8fbe010167fd7787852081,cron,[INFO] [Connectors] Harvest complete | Sources: 5 (rss:5) | Jobs: <*> | Errors: 0,undefined,undefined,undefined,[]
[INFO] [RSS] Cursor filtered 10 seen items from remoteworkhub — 0 new,cloudflare-workers,2026-03-10T08:01:06.835Z,false,"0,15,30,45 * * * *",1773129651000,job-hunter-bot,ok,cron,a7fd90f8-dd89-49cd-a89f-9d1613cd7b9c,stateless,N64R5DJR7IPDNLCG,01KKBC8X19N65CY64BWCSWGF8N,N64R5DJR7IPDNLCG,"0,15,30,45 * * * *",job-hunter-bot,[INFO] [RSS] Cursor filtered 10 seen items from remoteworkhub — 0 new,346e138aae29f6b381c1ebae50734856,cf-worker,9652c0eabd8fbe010167fd7787852081,cron,[INFO] [RSS] Cursor filtered <*> seen items from <*> — <*> new,undefined,undefined,undefined,[]
[INFO] [Discovery] Queued 1 company domains for career probing,cloudflare-workers,2026-03-10T08:01:06.721Z,false,"0,15,30,45 * * * *",1773129651000,job-hunter-bot,ok,cron,a7fd90f8-dd89-49cd-a89f-9d1613cd7b9c,stateless,N64R5DJR7IPDNLCG,01KKBC8X19N65CY64BWCSWGF8M,N64R5DJR7IPDNLCG,"0,15,30,45 * * * *",job-hunter-bot,[INFO] [Discovery] Queued 1 company domains for career probing,346e138aae29f6b381c1ebae50734856,cf-worker,9652c0eabd8fbe010167fd7787852081,cron,[INFO] [Discovery] Queued <*> company domains for career probing,undefined,undefined,undefined,[]
[INFO] [Fetcher] Direct evaluation completed for 10 jobs,cloudflare-workers,2026-03-10T08:01:06.449Z,false,"0,15,30,45 * * * *",1773129651000,job-hunter-bot,ok,cron,a7fd90f8-dd89-49cd-a89f-9d1613cd7b9c,stateless,N64R5DJR7IPDNLCG,01KKBC8X19N65CY64BWCSWGF8K,N64R5DJR7IPDNLCG,"0,15,30,45 * * * *",job-hunter-bot,[INFO] [Fetcher] Direct evaluation completed for 10 jobs,346e138aae29f6b381c1ebae50734856,cf-worker,9652c0eabd8fbe010167fd7787852081,cron,[INFO] [Fetcher] Direct evaluation completed for 10 jobs,undefined,undefined,undefined,[]
[INFO] [Threshold] Too few matches (0) → lowering to 30,cloudflare-workers,2026-03-10T08:01:06.449Z,false,"0,15,30,45 * * * *",1773129651000,job-hunter-bot,ok,cron,a7fd90f8-dd89-49cd-a89f-9d1613cd7b9c,stateless,N64R5DJR7IPDNLCG,01KKBC8X19N65CY64BWCSWGF8J,N64R5DJR7IPDNLCG,"0,15,30,45 * * * *",job-hunter-bot,[INFO] [Threshold] Too few matches (0) → lowering to 30,346e138aae29f6b381c1ebae50734856,cf-worker,9652c0eabd8fbe010167fd7787852081,cron,[INFO] [Threshold] Too few matches (0) → lowering to 30,undefined,undefined,undefined,[]
[INFO] [Fetcher] Harvest complete. Inserted 0 new jobs (0 dupes filtered).,cloudflare-workers,2026-03-10T08:01:06.046Z,false,"0,15,30,45 * * * *",1773129651000,job-hunter-bot,ok,cron,a7fd90f8-dd89-49cd-a89f-9d1613cd7b9c,stateless,N64R5DJR7IPDNLCG,01KKBC8X19N65CY64BWCSWGF8H,N64R5DJR7IPDNLCG,"0,15,30,45 * * * *",job-hunter-bot,[INFO] [Fetcher] Harvest complete. Inserted 0 new jobs (0 dupes filtered).,346e138aae29f6b381c1ebae50734856,cf-worker,9652c0eabd8fbe010167fd7787852081,cron,[INFO] [Fetcher] Harvest complete. Inserted <*> new jobs (<*> dupes filtered).,undefined,undefined,undefined,[]
[INFO] [Fetcher] Batch recorded 5 source yields,cloudflare-workers,2026-03-10T08:01:06.046Z,false,"0,15,30,45 * * * *",1773129651000,job-hunter-bot,ok,cron,a7fd90f8-dd89-49cd-a89f-9d1613cd7b9c,stateless,N64R5DJR7IPDNLCG,01KKBC8X19N65CY64BWCSWGF8G,N64R5DJR7IPDNLCG,"0,15,30,45 * * * *",job-hunter-bot,[INFO] [Fetcher] Batch recorded 5 source yields,346e138aae29f6b381c1ebae50734856,cf-worker,9652c0eabd8fbe010167fd7787852081,cron,[INFO] [Fetcher] Batch recorded <*> source yields,undefined,undefined,undefined,[]
[INFO] [RSS] Cursor filtered 19 seen items from landing — 0 new,cloudflare-workers,2026-03-10T08:01:06.034Z,false,"0,15,30,45 * * * *",1773129651000,job-hunter-bot,ok,cron,a7fd90f8-dd89-49cd-a89f-9d1613cd7b9c,stateless,N64R5DJR7IPDNLCG,01KKBC8X19N65CY64BWCSWGF8F,N64R5DJR7IPDNLCG,"0,15,30,45 * * * *",job-hunter-bot,[INFO] [RSS] Cursor filtered 19 seen items from landing — 0 new,346e138aae29f6b381c1ebae50734856,cf-worker,9652c0eabd8fbe010167fd7787852081,cron,[INFO] [RSS] Cursor filtered <*> seen items from <*> — <*> new,undefined,undefined,undefined,[]
[INFO] [RSS] Cursor filtered 75 seen items from cryptocurrencyjobs — 0 new,cloudflare-workers,2026-03-10T08:01:06.030Z,false,"0,15,30,45 * * * *",1773129651000,job-hunter-bot,ok,cron,a7fd90f8-dd89-49cd-a89f-9d1613cd7b9c,stateless,N64R5DJR7IPDNLCG,01KKBC8X19N65CY64BWCSWGF8E,N64R5DJR7IPDNLCG,"0,15,30,45 * * * *",job-hunter-bot,[INFO] [RSS] Cursor filtered 75 seen items from cryptocurrencyjobs — 0 new,346e138aae29f6b381c1ebae50734856,cf-worker,9652c0eabd8fbe010167fd7787852081,cron,[INFO] [RSS] Cursor filtered <*> seen items from <*> — <*> new,undefined,undefined,undefined,[]
[INFO] [RSS] Cursor filtered 100 seen items from cryptojobslist — 0 new,cloudflare-workers,2026-03-10T08:01:06.012Z,false,"0,15,30,45 * * * *",1773129651000,job-hunter-bot,ok,cron,a7fd90f8-dd89-49cd-a89f-9d1613cd7b9c,stateless,N64R5DJR7IPDNLCG,01KKBC8X19N65CY64BWCSWGF8D,N64R5DJR7IPDNLCG,"0,15,30,45 * * * *",job-hunter-bot,[INFO] [RSS] Cursor filtered 100 seen items from cryptojobslist — 0 new,346e138aae29f6b381c1ebae50734856,cf-worker,9652c0eabd8fbe010167fd7787852081,cron,[INFO] [RSS] Cursor filtered <*> seen items from <*> — <*> new,undefined,undefined,undefined,[]
[INFO] [RSS] Cursor filtered 20 seen items from jobspresso — 0 new,cloudflare-workers,2026-03-10T08:01:05.900Z,false,"0,15,30,45 * * * *",1773129651000,job-hunter-bot,ok,cron,a7fd90f8-dd89-49cd-a89f-9d1613cd7b9c,stateless,N64R5DJR7IPDNLCG,01KKBC8X19N65CY64BWCSWGF8C,N64R5DJR7IPDNLCG,"0,15,30,45 * * * *",job-hunter-bot,[INFO] [RSS] Cursor filtered 20 seen items from jobspresso — 0 new,346e138aae29f6b381c1ebae50734856,cf-worker,9652c0eabd8fbe010167fd7787852081,cron,[INFO] [RSS] Cursor filtered <*> seen items from <*> — <*> new,undefined,undefined,undefined,[]
[INFO] [Connectors] Running rss connector on 5 sources,cloudflare-workers,2026-03-10T08:01:05.822Z,false,"0,15,30,45 * * * *",1773129651000,job-hunter-bot,ok,cron,a7fd90f8-dd89-49cd-a89f-9d1613cd7b9c,stateless,N64R5DJR7IPDNLCG,01KKBC8X19N65CY64BWCSWGF8B,N64R5DJR7IPDNLCG,"0,15,30,45 * * * *",job-hunter-bot,[INFO] [Connectors] Running rss connector on 5 sources,346e138aae29f6b381c1ebae50734856,cf-worker,9652c0eabd8fbe010167fd7787852081,cron,[INFO] [Connectors] Running <*> connector on <*> sources,undefined,undefined,undefined,[]
[INFO] [Connectors] Harvest complete | Sources: 5 (rss:5) | Jobs: 0 | Errors: 0,cloudflare-workers,2026-03-10T08:01:05.242Z,false,"0,15,30,45 * * * *",1773129651000,job-hunter-bot,ok,cron,a7fd90f8-dd89-49cd-a89f-9d1613cd7b9c,stateless,N64R5DJR7IPDNLCG,01KKBC8X19N65CY64BWCSWGF89,N64R5DJR7IPDNLCG,"0,15,30,45 * * * *",job-hunter-bot,[INFO] [Connectors] Harvest complete | Sources: 5 (rss:5) | Jobs: 0 | Errors: 0,346e138aae29f6b381c1ebae50734856,cf-worker,9652c0eabd8fbe010167fd7787852081,cron,[INFO] [Connectors] Harvest complete | Sources: 5 (rss:5) | Jobs: <*> | Errors: 0,undefined,undefined,undefined,[]
[INFO] [RSS] Cursor filtered 36 seen items from hasjob — 0 new,cloudflare-workers,2026-03-10T08:01:05.242Z,false,"0,15,30,45 * * * *",1773129651000,job-hunter-bot,ok,cron,a7fd90f8-dd89-49cd-a89f-9d1613cd7b9c,stateless,N64R5DJR7IPDNLCG,01KKBC8X19N65CY64BWCSWGF88,N64R5DJR7IPDNLCG,"0,15,30,45 * * * *",job-hunter-bot,[INFO] [RSS] Cursor filtered 36 seen items from hasjob — 0 new,346e138aae29f6b381c1ebae50734856,cf-worker,9652c0eabd8fbe010167fd7787852081,cron,[INFO] [RSS] Cursor filtered <*> seen items from <*> — <*> new,undefined,undefined,undefined,[]
[INFO] [RSS] Cursor filtered 98 seen items from dribbble — 0 new,cloudflare-workers,2026-03-10T08:01:05.177Z,false,"0,15,30,45 * * * *",1773129651000,job-hunter-bot,ok,cron,a7fd90f8-dd89-49cd-a89f-9d1613cd7b9c,stateless,N64R5DJR7IPDNLCG,01KKBC8X19N65CY64BWCSWGF87,N64R5DJR7IPDNLCG,"0,15,30,45 * * * *",job-hunter-bot,[INFO] [RSS] Cursor filtered 98 seen items from dribbble — 0 new,346e138aae29f6b381c1ebae50734856,cf-worker,9652c0eabd8fbe010167fd7787852081,cron,[INFO] [RSS] Cursor filtered <*> seen items from <*> — <*> new,undefined,undefined,undefined,[]
[INFO] [RSS] Cursor filtered 10 seen items from fossjobs — 0 new,cloudflare-workers,2026-03-10T08:01:05.032Z,false,"0,15,30,45 * * * *",1773129651000,job-hunter-bot,ok,cron,a7fd90f8-dd89-49cd-a89f-9d1613cd7b9c,stateless,N64R5DJR7IPDNLCG,01KKBC8X19N65CY64BWCSWGF86,N64R5DJR7IPDNLCG,"0,15,30,45 * * * *",job-hunter-bot,[INFO] [RSS] Cursor filtered 10 seen items from fossjobs — 0 new,346e138aae29f6b381c1ebae50734856,cf-worker,9652c0eabd8fbe010167fd7787852081,cron,[INFO] [RSS] Cursor filtered <*> seen items from <*> — <*> new,undefined,undefined,undefined,[]
[INFO] [RSS] Cursor filtered 26 seen items from app — 0 new,cloudflare-workers,2026-03-10T08:01:04.817Z,false,"0,15,30,45 * * * *",1773129651000,job-hunter-bot,ok,cron,a7fd90f8-dd89-49cd-a89f-9d1613cd7b9c,stateless,N64R5DJR7IPDNLCG,01KKBC8X19N65CY64BWCSWGF85,N64R5DJR7IPDNLCG,"0,15,30,45 * * * *",job-hunter-bot,[INFO] [RSS] Cursor filtered 26 seen items from app — 0 new,346e138aae29f6b381c1ebae50734856,cf-worker,9652c0eabd8fbe010167fd7787852081,cron,[INFO] [RSS] Cursor filtered <*> seen items from <*> — <*> new,undefined,undefined,undefined,[]
[INFO] [Fetcher] Harvest complete. Inserted 0 new jobs (0 dupes filtered).,cloudflare-workers,2026-03-10T08:01:04.750Z,false,"0,15,30,45 * * * *",1773129651000,job-hunter-bot,ok,cron,a7fd90f8-dd89-49cd-a89f-9d1613cd7b9c,stateless,N64R5DJR7IPDNLCG,01KKBC8X19N65CY64BWCSWGF84,N64R5DJR7IPDNLCG,"0,15,30,45 * * * *",job-hunter-bot,[INFO] [Fetcher] Harvest complete. Inserted 0 new jobs (0 dupes filtered).,346e138aae29f6b381c1ebae50734856,cf-worker,9652c0eabd8fbe010167fd7787852081,cron,[INFO] [Fetcher] Harvest complete. Inserted <*> new jobs (<*> dupes filtered).,undefined,undefined,undefined,[]
[INFO] [Fetcher] Batch recorded 5 source yields,cloudflare-workers,2026-03-10T08:01:04.750Z,false,"0,15,30,45 * * * *",1773129651000,job-hunter-bot,ok,cron,a7fd90f8-dd89-49cd-a89f-9d1613cd7b9c,stateless,N64R5DJR7IPDNLCG,01KKBC8X19N65CY64BWCSWGF83,N64R5DJR7IPDNLCG,"0,15,30,45 * * * *",job-hunter-bot,[INFO] [Fetcher] Batch recorded 5 source yields,346e138aae29f6b381c1ebae50734856,cf-worker,9652c0eabd8fbe010167fd7787852081,cron,[INFO] [Fetcher] Batch recorded <*> source yields,undefined,undefined,undefined,[]
[INFO] [Connectors] Running rss connector on 5 sources,cloudflare-workers,2026-03-10T08:01:04.467Z,false,"0,15,30,45 * * * *",1773129651000,job-hunter-bot,ok,cron,a7fd90f8-dd89-49cd-a89f-9d1613cd7b9c,stateless,N64R5DJR7IPDNLCG,01KKBC8X19N65CY64BWCSWGF82,N64R5DJR7IPDNLCG,"0,15,30,45 * * * *",job-hunter-bot,[INFO] [Connectors] Running rss connector on 5 sources,346e138aae29f6b381c1ebae50734856,cf-worker,9652c0eabd8fbe010167fd7787852081,cron,[INFO] [Connectors] Running <*> connector on <*> sources,undefined,undefined,undefined,[]
[INFO] [Connectors] Harvest complete | Sources: 5 (rss:5) | Jobs: 0 | Errors: 0,cloudflare-workers,2026-03-10T08:01:03.962Z,false,"0,15,30,45 * * * *",1773129651000,job-hunter-bot,ok,cron,a7fd90f8-dd89-49cd-a89f-9d1613cd7b9c,stateless,N64R5DJR7IPDNLCG,01KKBC8X19N65CY64BWCSWGF81,N64R5DJR7IPDNLCG,"0,15,30,45 * * * *",job-hunter-bot,[INFO] [Connectors] Harvest complete | Sources: 5 (rss:5) | Jobs: 0 | Errors: 0,346e138aae29f6b381c1ebae50734856,cf-worker,9652c0eabd8fbe010167fd7787852081,cron,[INFO] [Connectors] Harvest complete | Sources: 5 (rss:5) | Jobs: <*> | Errors: 0,undefined,undefined,undefined,[]
[INFO] [RSS] Cursor filtered 150 seen items from 4dayweek — 0 new,cloudflare-workers,2026-03-10T08:01:03.962Z,false,"0,15,30,45 * * * *",1773129651000,job-hunter-bot,ok,cron,a7fd90f8-dd89-49cd-a89f-9d1613cd7b9c,stateless,N64R5DJR7IPDNLCG,01KKBC8X19N65CY64BWCSWGF80,N64R5DJR7IPDNLCG,"0,15,30,45 * * * *",job-hunter-bot,[INFO] [RSS] Cursor filtered 150 seen items from 4dayweek — 0 new,346e138aae29f6b381c1ebae50734856,cf-worker,9652c0eabd8fbe010167fd7787852081,cron,[INFO] [RSS] Cursor filtered <*> seen items from <*> — <*> new,undefined,undefined,undefined,[]
"[WARN] [Retry] Attempt 3/4 failed (Queue sendBatch failed: Too Many Requests), retrying in 2086ms...",cloudflare-workers,2026-03-10T08:01:03.320Z,false,"0,15,30,45 * * * *",1773129651000,job-hunter-bot,ok,cron,a7fd90f8-dd89-49cd-a89f-9d1613cd7b9c,stateless,N64R5DJR7IPDNLCG,01KKBC8X19N65CY64BWCSWGF7Z,N64R5DJR7IPDNLCG,"0,15,30,45 * * * *",job-hunter-bot,"[WARN] [Retry] Attempt 3/4 failed (Queue sendBatch failed: Too Many Requests), retrying in 2086ms...",346e138aae29f6b381c1ebae50734856,cf-worker,9652c0eabd8fbe010167fd7787852081,cron,"[WARN] [Retry] Attempt <*>/4 failed (Queue sendBatch failed: Too Many Requests), retrying in <*>...",undefined,undefined,undefined,[]
[INFO] [RSS] Cursor filtered 44 seen items from weworkremotely — 0 new,cloudflare-workers,2026-03-10T08:01:03.258Z,false,"0,15,30,45 * * * *",1773129651000,job-hunter-bot,ok,cron,a7fd90f8-dd89-49cd-a89f-9d1613cd7b9c,stateless,N64R5DJR7IPDNLCG,01KKBC8X19N65CY64BWCSWGF7Y,N64R5DJR7IPDNLCG,"0,15,30,45 * * * *",job-hunter-bot,[INFO] [RSS] Cursor filtered 44 seen items from weworkremotely — 0 new,346e138aae29f6b381c1ebae50734856,cf-worker,9652c0eabd8fbe010167fd7787852081,cron,[INFO] [RSS] Cursor filtered <*> seen items from <*> — <*> new,undefined,undefined,undefined,[]
[INFO] [Fetcher] Harvest complete. Inserted 0 new jobs (0 dupes filtered).,cloudflare-workers,2026-03-10T08:01:03.241Z,false,"0,15,30,45 * * * *",1773129651000,job-hunter-bot,ok,cron,a7fd90f8-dd89-49cd-a89f-9d1613cd7b9c,stateless,N64R5DJR7IPDNLCG,01KKBC8X19N65CY64BWCSWGF7X,N64R5DJR7IPDNLCG,"0,15,30,45 * * * *",job-hunter-bot,[INFO] [Fetcher] Harvest complete. Inserted 0 new jobs (0 dupes filtered).,346e138aae29f6b381c1ebae50734856,cf-worker,9652c0eabd8fbe010167fd7787852081,cron,[INFO] [Fetcher] Harvest complete. Inserted <*> new jobs (<*> dupes filtered).,undefined,undefined,undefined,[]
[INFO] [Fetcher] Batch recorded 5 source yields,cloudflare-workers,2026-03-10T08:01:03.241Z,false,"0,15,30,45 * * * *",1773129651000,job-hunter-bot,ok,cron,a7fd90f8-dd89-49cd-a89f-9d1613cd7b9c,stateless,N64R5DJR7IPDNLCG,01KKBC8X19N65CY64BWCSWGF7W,N64R5DJR7IPDNLCG,"0,15,30,45 * * * *",job-hunter-bot,[INFO] [Fetcher] Batch recorded 5 source yields,346e138aae29f6b381c1ebae50734856,cf-worker,9652c0eabd8fbe010167fd7787852081,cron,[INFO] [Fetcher] Batch recorded <*> source yields,undefined,undefined,undefined,[]
[INFO] [RSS] Cursor filtered 22 seen items from weworkremotely — 0 new,cloudflare-workers,2026-03-10T08:01:03.212Z,false,"0,15,30,45 * * * *",1773129651000,job-hunter-bot,ok,cron,a7fd90f8-dd89-49cd-a89f-9d1613cd7b9c,stateless,N64R5DJR7IPDNLCG,01KKBC8X19N65CY64BWCSWGF7V,N64R5DJR7IPDNLCG,"0,15,30,45 * * * *",job-hunter-bot,[INFO] [RSS] Cursor filtered 22 seen items from weworkremotely — 0 new,346e138aae29f6b381c1ebae50734856,cf-worker,9652c0eabd8fbe010167fd7787852081,cron,[INFO] [RSS] Cursor filtered <*> seen items from <*> — <*> new,undefined,undefined,undefined,[]
[INFO] [RSS] Cursor filtered 100 seen items from himalayas — 0 new,cloudflare-workers,2026-03-10T08:01:03.195Z,false,"0,15,30,45 * * * *",1773129651000,job-hunter-bot,ok,cron,a7fd90f8-dd89-49cd-a89f-9d1613cd7b9c,stateless,N64R5DJR7IPDNLCG,01KKBC8X19N65CY64BWCSWGF7T,N64R5DJR7IPDNLCG,"0,15,30,45 * * * *",job-hunter-bot,[INFO] [RSS] Cursor filtered 100 seen items from himalayas — 0 new,346e138aae29f6b381c1ebae50734856,cf-worker,9652c0eabd8fbe010167fd7787852081,cron,[INFO] [RSS] Cursor filtered <*> seen items from <*> — <*> new,undefined,undefined,undefined,[]
[INFO] [Connectors] Running rss connector on 5 sources,cloudflare-workers,2026-03-10T08:01:03.026Z,false,"0,15,30,45 * * * *",1773129651000,job-hunter-bot,ok,cron,a7fd90f8-dd89-49cd-a89f-9d1613cd7b9c,stateless,N64R5DJR7IPDNLCG,01KKBC8X19N65CY64BWCSWGF7S,N64R5DJR7IPDNLCG,"0,15,30,45 * * * *",job-hunter-bot,[INFO] [Connectors] Running rss connector on 5 sources,346e138aae29f6b381c1ebae50734856,cf-worker,9652c0eabd8fbe010167fd7787852081,cron,[INFO] [Connectors] Running <*> connector on <*> sources,undefined,undefined,undefined,[]
[INFO] [Connectors] Harvest complete | Sources: 5 (rss:5) | Jobs: 0 | Errors: 0,cloudflare-workers,2026-03-10T08:01:02.513Z,false,"0,15,30,45 * * * *",1773129651000,job-hunter-bot,ok,cron,a7fd90f8-dd89-49cd-a89f-9d1613cd7b9c,stateless,N64R5DJR7IPDNLCG,01KKBC8X19N65CY64BWCSWGF7R,N64R5DJR7IPDNLCG,"0,15,30,45 * * * *",job-hunter-bot,[INFO] [Connectors] Harvest complete | Sources: 5 (rss:5) | Jobs: 0 | Errors: 0,346e138aae29f6b381c1ebae50734856,cf-worker,9652c0eabd8fbe010167fd7787852081,cron,[INFO] [Connectors] Harvest complete | Sources: 5 (rss:5) | Jobs: <*> | Errors: 0,undefined,undefined,undefined,[]
[INFO] [RSS] Cursor filtered 100 seen items from weworkremotely — 0 new,cloudflare-workers,2026-03-10T08:01:02.513Z,false,"0,15,30,45 * * * *",1773129651000,job-hunter-bot,ok,cron,a7fd90f8-dd89-49cd-a89f-9d1613cd7b9c,stateless,N64R5DJR7IPDNLCG,01KKBC8X19N65CY64BWCSWGF7Q,N64R5DJR7IPDNLCG,"0,15,30,45 * * * *",job-hunter-bot,[INFO] [RSS] Cursor filtered 100 seen items from weworkremotely — 0 new,346e138aae29f6b381c1ebae50734856,cf-worker,9652c0eabd8fbe010167fd7787852081,cron,[INFO] [RSS] Cursor filtered <*> seen items from <*> — <*> new,undefined,undefined,undefined,[]
"[WARN] [Retry] Attempt 2/4 failed (Queue sendBatch failed: Too Many Requests), retrying in 1001ms...",cloudflare-workers,2026-03-10T08:01:02.311Z,false,"0,15,30,45 * * * *",1773129651000,job-hunter-bot,ok,cron,a7fd90f8-dd89-49cd-a89f-9d1613cd7b9c,stateless,N64R5DJR7IPDNLCG,01KKBC8X19N65CY64BWCSWGF7P,N64R5DJR7IPDNLCG,"0,15,30,45 * * * *",job-hunter-bot,"[WARN] [Retry] Attempt 2/4 failed (Queue sendBatch failed: Too Many Requests), retrying in 1001ms...",346e138aae29f6b381c1ebae50734856,cf-worker,9652c0eabd8fbe010167fd7787852081,cron,"[WARN] [Retry] Attempt <*>/4 failed (Queue sendBatch failed: Too Many Requests), retrying in <*>...",undefined,undefined,undefined,[]
[INFO] [RSS] Cursor filtered 84 seen items from weworkremotely — 0 new,cloudflare-workers,2026-03-10T08:01:01.984Z,false,"0,15,30,45 * * * *",1773129651000,job-hunter-bot,ok,cron,a7fd90f8-dd89-49cd-a89f-9d1613cd7b9c,stateless,N64R5DJR7IPDNLCG,01KKBC8X19N65CY64BWCSWGF7N,N64R5DJR7IPDNLCG,"0,15,30,45 * * * *",job-hunter-bot,[INFO] [RSS] Cursor filtered 84 seen items from weworkremotely — 0 new,346e138aae29f6b381c1ebae50734856,cf-worker,9652c0eabd8fbe010167fd7787852081,cron,[INFO] [RSS] Cursor filtered <*> seen items from <*> — <*> new,undefined,undefined,undefined,[]
[INFO] [RSS] Cursor filtered 41 seen items from weworkremotely — 0 new,cloudflare-workers,2026-03-10T08:01:01.956Z,false,"0,15,30,45 * * * *",1773129651000,job-hunter-bot,ok,cron,a7fd90f8-dd89-49cd-a89f-9d1613cd7b9c,stateless,N64R5DJR7IPDNLCG,01KKBC8X19N65CY64BWCSWGF7M,N64R5DJR7IPDNLCG,"0,15,30,45 * * * *",job-hunter-bot,[INFO] [RSS] Cursor filtered 41 seen items from weworkremotely — 0 new,346e138aae29f6b381c1ebae50734856,cf-worker,9652c0eabd8fbe010167fd7787852081,cron,[INFO] [RSS] Cursor filtered <*> seen items from <*> — <*> new,undefined,undefined,undefined,[]
[INFO] [RSS] Cursor filtered 190 seen items from smartremotejobs — 0 new,cloudflare-workers,2026-03-10T08:01:01.939Z,false,"0,15,30,45 * * * *",1773129651000,job-hunter-bot,ok,cron,a7fd90f8-dd89-49cd-a89f-9d1613cd7b9c,stateless,N64R5DJR7IPDNLCG,01KKBC8X19N65CY64BWCSWGF7K,N64R5DJR7IPDNLCG,"0,15,30,45 * * * *",job-hunter-bot,[INFO] [RSS] Cursor filtered 190 seen items from smartremotejobs — 0 new,346e138aae29f6b381c1ebae50734856,cf-worker,9652c0eabd8fbe010167fd7787852081,cron,[INFO] [RSS] Cursor filtered <*> seen items from <*> — <*> new,undefined,undefined,undefined,[]
[INFO] [RSS] Cursor filtered 25 seen items from weworkremotely — 0 new,cloudflare-workers,2026-03-10T08:01:01.873Z,false,"0,15,30,45 * * * *",1773129651000,job-hunter-bot,ok,cron,a7fd90f8-dd89-49cd-a89f-9d1613cd7b9c,stateless,N64R5DJR7IPDNLCG,01KKBC8X19N65CY64BWCSWGF7J,N64R5DJR7IPDNLCG,"0,15,30,45 * * * *",job-hunter-bot,[INFO] [RSS] Cursor filtered 25 seen items from weworkremotely — 0 new,346e138aae29f6b381c1ebae50734856,cf-worker,9652c0eabd8fbe010167fd7787852081,cron,[INFO] [RSS] Cursor filtered <*> seen items from <*> — <*> new,undefined,undefined,undefined,[]
"[WARN] [Retry] Attempt 1/4 failed (Queue sendBatch failed: Too Many Requests), retrying in 587ms...",cloudflare-workers,2026-03-10T08:01:01.715Z,false,"0,15,30,45 * * * *",1773129651000,job-hunter-bot,ok,cron,a7fd90f8-dd89-49cd-a89f-9d1613cd7b9c,stateless,N64R5DJR7IPDNLCG,01KKBC8X19N65CY64BWCSWGF7H,N64R5DJR7IPDNLCG,"0,15,30,45 * * * *",job-hunter-bot,"[WARN] [Retry] Attempt 1/4 failed (Queue sendBatch failed: Too Many Requests), retrying in 587ms...",346e138aae29f6b381c1ebae50734856,cf-worker,9652c0eabd8fbe010167fd7787852081,cron,"[WARN] [Retry] Attempt <*>/4 failed (Queue sendBatch failed: Too Many Requests), retrying in <*>...",undefined,undefined,undefined,[]
[INFO] [D1] Batch inserted 10 new jobs (0 dupes) in 1 batches,cloudflare-workers,2026-03-10T08:01:01.707Z,false,"0,15,30,45 * * * *",1773129651000,job-hunter-bot,ok,cron,a7fd90f8-dd89-49cd-a89f-9d1613cd7b9c,stateless,N64R5DJR7IPDNLCG,01KKBC8X19N65CY64BWCSWGF7G,N64R5DJR7IPDNLCG,"0,15,30,45 * * * *",job-hunter-bot,[INFO] [D1] Batch inserted 10 new jobs (0 dupes) in 1 batches,346e138aae29f6b381c1ebae50734856,cf-worker,9652c0eabd8fbe010167fd7787852081,cron,[INFO] [D1] Batch inserted 10 new jobs (0 dupes) in 1 batches,undefined,undefined,undefined,[]
[INFO] [Connectors] Running rss connector on 5 sources,cloudflare-workers,2026-03-10T08:01:01.665Z,false,"0,15,30,45 * * * *",1773129651000,job-hunter-bot,ok,cron,a7fd90f8-dd89-49cd-a89f-9d1613cd7b9c,stateless,N64R5DJR7IPDNLCG,01KKBC8X19N65CY64BWCSWGF7F,N64R5DJR7IPDNLCG,"0,15,30,45 * * * *",job-hunter-bot,[INFO] [Connectors] Running rss connector on 5 sources,346e138aae29f6b381c1ebae50734856,cf-worker,9652c0eabd8fbe010167fd7787852081,cron,[INFO] [Connectors] Running <*> connector on <*> sources,undefined,undefined,undefined,[]
[INFO] [Connectors] Harvest complete | Sources: 5 (rss:5) | Jobs: 10 | Errors: 0,cloudflare-workers,2026-03-10T08:01:01.187Z,false,"0,15,30,45 * * * *",1773129651000,job-hunter-bot,ok,cron,a7fd90f8-dd89-49cd-a89f-9d1613cd7b9c,stateless,N64R5DJR7IPDNLCG,01KKBC8X19N65CY64BWCSWGF7E,N64R5DJR7IPDNLCG,"0,15,30,45 * * * *",job-hunter-bot,[INFO] [Connectors] Harvest complete | Sources: 5 (rss:5) | Jobs: 10 | Errors: 0,346e138aae29f6b381c1ebae50734856,cf-worker,9652c0eabd8fbe010167fd7787852081,cron,[INFO] [Connectors] Harvest complete | Sources: <*> (<*>) | Jobs: <*> | Errors: <*>,undefined,undefined,undefined,[]
[INFO] [RSS] Cursor filtered 100 seen items from hireweb3 — 0 new,cloudflare-workers,2026-03-10T08:01:01.187Z,false,"0,15,30,45 * * * *",1773129651000,job-hunter-bot,ok,cron,a7fd90f8-dd89-49cd-a89f-9d1613cd7b9c,stateless,N64R5DJR7IPDNLCG,01KKBC8X19N65CY64BWCSWGF7D,N64R5DJR7IPDNLCG,"0,15,30,45 * * * *",job-hunter-bot,[INFO] [RSS] Cursor filtered 100 seen items from hireweb3 — 0 new,346e138aae29f6b381c1ebae50734856,cf-worker,9652c0eabd8fbe010167fd7787852081,cron,[INFO] [RSS] Cursor filtered <*> seen items from <*> — <*> new,undefined,undefined,undefined,[]
[INFO] [RSS] Cursor filtered 80 seen items from empllo — 0 new,cloudflare-workers,2026-03-10T08:01:00.813Z,false,"0,15,30,45 * * * *",1773129651000,job-hunter-bot,ok,cron,a7fd90f8-dd89-49cd-a89f-9d1613cd7b9c,stateless,N64R5DJR7IPDNLCG,01KKBC8X19N65CY64BWCSWGF7C,N64R5DJR7IPDNLCG,"0,15,30,45 * * * *",job-hunter-bot,[INFO] [RSS] Cursor filtered 80 seen items from empllo — 0 new,346e138aae29f6b381c1ebae50734856,cf-worker,9652c0eabd8fbe010167fd7787852081,cron,[INFO] [RSS] Cursor filtered <*> seen items from <*> — <*> new,undefined,undefined,undefined,[]
[INFO] [RSS] Cursor filtered 749 seen items from smartremotejobs — 1 new,cloudflare-workers,2026-03-10T08:01:00.725Z,false,"0,15,30,45 * * * *",1773129651000,job-hunter-bot,ok,cron,a7fd90f8-dd89-49cd-a89f-9d1613cd7b9c,stateless,N64R5DJR7IPDNLCG,01KKBC8X19N65CY64BWCSWGF7B,N64R5DJR7IPDNLCG,"0,15,30,45 * * * *",job-hunter-bot,[INFO] [RSS] Cursor filtered 749 seen items from smartremotejobs — 1 new,346e138aae29f6b381c1ebae50734856,cf-worker,9652c0eabd8fbe010167fd7787852081,cron,[INFO] [RSS] Cursor filtered <*> seen items from <*> — <*> new,undefined,undefined,undefined,[]
[INFO] [RSS] Cursor filtered 16 seen items from empllo — 0 new,cloudflare-workers,2026-03-10T08:01:00.659Z,false,"0,15,30,45 * * * *",1773129651000,job-hunter-bot,ok,cron,a7fd90f8-dd89-49cd-a89f-9d1613cd7b9c,stateless,N64R5DJR7IPDNLCG,01KKBC8X19N65CY64BWCSWGF7A,N64R5DJR7IPDNLCG,"0,15,30,45 * * * *",job-hunter-bot,[INFO] [RSS] Cursor filtered 16 seen items from empllo — 0 new,346e138aae29f6b381c1ebae50734856,cf-worker,9652c0eabd8fbe010167fd7787852081,cron,[INFO] [RSS] Cursor filtered <*> seen items from <*> — <*> new,undefined,undefined,undefined,[]
[INFO] [RSS] Cursor filtered 91 seen items from jobscollider — 9 new,cloudflare-workers,2026-03-10T08:01:00.568Z,false,"0,15,30,45 * * * *",1773129651000,job-hunter-bot,ok,cron,a7fd90f8-dd89-49cd-a89f-9d1613cd7b9c,stateless,N64R5DJR7IPDNLCG,01KKBC8X19N65CY64BWCSWGF79,N64R5DJR7IPDNLCG,"0,15,30,45 * * * *",job-hunter-bot,[INFO] [RSS] Cursor filtered 91 seen items from jobscollider — 9 new,346e138aae29f6b381c1ebae50734856,cf-worker,9652c0eabd8fbe010167fd7787852081,cron,[INFO] [RSS] Cursor filtered <*> seen items from <*> — <*> new,undefined,undefined,undefined,[]
[INFO] [Connectors] Running rss connector on 5 sources,cloudflare-workers,2026-03-10T08:01:00.413Z,false,"0,15,30,45 * * * *",1773129651000,job-hunter-bot,ok,cron,a7fd90f8-dd89-49cd-a89f-9d1613cd7b9c,stateless,N64R5DJR7IPDNLCG,01KKBC8X19N65CY64BWCSWGF78,N64R5DJR7IPDNLCG,"0,15,30,45 * * * *",job-hunter-bot,[INFO] [Connectors] Running rss connector on 5 sources,346e138aae29f6b381c1ebae50734856,cf-worker,9652c0eabd8fbe010167fd7787852081,cron,[INFO] [Connectors] Running <*> connector on <*> sources,undefined,undefined,undefined,[]
[INFO] [Producer] Direct mode: processing 148 sources inline...,cloudflare-workers,2026-03-10T08:01:00.183Z,false,"0,15,30,45 * * * *",1773129651000,job-hunter-bot,ok,cron,a7fd90f8-dd89-49cd-a89f-9d1613cd7b9c,stateless,N64R5DJR7IPDNLCG,01KKBC8X19N65CY64BWCSWGF77,N64R5DJR7IPDNLCG,"0,15,30,45 * * * *",job-hunter-bot,[INFO] [Producer] Direct mode: processing 148 sources inline...,346e138aae29f6b381c1ebae50734856,cf-worker,9652c0eabd8fbe010167fd7787852081,cron,[INFO] [Producer] Direct <*>: <*> 148 sources <*>...,undefined,undefined,undefined,[]
"[WARN] [Retry] Attempt 3/4 failed (Queue sendBatch failed: Too Many Requests), retrying in 2040ms...",cloudflare-workers,2026-03-10T08:00:58.136Z,false,"0,15,30,45 * * * *",1773129651000,job-hunter-bot,ok,cron,a7fd90f8-dd89-49cd-a89f-9d1613cd7b9c,stateless,N64R5DJR7IPDNLCG,01KKBC8X19N65CY64BWCSWGF75,N64R5DJR7IPDNLCG,"0,15,30,45 * * * *",job-hunter-bot,"[WARN] [Retry] Attempt 3/4 failed (Queue sendBatch failed: Too Many Requests), retrying in 2040ms...",346e138aae29f6b381c1ebae50734856,cf-worker,9652c0eabd8fbe010167fd7787852081,cron,"[WARN] [Retry] Attempt <*>/4 failed (Queue sendBatch failed: Too Many Requests), retrying in <*>...",undefined,undefined,undefined,[]
"[WARN] [Retry] Attempt 2/4 failed (Queue sendBatch failed: Too Many Requests), retrying in 1074ms...",cloudflare-workers,2026-03-10T08:00:57.054Z,false,"0,15,30,45 * * * *",1773129651000,job-hunter-bot,ok,cron,a7fd90f8-dd89-49cd-a89f-9d1613cd7b9c,stateless,N64R5DJR7IPDNLCG,01KKBC8X19N65CY64BWCSWGF74,N64R5DJR7IPDNLCG,"0,15,30,45 * * * *",job-hunter-bot,"[WARN] [Retry] Attempt 2/4 failed (Queue sendBatch failed: Too Many Requests), retrying in 1074ms...",346e138aae29f6b381c1ebae50734856,cf-worker,9652c0eabd8fbe010167fd7787852081,cron,"[WARN] [Retry] Attempt <*>/4 failed (Queue sendBatch failed: Too Many Requests), retrying in <*>...",undefined,undefined,undefined,[]
"[WARN] [Retry] Attempt 1/4 failed (Queue sendBatch failed: Too Many Requests), retrying in 529ms...",cloudflare-workers,2026-03-10T08:00:56.516Z,false,"0,15,30,45 * * * *",1773129651000,job-hunter-bot,ok,cron,a7fd90f8-dd89-49cd-a89f-9d1613cd7b9c,stateless,N64R5DJR7IPDNLCG,01KKBC8X19N65CY64BWCSWGF73,N64R5DJR7IPDNLCG,"0,15,30,45 * * * *",job-hunter-bot,"[WARN] [Retry] Attempt 1/4 failed (Queue sendBatch failed: Too Many Requests), retrying in 529ms...",346e138aae29f6b381c1ebae50734856,cf-worker,9652c0eabd8fbe010167fd7787852081,cron,"[WARN] [Retry] Attempt <*>/4 failed (Queue sendBatch failed: Too Many Requests), retrying in <*>...",undefined,undefined,undefined,[]
[INFO] [Producer] Broadcasting 148 sources to FEED_QUEUE...,cloudflare-workers,2026-03-10T08:00:56.508Z,false,"0,15,30,45 * * * *",1773129651000,job-hunter-bot,ok,cron,a7fd90f8-dd89-49cd-a89f-9d1613cd7b9c,stateless,N64R5DJR7IPDNLCG,01KKBC8X19N65CY64BWCSWGF72,N64R5DJR7IPDNLCG,"0,15,30,45 * * * *",job-hunter-bot,[INFO] [Producer] Broadcasting 148 sources to FEED_QUEUE...,346e138aae29f6b381c1ebae50734856,cf-worker,9652c0eabd8fbe010167fd7787852081,cron,[INFO] [Producer] Broadcasting 148 sources to FEED_QUEUE...,undefined,undefined,undefined,[]
[INFO] [Producer] Intelligence: 148 sources selected (87 config + 61 registry),cloudflare-workers,2026-03-10T08:00:56.508Z,false,"0,15,30,45 * * * *",1773129651000,job-hunter-bot,ok,cron,a7fd90f8-dd89-49cd-a89f-9d1613cd7b9c,stateless,N64R5DJR7IPDNLCG,01KKBC8X19N65CY64BWCSWGF71,N64R5DJR7IPDNLCG,"0,15,30,45 * * * *",job-hunter-bot,[INFO] [Producer] Intelligence: 148 sources selected (87 config + 61 registry),346e138aae29f6b381c1ebae50734856,cf-worker,9652c0eabd8fbe010167fd7787852081,cron,[INFO] [Producer] Intelligence: 148 sources selected (87 config + 61 registry),undefined,undefined,undefined,[]
[INFO] [Producer] Cron cycle #832 fired.,cloudflare-workers,2026-03-10T08:00:55.380Z,false,"0,15,30,45 * * * *",1773129651000,job-hunter-bot,ok,cron,a7fd90f8-dd89-49cd-a89f-9d1613cd7b9c,stateless,N64R5DJR7IPDNLCG,01KKBC8X19N65CY64BWCSWGF70,N64R5DJR7IPDNLCG,"0,15,30,45 * * * *",job-hunter-bot,[INFO] [Producer] Cron cycle #832 fired.,346e138aae29f6b381c1ebae50734856,cf-worker,9652c0eabd8fbe010167fd7787852081,cron,[INFO] [Producer] <*> <*> <*> <*>.,undefined,undefined,undefined,[]
"0,15,30,45 * * * * ",cloudflare-workers,2026-03-10T08:00:55.380Z,false,"0,15,30,45 * * * *",1773129651000,job-hunter-bot,ok,cron,a7fd90f8-dd89-49cd-a89f-9d1613cd7b9c,stateless,N64R5DJR7IPDNLCG,01KKBC8X19N65CY64BWCSWGF6Z,N64R5DJR7IPDNLCG,"0,15,30,45 * * * *",job-hunter-bot,"0,15,30,45 * * * * ",346e138aae29f6b381c1ebae50734856,cf-worker-event,9652c0eabd8fbe010167fd7787852081,cron,"0,15,30,45 * * * *",undefined,undefined,undefined,[]
[INFO] [Producer] Cycle #831 dispatch complete.,cloudflare-workers,2026-03-10T07:46:27.272Z,false,"0,15,30,45 * * * *",1773128751000,job-hunter-bot,ok,cron,a7fd90f8-dd89-49cd-a89f-9d1613cd7b9c,stateless,J7YWUS538ECCSW42,01KKBBC9A894B7TDT4DT3123DJ,J7YWUS538ECCSW42,"0,15,30,45 * * * *",job-hunter-bot,[INFO] [Producer] Cycle #831 dispatch complete.,346e138aae29f6b381c1ebae50734856,cf-worker,9652c0eabd8fbe010167fd7787852081,cron,[INFO] [Producer] <*> <*> <*> <*>.,undefined,undefined,undefined,[]
[INFO] [Fetcher] Harvest complete. Inserted 0 new jobs (638 dupes filtered).,cloudflare-workers,2026-03-10T07:46:27.253Z,false,"0,15,30,45 * * * *",1773128751000,job-hunter-bot,ok,cron,a7fd90f8-dd89-49cd-a89f-9d1613cd7b9c,stateless,J7YWUS538ECCSW42,01KKBBC99NZBSA18GR38A507PN,J7YWUS538ECCSW42,"0,15,30,45 * * * *",job-hunter-bot,[INFO] [Fetcher] Harvest complete. Inserted 0 new jobs (638 dupes filtered).,346e138aae29f6b381c1ebae50734856,cf-worker,9652c0eabd8fbe010167fd7787852081,cron,[INFO] [Fetcher] Harvest complete. Inserted <*> new jobs (<*> dupes filtered).,undefined,undefined,undefined,[]
[INFO] [Fetcher] Harvest complete. Inserted 0 new jobs (0 dupes filtered).,cloudflare-workers,2026-03-10T07:46:27.026Z,false,"0,15,30,45 * * * *",1773128751000,job-hunter-bot,ok,cron,a7fd90f8-dd89-49cd-a89f-9d1613cd7b9c,stateless,J7YWUS538ECCSW42,01KKBBC92JDGJSQPJ0SCSP3624,J7YWUS538ECCSW42,"0,15,30,45 * * * *",job-hunter-bot,[INFO] [Fetcher] Harvest complete. Inserted 0 new jobs (0 dupes filtered).,346e138aae29f6b381c1ebae50734856,cf-worker,9652c0eabd8fbe010167fd7787852081,cron,[INFO] [Fetcher] Harvest complete. Inserted <*> new jobs (<*> dupes filtered).,undefined,undefined,undefined,[]
[INFO] [Fetcher] Batch recorded 5 source yields,cloudflare-workers,2026-03-10T07:46:26.917Z,false,"0,15,30,45 * * * *",1773128751000,job-hunter-bot,ok,cron,a7fd90f8-dd89-49cd-a89f-9d1613cd7b9c,stateless,J7YWUS538ECCSW42,01KKBBC8Z5S8CJNHQN3SSWMM4X,J7YWUS538ECCSW42,"0,15,30,45 * * * *",job-hunter-bot,[INFO] [Fetcher] Batch recorded 5 source yields,346e138aae29f6b381c1ebae50734856,cf-worker,9652c0eabd8fbe010167fd7787852081,cron,[INFO] [Fetcher] Batch recorded <*> source yields,undefined,undefined,undefined,[]
[INFO] [Producer] Direct processing: 55/179 sources completed.,cloudflare-workers,2026-03-10T07:46:26.750Z,false,"0,15,30,45 * * * *",1773128751000,job-hunter-bot,ok,cron,a7fd90f8-dd89-49cd-a89f-9d1613cd7b9c,stateless,J7YWUS538ECCSW42,01KKBBC8SYRFGSRJNQWW31FM7H,J7YWUS538ECCSW42,"0,15,30,45 * * * *",job-hunter-bot,[INFO] [Producer] Direct processing: 55/179 sources completed.,346e138aae29f6b381c1ebae50734856,cf-worker,9652c0eabd8fbe010167fd7787852081,cron,[INFO] [Producer] Direct <*>: <*>/179 sources <*>.,undefined,undefined,undefined,[]
"[WARN] [Producer] Wall-time guard: processed 55/179 sources in 29.1s, deferring rest to next cycle.",cloudflare-workers,2026-03-10T07:46:26.750Z,false,"0,15,30,45 * * * *",1773128751000,job-hunter-bot,ok,cron,a7fd90f8-dd89-49cd-a89f-9d1613cd7b9c,stateless,J7YWUS538ECCSW42,01KKBBC8SYRFGSRJNQWW31FM7G,J7YWUS538ECCSW42,"0,15,30,45 * * * *",job-hunter-bot,"[WARN] [Producer] Wall-time guard: processed 55/179 sources in 29.1s, deferring rest to next cycle.",346e138aae29f6b381c1ebae50734856,cf-worker,9652c0eabd8fbe010167fd7787852081,cron,"[WARN] [Producer] Wall-time guard: processed 55/179 sources in 29.1s, deferring rest to next cycle.",undefined,undefined,undefined,[]
[INFO] [Discovery] Queued 2 company domains for career probing,cloudflare-workers,2026-03-10T07:46:26.675Z,false,"0,15,30,45 * * * *",1773128751000,job-hunter-bot,ok,cron,a7fd90f8-dd89-49cd-a89f-9d1613cd7b9c,stateless,J7YWUS538ECCSW42,01KKBBC8QK1H2KPBM8P1QW8F7W,J7YWUS538ECCSW42,"0,15,30,45 * * * *",job-hunter-bot,[INFO] [Discovery] Queued 2 company domains for career probing,346e138aae29f6b381c1ebae50734856,cf-worker,9652c0eabd8fbe010167fd7787852081,cron,[INFO] [Discovery] Queued <*> company domains for career probing,undefined,undefined,undefined,[]
[INFO] [Connectors] Harvest complete | Sources: 1 (greenhouse:1) | Jobs: 0 | Errors: 1,cloudflare-workers,2026-03-10T07:46:26.506Z,false,"0,15,30,45 * * * *",1773128751000,job-hunter-bot,ok,cron,a7fd90f8-dd89-49cd-a89f-9d1613cd7b9c,stateless,J7YWUS538ECCSW42,01KKBBC8JADGX6XR45J69MKHQH,J7YWUS538ECCSW42,"0,15,30,45 * * * *",job-hunter-bot,[INFO] [Connectors] Harvest complete | Sources: 1 (greenhouse:1) | Jobs: 0 | Errors: 1,346e138aae29f6b381c1ebae50734856,cf-worker,9652c0eabd8fbe010167fd7787852081,cron,[INFO] [Connectors] Harvest complete | Sources: <*> (<*>) | Jobs: <*> | Errors: <*>,undefined,undefined,undefined,[]
"[WARN] [Greenhouse] Prismatic failed: Too many subrequests by single Worker invocation. To configure this limit, refer to https://developers.cloudflare.com/workers/wrangler/configuration/#limits",cloudflare-workers,2026-03-10T07:46:26.506Z,false,"0,15,30,45 * * * *",1773128751000,job-hunter-bot,ok,cron,a7fd90f8-dd89-49cd-a89f-9d1613cd7b9c,stateless,J7YWUS538ECCSW42,01KKBBC8JADGX6XR45J69MKHQG,J7YWUS538ECCSW42,"0,15,30,45 * * * *",job-hunter-bot,"[WARN] [Greenhouse] Prismatic failed: Too many subrequests by single Worker invocation. To configure this limit, refer to https://developers.cloudflare.com/workers/wrangler/configuration/#limits",346e138aae29f6b381c1ebae50734856,cf-worker,9652c0eabd8fbe010167fd7787852081,cron,"[WARN] [Greenhouse] Prismatic failed: Too many subrequests by single Worker invocation. To configure this limit, refer to https://developers.cloudflare.com/workers/wrangler/configuration/#limits",undefined,undefined,undefined,[]
"[WARN] [Fetch] Attempt 2 failed for https://boards-api.greenhouse.io/v1/boards/prismatic/jobs?content=true (Too many subrequests by single Worker invocation. To configure this limit, refer to https://developers.cloudflare.com/workers/wrangler/configuration/#limits). Retrying in 2003ms...",cloudflare-workers,2026-03-10T07:46:24.504Z,false,"0,15,30,45 * * * *",1773128751000,job-hunter-bot,ok,cron,a7fd90f8-dd89-49cd-a89f-9d1613cd7b9c,stateless,J7YWUS538ECCSW42,01KKBBC6KR6634CR7RAV3YZ5DC,J7YWUS538ECCSW42,"0,15,30,45 * * * *",job-hunter-bot,"[WARN] [Fetch] Attempt 2 failed for https://boards-api.greenhouse.io/v1/boards/prismatic/jobs?content=true (Too many subrequests by single Worker invocation. To configure this limit, refer to https://developers.cloudflare.com/workers/wrangler/configuration/#limits). Retrying in 2003ms...",346e138aae29f6b381c1ebae50734856,cf-worker,9652c0eabd8fbe010167fd7787852081,cron,"[WARN] [Fetch] Attempt <*> failed for https://boards-api.greenhouse.io/v1/boards/prismatic/jobs?content=true (Too many subrequests by single Worker invocation. To configure this limit, refer to https://developers.cloudflare.com/workers/wrangler/configuration/#limits). Retrying in <*>...",undefined,undefined,undefined,[]
"[WARN] [Fetch] Attempt 1 failed for https://boards-api.greenhouse.io/v1/boards/prismatic/jobs?content=true (Too many subrequests by single Worker invocation. To configure this limit, refer to https://developers.cloudflare.com/workers/wrangler/configuration/#limits). Retrying in 1455ms...",cloudflare-workers,2026-03-10T07:46:23.050Z,false,"0,15,30,45 * * * *",1773128751000,job-hunter-bot,ok,cron,a7fd90f8-dd89-49cd-a89f-9d1613cd7b9c,stateless,J7YWUS538ECCSW42,01KKBBC56A58NJ2ZZ2YNMHBTWB,J7YWUS538ECCSW42,"0,15,30,45 * * * *",job-hunter-bot,"[WARN] [Fetch] Attempt 1 failed for https://boards-api.greenhouse.io/v1/boards/prismatic/jobs?content=true (Too many subrequests by single Worker invocation. To configure this limit, refer to https://developers.cloudflare.com/workers/wrangler/configuration/#limits). Retrying in 1455ms...",346e138aae29f6b381c1ebae50734856,cf-worker,9652c0eabd8fbe010167fd7787852081,cron,"[WARN] [Fetch] Attempt 1 failed for https://boards-api.greenhouse.io/v1/boards/prismatic/jobs?content=true (Too many subrequests by single Worker invocation. To configure this limit, refer to https://developers.cloudflare.com/workers/wrangler/configuration/#limits). Retrying in 1455ms...",undefined,undefined,undefined,[]
[INFO] [Connectors] Running greenhouse connector on 1 sources,cloudflare-workers,2026-03-10T07:46:22.101Z,false,"0,15,30,45 * * * *",1773128751000,job-hunter-bot,ok,cron,a7fd90f8-dd89-49cd-a89f-9d1613cd7b9c,stateless,J7YWUS538ECCSW42,01KKBBC48NMPJBVNAW00VGK8AC,J7YWUS538ECCSW42,"0,15,30,45 * * * *",job-hunter-bot,[INFO] [Connectors] Running greenhouse connector on 1 sources,346e138aae29f6b381c1ebae50734856,cf-worker,9652c0eabd8fbe010167fd7787852081,cron,[INFO] [Connectors] Running <*> connector on <*> sources,undefined,undefined,undefined,[]
[WARN] [Circuit] Skipping https://boards-api.greenhouse.io/v1/boards/neon/jobs — circuit is OPEN,cloudflare-workers,2026-03-10T07:46:22.101Z,false,"0,15,30,45 * * * *",1773128751000,job-hunter-bot,ok,cron,a7fd90f8-dd89-49cd-a89f-9d1613cd7b9c,stateless,J7YWUS538ECCSW42,01KKBBC48NMPJBVNAW00VGK8AB,J7YWUS538ECCSW42,"0,15,30,45 * * * *",job-hunter-bot,[WARN] [Circuit] Skipping https://boards-api.greenhouse.io/v1/boards/neon/jobs — circuit is OPEN,346e138aae29f6b381c1ebae50734856,cf-worker,9652c0eabd8fbe010167fd7787852081,cron,[WARN] [Circuit] Skipping https://boards-api.greenhouse.io/v1/boards/<*>/jobs — circuit is OPEN,undefined,undefined,undefined,[]
[WARN] [Circuit] Skipping https://boards-api.greenhouse.io/v1/boards/hasura/jobs — circuit is OPEN,cloudflare-workers,2026-03-10T07:46:22.053Z,false,"0,15,30,45 * * * *",1773128751000,job-hunter-bot,ok,cron,a7fd90f8-dd89-49cd-a89f-9d1613cd7b9c,stateless,J7YWUS538ECCSW42,01KKBBC475KSAASCHGB1TQDQ6P,J7YWUS538ECCSW42,"0,15,30,45 * * * *",job-hunter-bot,[WARN] [Circuit] Skipping https://boards-api.greenhouse.io/v1/boards/hasura/jobs — circuit is OPEN,346e138aae29f6b381c1ebae50734856,cf-worker,9652c0eabd8fbe010167fd7787852081,cron,[WARN] [Circuit] Skipping https://boards-api.greenhouse.io/v1/boards/<*>/jobs — circuit is OPEN,undefined,undefined,undefined,[]
[WARN] [Circuit] Skipping https://boards-api.greenhouse.io/v1/boards/railway/jobs — circuit is OPEN,cloudflare-workers,2026-03-10T07:46:22.000Z,false,"0,15,30,45 * * * *",1773128751000,job-hunter-bot,ok,cron,a7fd90f8-dd89-49cd-a89f-9d1613cd7b9c,stateless,J7YWUS538ECCSW42,01KKBBC45GAT93FHQM6HPEF9TP,J7YWUS538ECCSW42,"0,15,30,45 * * * *",job-hunter-bot,[WARN] [Circuit] Skipping https://boards-api.greenhouse.io/v1/boards/railway/jobs — circuit is OPEN,346e138aae29f6b381c1ebae50734856,cf-worker,9652c0eabd8fbe010167fd7787852081,cron,[WARN] [Circuit] Skipping https://boards-api.greenhouse.io/v1/boards/<*>/jobs — circuit is OPEN,undefined,undefined,undefined,[]
[WARN] [Circuit] Skipping https://boards-api.greenhouse.io/v1/boards/render/jobs — circuit is OPEN,cloudflare-workers,2026-03-10T07:46:21.958Z,false,"0,15,30,45 * * * *",1773128751000,job-hunter-bot,ok,cron,a7fd90f8-dd89-49cd-a89f-9d1613cd7b9c,stateless,J7YWUS538ECCSW42,01KKBBC446PTW0G27FFGC41143,J7YWUS538ECCSW42,"0,15,30,45 * * * *",job-hunter-bot,[WARN] [Circuit] Skipping https://boards-api.greenhouse.io/v1/boards/render/jobs — circuit is OPEN,346e138aae29f6b381c1ebae50734856,cf-worker,9652c0eabd8fbe010167fd7787852081,cron,[WARN] [Circuit] Skipping https://boards-api.greenhouse.io/v1/boards/<*>/jobs — circuit is OPEN,undefined,undefined,undefined,[]
[INFO] [Connectors] Harvest complete | Sources: 5 (greenhouse:5) | Jobs: 638 | Errors: 0,cloudflare-workers,2026-03-10T07:46:21.506Z,false,"0,15,30,45 * * * *",1773128751000,job-hunter-bot,ok,cron,a7fd90f8-dd89-49cd-a89f-9d1613cd7b9c,stateless,J7YWUS538ECCSW42,01KKBBC3P259T6A38NCJFCK73F,J7YWUS538ECCSW42,"0,15,30,45 * * * *",job-hunter-bot,[INFO] [Connectors] Harvest complete | Sources: 5 (greenhouse:5) | Jobs: 638 | Errors: 0,346e138aae29f6b381c1ebae50734856,cf-worker,9652c0eabd8fbe010167fd7787852081,cron,[INFO] [Connectors] Harvest complete | Sources: <*> (<*>) | Jobs: <*> | Errors: <*>,undefined,undefined,undefined,[]
[INFO] [Greenhouse] MongoDB: 406 jobs fetched,cloudflare-workers,2026-03-10T07:46:21.506Z,false,"0,15,30,45 * * * *",1773128751000,job-hunter-bot,ok,cron,a7fd90f8-dd89-49cd-a89f-9d1613cd7b9c,stateless,J7YWUS538ECCSW42,01KKBBC3P259T6A38NCJFCK73E,J7YWUS538ECCSW42,"0,15,30,45 * * * *",job-hunter-bot,[INFO] [Greenhouse] MongoDB: 406 jobs fetched,346e138aae29f6b381c1ebae50734856,cf-worker,9652c0eabd8fbe010167fd7787852081,cron,[INFO] [Greenhouse] <*>: <*> jobs fetched,undefined,undefined,undefined,[]
[INFO] [Greenhouse] CockroachDB: 32 jobs fetched,cloudflare-workers,2026-03-10T07:46:21.162Z,false,"0,15,30,45 * * * *",1773128751000,job-hunter-bot,ok,cron,a7fd90f8-dd89-49cd-a89f-9d1613cd7b9c,stateless,J7YWUS538ECCSW42,01KKBBC3BA1PNCNNZ8BFPQZCNA,J7YWUS538ECCSW42,"0,15,30,45 * * * *",job-hunter-bot,[INFO] [Greenhouse] CockroachDB: 32 jobs fetched,346e138aae29f6b381c1ebae50734856,cf-worker,9652c0eabd8fbe010167fd7787852081,cron,[INFO] [Greenhouse] <*>: <*> jobs fetched,undefined,undefined,undefined,[]
[INFO] [Fetcher] Harvest complete. Inserted 0 new jobs (404 dupes filtered).,cloudflare-workers,2026-03-10T07:46:20.585Z,false,"0,15,30,45 * * * *",1773128751000,job-hunter-bot,ok,cron,a7fd90f8-dd89-49cd-a89f-9d1613cd7b9c,stateless,J7YWUS538ECCSW42,01KKBBC2S9V3ASG36ACN7YHPGQ,J7YWUS538ECCSW42,"0,15,30,45 * * * *",job-hunter-bot,[INFO] [Fetcher] Harvest complete. Inserted 0 new jobs (404 dupes filtered).,346e138aae29f6b381c1ebae50734856,cf-worker,9652c0eabd8fbe010167fd7787852081,cron,[INFO] [Fetcher] Harvest complete. Inserted <*> new jobs (<*> dupes filtered).,undefined,undefined,undefined,[]
[INFO] [Fetcher] Batch recorded 2 source yields,cloudflare-workers,2026-03-10T07:46:20.334Z,false,"0,15,30,45 * * * *",1773128751000,job-hunter-bot,ok,cron,a7fd90f8-dd89-49cd-a89f-9d1613cd7b9c,stateless,J7YWUS538ECCSW42,01KKBBC2HE7NPCNJ4RJTTQCDAJ,J7YWUS538ECCSW42,"0,15,30,45 * * * *",job-hunter-bot,[INFO] [Fetcher] Batch recorded 2 source yields,346e138aae29f6b381c1ebae50734856,cf-worker,9652c0eabd8fbe010167fd7787852081,cron,[INFO] [Fetcher] Batch recorded <*> source yields,undefined,undefined,undefined,[]
[INFO] [Discovery] Queued 1 company domains for career probing,cloudflare-workers,2026-03-10T07:46:20.087Z,false,"0,15,30,45 * * * *",1773128751000,job-hunter-bot,ok,cron,a7fd90f8-dd89-49cd-a89f-9d1613cd7b9c,stateless,J7YWUS538ECCSW42,01KKBBC29QG1GVAEPEQ7QVNJ8D,J7YWUS538ECCSW42,"0,15,30,45 * * * *",job-hunter-bot,[INFO] [Discovery] Queued 1 company domains for career probing,346e138aae29f6b381c1ebae50734856,cf-worker,9652c0eabd8fbe010167fd7787852081,cron,[INFO] [Discovery] Queued <*> company domains for career probing,undefined,undefined,undefined,[]
[INFO] [Greenhouse] Postman: 106 jobs fetched,cloudflare-workers,2026-03-10T07:46:19.385Z,false,"0,15,30,45 * * * *",1773128751000,job-hunter-bot,ok,cron,a7fd90f8-dd89-49cd-a89f-9d1613cd7b9c,stateless,J7YWUS538ECCSW42,01KKBBC1KSNTTVZFCZDBC6N6Y4,J7YWUS538ECCSW42,"0,15,30,45 * * * *",job-hunter-bot,[INFO] [Greenhouse] Postman: 106 jobs fetched,346e138aae29f6b381c1ebae50734856,cf-worker,9652c0eabd8fbe010167fd7787852081,cron,[INFO] [Greenhouse] <*>: <*> jobs fetched,undefined,undefined,undefined,[]
[INFO] [Greenhouse] Amplitude: 56 jobs fetched,cloudflare-workers,2026-03-10T07:46:19.170Z,false,"0,15,30,45 * * * *",1773128751000,job-hunter-bot,ok,cron,a7fd90f8-dd89-49cd-a89f-9d1613cd7b9c,stateless,J7YWUS538ECCSW42,01KKBBC1D2H9ZB51QRRXECFEBV,J7YWUS538ECCSW42,"0,15,30,45 * * * *",job-hunter-bot,[INFO] [Greenhouse] Amplitude: 56 jobs fetched,346e138aae29f6b381c1ebae50734856,cf-worker,9652c0eabd8fbe010167fd7787852081,cron,[INFO] [Greenhouse] <*>: <*> jobs fetched,undefined,undefined,undefined,[]
[INFO] [Greenhouse] Mixpanel: 38 jobs fetched,cloudflare-workers,2026-03-10T07:46:19.168Z,false,"0,15,30,45 * * * *",1773128751000,job-hunter-bot,ok,cron,a7fd90f8-dd89-49cd-a89f-9d1613cd7b9c,stateless,J7YWUS538ECCSW42,01KKBBC1D0RC9XCQY5D4JK5XQR,J7YWUS538ECCSW42,"0,15,30,45 * * * *",job-hunter-bot,[INFO] [Greenhouse] Mixpanel: 38 jobs fetched,346e138aae29f6b381c1ebae50734856,cf-worker,9652c0eabd8fbe010167fd7787852081,cron,[INFO] [Greenhouse] <*>: <*> jobs fetched,undefined,undefined,undefined,[]
[INFO] [Fetcher] Harvest complete. Inserted 0 new jobs (511 dupes filtered).,cloudflare-workers,2026-03-10T07:46:18.799Z,false,"0,15,30,45 * * * *",1773128751000,job-hunter-bot,ok,cron,a7fd90f8-dd89-49cd-a89f-9d1613cd7b9c,stateless,J7YWUS538ECCSW42,01KKBBC11FHPXR8NC7203XBTRT,J7YWUS538ECCSW42,"0,15,30,45 * * * *",job-hunter-bot,[INFO] [Fetcher] Harvest complete. Inserted 0 new jobs (511 dupes filtered).,346e138aae29f6b381c1ebae50734856,cf-worker,9652c0eabd8fbe010167fd7787852081,cron,[INFO] [Fetcher] Harvest complete. Inserted <*> new jobs (<*> dupes filtered).,undefined,undefined,undefined,[]
[INFO] [Fetcher] Batch recorded 2 source yields,cloudflare-workers,2026-03-10T07:46:18.451Z,false,"0,15,30,45 * * * *",1773128751000,job-hunter-bot,ok,cron,a7fd90f8-dd89-49cd-a89f-9d1613cd7b9c,stateless,J7YWUS538ECCSW42,01KKBBC0PKYQ9N67TFM2XAA2RT,J7YWUS538ECCSW42,"0,15,30,45 * * * *",job-hunter-bot,[INFO] [Fetcher] Batch recorded 2 source yields,346e138aae29f6b381c1ebae50734856,cf-worker,9652c0eabd8fbe010167fd7787852081,cron,[INFO] [Fetcher] Batch recorded <*> source yields,undefined,undefined,undefined,[]
[INFO] [Discovery] Queued 1 company domains for career probing,cloudflare-workers,2026-03-10T07:46:18.105Z,false,"0,15,30,45 * * * *",1773128751000,job-hunter-bot,ok,cron,a7fd90f8-dd89-49cd-a89f-9d1613cd7b9c,stateless,J7YWUS538ECCSW42,01KKBBC0BSK5XR2D3MQXRWB9M8,J7YWUS538ECCSW42,"0,15,30,45 * * * *",job-hunter-bot,[INFO] [Discovery] Queued 1 company domains for career probing,346e138aae29f6b381c1ebae50734856,cf-worker,9652c0eabd8fbe010167fd7787852081,cron,[INFO] [Discovery] Queued <*> company domains for career probing,undefined,undefined,undefined,[]
[INFO] [Fetcher] Harvest complete. Inserted 0 new jobs (841 dupes filtered).,cloudflare-workers,2026-03-10T07:46:17.923Z,false,"0,15,30,45 * * * *",1773128751000,job-hunter-bot,ok,cron,a7fd90f8-dd89-49cd-a89f-9d1613cd7b9c,stateless,J7YWUS538ECCSW42,01KKBBC063PP7RV3RACVN4XGDZ,J7YWUS538ECCSW42,"0,15,30,45 * * * *",job-hunter-bot,[INFO] [Fetcher] Harvest complete. Inserted 0 new jobs (841 dupes filtered).,346e138aae29f6b381c1ebae50734856,cf-worker,9652c0eabd8fbe010167fd7787852081,cron,[INFO] [Fetcher] Harvest complete. Inserted <*> new jobs (<*> dupes filtered).,undefined,undefined,undefined,[]
[INFO] [Fetcher] Batch recorded 4 source yields,cloudflare-workers,2026-03-10T07:46:17.923Z,false,"0,15,30,45 * * * *",1773128751000,job-hunter-bot,ok,cron,a7fd90f8-dd89-49cd-a89f-9d1613cd7b9c,stateless,J7YWUS538ECCSW42,01KKBBC063PP7RV3RACVN4XGDY,J7YWUS538ECCSW42,"0,15,30,45 * * * *",job-hunter-bot,[INFO] [Fetcher] Batch recorded 4 source yields,346e138aae29f6b381c1ebae50734856,cf-worker,9652c0eabd8fbe010167fd7787852081,cron,[INFO] [Fetcher] Batch recorded <*> source yields,undefined,undefined,undefined,[]
[INFO] [Fetcher] Harvest complete. Inserted 0 new jobs (0 dupes filtered).,cloudflare-workers,2026-03-10T07:46:17.731Z,false,"0,15,30,45 * * * *",1773128751000,job-hunter-bot,ok,cron,a7fd90f8-dd89-49cd-a89f-9d1613cd7b9c,stateless,J7YWUS538ECCSW42,01KKBBC003SR39DDY2EJ88FX9P,J7YWUS538ECCSW42,"0,15,30,45 * * * *",job-hunter-bot,[INFO] [Fetcher] Harvest complete. Inserted 0 new jobs (0 dupes filtered).,346e138aae29f6b381c1ebae50734856,cf-worker,9652c0eabd8fbe010167fd7787852081,cron,[INFO] [Fetcher] Harvest complete. Inserted <*> new jobs (0 dupes filtered).,undefined,undefined,undefined,[]
[INFO] [Connectors] Running greenhouse connector on 5 sources,cloudflare-workers,2026-03-10T07:46:17.638Z,false,"0,15,30,45 * * * *",1773128751000,job-hunter-bot,ok,cron,a7fd90f8-dd89-49cd-a89f-9d1613cd7b9c,stateless,J7YWUS538ECCSW42,01KKBBBZX6SGT4W32GAH0BKSRB,J7YWUS538ECCSW42,"0,15,30,45 * * * *",job-hunter-bot,[INFO] [Connectors] Running greenhouse connector on 5 sources,346e138aae29f6b381c1ebae50734856,cf-worker,9652c0eabd8fbe010167fd7787852081,cron,[INFO] [Connectors] Running <*> connector on <*> sources,undefined,undefined,undefined,[]
[WARN] [Circuit] OPEN for https://boards-api.greenhouse.io/v1/boards/dbtlabs/jobs after 78 consecutive failures. Cooldown: 261min,cloudflare-workers,2026-03-10T07:46:17.186Z,false,"0,15,30,45 * * * *",1773128751000,job-hunter-bot,ok,cron,a7fd90f8-dd89-49cd-a89f-9d1613cd7b9c,stateless,J7YWUS538ECCSW42,01KKBBBZF2DPX6N7PYKFP58S01,J7YWUS538ECCSW42,"0,15,30,45 * * * *",job-hunter-bot,[WARN] [Circuit] OPEN for https://boards-api.greenhouse.io/v1/boards/dbtlabs/jobs after 78 consecutive failures. Cooldown: 261min,346e138aae29f6b381c1ebae50734856,cf-worker,9652c0eabd8fbe010167fd7787852081,cron,[WARN] [Circuit] OPEN for https://boards-api.greenhouse.io/v1/boards/<*>/jobs after <*> consecutive failures. Cooldown: <*>,undefined,undefined,undefined,[]
[WARN] [Circuit] OPEN for https://boards-api.greenhouse.io/v1/boards/scale/jobs after 78 consecutive failures. Cooldown: 252min,cloudflare-workers,2026-03-10T07:46:17.179Z,false,"0,15,30,45 * * * *",1773128751000,job-hunter-bot,ok,cron,a7fd90f8-dd89-49cd-a89f-9d1613cd7b9c,stateless,J7YWUS538ECCSW42,01KKBBBZEV3Q1XWM4PKHS4SM8T,J7YWUS538ECCSW42,"0,15,30,45 * * * *",job-hunter-bot,[WARN] [Circuit] OPEN for https://boards-api.greenhouse.io/v1/boards/scale/jobs after 78 consecutive failures. Cooldown: 252min,346e138aae29f6b381c1ebae50734856,cf-worker,9652c0eabd8fbe010167fd7787852081,cron,[WARN] [Circuit] OPEN for https://boards-api.greenhouse.io/v1/boards/<*>/jobs after <*> consecutive failures. Cooldown: <*>,undefined,undefined,undefined,[]
[INFO] [Connectors] Harvest complete | Sources: 2 (greenhouse:2) | Jobs: 0 | Errors: 2,cloudflare-workers,2026-03-10T07:46:17.154Z,false,"0,15,30,45 * * * *",1773128751000,job-hunter-bot,ok,cron,a7fd90f8-dd89-49cd-a89f-9d1613cd7b9c,stateless,J7YWUS538ECCSW42,01KKBBBZE2DVPEBEDJPXWMXMH5,J7YWUS538ECCSW42,"0,15,30,45 * * * *",job-hunter-bot,[INFO] [Connectors] Harvest complete | Sources: 2 (greenhouse:2) | Jobs: 0 | Errors: 2,346e138aae29f6b381c1ebae50734856,cf-worker,9652c0eabd8fbe010167fd7787852081,cron,[INFO] [Connectors] Harvest complete | Sources: <*> (<*>) | Jobs: <*> | Errors: <*>,undefined,undefined,undefined,[]
[WARN] [Greenhouse] Scale AI failed: HTTP 404: Not Found,cloudflare-workers,2026-03-10T07:46:17.154Z,false,"0,15,30,45 * * * *",1773128751000,job-hunter-bot,ok,cron,a7fd90f8-dd89-49cd-a89f-9d1613cd7b9c,stateless,J7YWUS538ECCSW42,01KKBBBZE2DVPEBEDJPXWMXMH4,J7YWUS538ECCSW42,"0,15,30,45 * * * *",job-hunter-bot,[WARN] [Greenhouse] Scale AI failed: HTTP 404: Not Found,346e138aae29f6b381c1ebae50734856,cf-worker,9652c0eabd8fbe010167fd7787852081,cron,[WARN] [Greenhouse] <*> <*> failed: HTTP 404: Not Found,undefined,undefined,undefined,[]
[WARN] [Greenhouse] dbt Labs v2 failed: HTTP 404: Not Found,cloudflare-workers,2026-03-10T07:46:17.149Z,false,"0,15,30,45 * * * *",1773128751000,job-hunter-bot,ok,cron,a7fd90f8-dd89-49cd-a89f-9d1613cd7b9c,stateless,J7YWUS538ECCSW42,01KKBBBZDXK4YH28AHWQ0KGF4W,J7YWUS538ECCSW42,"0,15,30,45 * * * *",job-hunter-bot,[WARN] [Greenhouse] dbt Labs v2 failed: HTTP 404: Not Found,346e138aae29f6b381c1ebae50734856,cf-worker,9652c0eabd8fbe010167fd7787852081,cron,[WARN] [Greenhouse] dbt Labs v2 failed: HTTP 404: Not Found,undefined,undefined,undefined,[]
[INFO] [Connectors] Running greenhouse connector on 2 sources,cloudflare-workers,2026-03-10T07:46:16.028Z,false,"0,15,30,45 * * * *",1773128751000,job-hunter-bot,ok,cron,a7fd90f8-dd89-49cd-a89f-9d1613cd7b9c,stateless,J7YWUS538ECCSW42,01KKBBBZB45YE86VQ8FVKX6T4E,J7YWUS538ECCSW42,"0,15,30,45 * * * *",job-hunter-bot,[INFO] [Connectors] Running greenhouse connector on 2 sources,346e138aae29f6b381c1ebae50734856,cf-worker,9652c0eabd8fbe010167fd7787852081,cron,[INFO] [Connectors] Running <*> connector on <*> sources,undefined,undefined,undefined,[]
[WARN] [Circuit] Skipping https://boards-api.greenhouse.io/v1/boards/segment/jobs — circuit is OPEN,cloudflare-workers,2026-03-10T07:46:16.028Z,false,"0,15,30,45 * * * *",1773128751000,job-hunter-bot,ok,cron,a7fd90f8-dd89-49cd-a89f-9d1613cd7b9c,stateless,J7YWUS538ECCSW42,01KKBBBZB45YE86VQ8FVKX6T4D,J7YWUS538ECCSW42,"0,15,30,45 * * * *",job-hunter-bot,[WARN] [Circuit] Skipping https://boards-api.greenhouse.io/v1/boards/segment/jobs — circuit is OPEN,346e138aae29f6b381c1ebae50734856,cf-worker,9652c0eabd8fbe010167fd7787852081,cron,[WARN] [Circuit] Skipping https://boards-api.greenhouse.io/v1/boards/<*>/jobs — circuit is OPEN,undefined,undefined,undefined,[]
[WARN] [Circuit] Skipping https://boards-api.greenhouse.io/v1/boards/loom/jobs — circuit is OPEN,cloudflare-workers,2026-03-10T07:46:15.967Z,false,"0,15,30,45 * * * *",1773128751000,job-hunter-bot,ok,cron,a7fd90f8-dd89-49cd-a89f-9d1613cd7b9c,stateless,J7YWUS538ECCSW42,01KKBBBZB45YE86VQ8FVKX6T4C,J7YWUS538ECCSW42,"0,15,30,45 * * * *",job-hunter-bot,[WARN] [Circuit] Skipping https://boards-api.greenhouse.io/v1/boards/loom/jobs — circuit is OPEN,346e138aae29f6b381c1ebae50734856,cf-worker,9652c0eabd8fbe010167fd7787852081,cron,[WARN] [Circuit] Skipping https://boards-api.greenhouse.io/v1/boards/<*>/jobs — circuit is OPEN,undefined,undefined,undefined,[]
[WARN] [Circuit] Skipping https://boards-api.greenhouse.io/v1/boards/census/jobs — circuit is OPEN,cloudflare-workers,2026-03-10T07:46:15.865Z,false,"0,15,30,45 * * * *",1773128751000,job-hunter-bot,ok,cron,a7fd90f8-dd89-49cd-a89f-9d1613cd7b9c,stateless,J7YWUS538ECCSW42,01KKBBBZB45YE86VQ8FVKX6T4B,J7YWUS538ECCSW42,"0,15,30,45 * * * *",job-hunter-bot,[WARN] [Circuit] Skipping https://boards-api.greenhouse.io/v1/boards/census/jobs — circuit is OPEN,346e138aae29f6b381c1ebae50734856,cf-worker,9652c0eabd8fbe010167fd7787852081,cron,[WARN] [Circuit] Skipping https://boards-api.greenhouse.io/v1/boards/<*>/jobs — circuit is OPEN,undefined,undefined,undefined,[]
[WARN] [Circuit] OPEN for https://boards-api.greenhouse.io/v1/boards/daboraio/jobs after 247 consecutive failures. Cooldown: 219min,cloudflare-workers,2026-03-10T07:46:15.464Z,false,"0,15,30,45 * * * *",1773128751000,job-hunter-bot,ok,cron,a7fd90f8-dd89-49cd-a89f-9d1613cd7b9c,stateless,J7YWUS538ECCSW42,01KKBBBZB45YE86VQ8FVKX6T4A,J7YWUS538ECCSW42,"0,15,30,45 * * * *",job-hunter-bot,[WARN] [Circuit] OPEN for https://boards-api.greenhouse.io/v1/boards/daboraio/jobs after 247 consecutive failures. Cooldown: 219min,346e138aae29f6b381c1ebae50734856,cf-worker,9652c0eabd8fbe010167fd7787852081,cron,[WARN] [Circuit] OPEN for https://boards-api.greenhouse.io/v1/boards/<*>/jobs after <*> consecutive failures. Cooldown: <*>,undefined,undefined,undefined,[]
[INFO] [Connectors] Harvest complete | Sources: 3 (greenhouse:3) | Jobs: 404 | Errors: 1,cloudflare-workers,2026-03-10T07:46:15.427Z,false,"0,15,30,45 * * * *",1773128751000,job-hunter-bot,ok,cron,a7fd90f8-dd89-49cd-a89f-9d1613cd7b9c,stateless,J7YWUS538ECCSW42,01KKBBBZB45YE86VQ8FVKX6T49,J7YWUS538ECCSW42,"0,15,30,45 * * * *",job-hunter-bot,[INFO] [Connectors] Harvest complete | Sources: 3 (greenhouse:3) | Jobs: 404 | Errors: 1,346e138aae29f6b381c1ebae50734856,cf-worker,9652c0eabd8fbe010167fd7787852081,cron,[INFO] [Connectors] Harvest complete | Sources: <*> (<*>) | Jobs: <*> | Errors: <*>,undefined,undefined,undefined,[]
[INFO] [Greenhouse] Brex: 241 jobs fetched,cloudflare-workers,2026-03-10T07:46:15.427Z,false,"0,15,30,45 * * * *",1773128751000,job-hunter-bot,ok,cron,a7fd90f8-dd89-49cd-a89f-9d1613cd7b9c,stateless,J7YWUS538ECCSW42,01KKBBBZB45YE86VQ8FVKX6T48,J7YWUS538ECCSW42,"0,15,30,45 * * * *",job-hunter-bot,[INFO] [Greenhouse] Brex: 241 jobs fetched,346e138aae29f6b381c1ebae50734856,cf-worker,9652c0eabd8fbe010167fd7787852081,cron,[INFO] [Greenhouse] <*>: <*> jobs fetched,undefined,undefined,undefined,[]
[INFO] [Greenhouse] Grafana Labs: 163 jobs fetched,cloudflare-workers,2026-03-10T07:46:15.416Z,false,"0,15,30,45 * * * *",1773128751000,job-hunter-bot,ok,cron,a7fd90f8-dd89-49cd-a89f-9d1613cd7b9c,stateless,J7YWUS538ECCSW42,01KKBBBZB45YE86VQ8FVKX6T47,J7YWUS538ECCSW42,"0,15,30,45 * * * *",job-hunter-bot,[INFO] [Greenhouse] Grafana Labs: 163 jobs fetched,346e138aae29f6b381c1ebae50734856,cf-worker,9652c0eabd8fbe010167fd7787852081,cron,[INFO] [Greenhouse] Grafana Labs: 163 jobs fetched,undefined,undefined,undefined,[]
[WARN] [Greenhouse] dbt Labs failed: HTTP 404: Not Found,cloudflare-workers,2026-03-10T07:46:15.147Z,false,"0,15,30,45 * * * *",1773128751000,job-hunter-bot,ok,cron,a7fd90f8-dd89-49cd-a89f-9d1613cd7b9c,stateless,J7YWUS538ECCSW42,01KKBBBZB45YE86VQ8FVKX6T46,J7YWUS538ECCSW42,"0,15,30,45 * * * *",job-hunter-bot,[WARN] [Greenhouse] dbt Labs failed: HTTP 404: Not Found,346e138aae29f6b381c1ebae50734856,cf-worker,9652c0eabd8fbe010167fd7787852081,cron,[WARN] [Greenhouse] <*> <*> failed: HTTP 404: Not Found,undefined,undefined,undefined,[]
[INFO] [Connectors] Running greenhouse connector on 3 sources,cloudflare-workers,2026-03-10T07:46:13.787Z,false,"0,15,30,45 * * * *",1773128751000,job-hunter-bot,ok,cron,a7fd90f8-dd89-49cd-a89f-9d1613cd7b9c,stateless,J7YWUS538ECCSW42,01KKBBBZB45YE86VQ8FVKX6T45,J7YWUS538ECCSW42,"0,15,30,45 * * * *",job-hunter-bot,[INFO] [Connectors] Running greenhouse connector on 3 sources,346e138aae29f6b381c1ebae50734856,cf-worker,9652c0eabd8fbe010167fd7787852081,cron,[INFO] [Connectors] Running <*> connector on <*> sources,undefined,undefined,undefined,[]
[WARN] [Circuit] Skipping https://boards-api.greenhouse.io/v1/boards/retool/jobs — circuit is OPEN,cloudflare-workers,2026-03-10T07:46:13.787Z,false,"0,15,30,45 * * * *",1773128751000,job-hunter-bot,ok,cron,a7fd90f8-dd89-49cd-a89f-9d1613cd7b9c,stateless,J7YWUS538ECCSW42,01KKBBBZB45YE86VQ8FVKX6T44,J7YWUS538ECCSW42,"0,15,30,45 * * * *",job-hunter-bot,[WARN] [Circuit] Skipping https://boards-api.greenhouse.io/v1/boards/retool/jobs — circuit is OPEN,346e138aae29f6b381c1ebae50734856,cf-worker,9652c0eabd8fbe010167fd7787852081,cron,[WARN] [Circuit] Skipping https://boards-api.greenhouse.io/v1/boards/<*>/jobs — circuit is OPEN,undefined,undefined,undefined,[]
[WARN] [Circuit] Skipping https://boards-api.greenhouse.io/v1/boards/plaid/jobs — circuit is OPEN,cloudflare-workers,2026-03-10T07:46:13.741Z,false,"0,15,30,45 * * * *",1773128751000,job-hunter-bot,ok,cron,a7fd90f8-dd89-49cd-a89f-9d1613cd7b9c,stateless,J7YWUS538ECCSW42,01KKBBBZB45YE86VQ8FVKX6T43,J7YWUS538ECCSW42,"0,15,30,45 * * * *",job-hunter-bot,[WARN] [Circuit] Skipping https://boards-api.greenhouse.io/v1/boards/plaid/jobs — circuit is OPEN,346e138aae29f6b381c1ebae50734856,cf-worker,9652c0eabd8fbe010167fd7787852081,cron,[WARN] [Circuit] Skipping https://boards-api.greenhouse.io/v1/boards/<*>/jobs — circuit is OPEN,undefined,undefined,undefined,[]
[INFO] [Connectors] Harvest complete | Sources: 2 (greenhouse:2) | Jobs: 511 | Errors: 0,cloudflare-workers,2026-03-10T07:46:13.286Z,false,"0,15,30,45 * * * *",1773128751000,job-hunter-bot,ok,cron,a7fd90f8-dd89-49cd-a89f-9d1613cd7b9c,stateless,J7YWUS538ECCSW42,01KKBBBZB45YE86VQ8FVKX6T42,J7YWUS538ECCSW42,"0,15,30,45 * * * *",job-hunter-bot,[INFO] [Connectors] Harvest complete | Sources: 2 (greenhouse:2) | Jobs: 511 | Errors: 0,346e138aae29f6b381c1ebae50734856,cf-worker,9652c0eabd8fbe010167fd7787852081,cron,[INFO] [Connectors] Harvest complete | Sources: <*> (<*>) | Jobs: <*> | Errors: <*>,undefined,undefined,undefined,[]
[INFO] [Greenhouse] Datadog: 431 jobs fetched,cloudflare-workers,2026-03-10T07:46:13.286Z,false,"0,15,30,45 * * * *",1773128751000,job-hunter-bot,ok,cron,a7fd90f8-dd89-49cd-a89f-9d1613cd7b9c,stateless,J7YWUS538ECCSW42,01KKBBBZB45YE86VQ8FVKX6T41,J7YWUS538ECCSW42,"0,15,30,45 * * * *",job-hunter-bot,[INFO] [Greenhouse] Datadog: 431 jobs fetched,346e138aae29f6b381c1ebae50734856,cf-worker,9652c0eabd8fbe010167fd7787852081,cron,[INFO] [Greenhouse] <*>: <*> jobs fetched,undefined,undefined,undefined,[]
[INFO] [Greenhouse] Vercel: 80 jobs fetched,cloudflare-workers,2026-03-10T07:46:11.182Z,false,"0,15,30,45 * * * *",1773128751000,job-hunter-bot,ok,cron,a7fd90f8-dd89-49cd-a89f-9d1613cd7b9c,stateless,J7YWUS538ECCSW42,01KKBBBZB45YE86VQ8FVKX6T40,J7YWUS538ECCSW42,"0,15,30,45 * * * *",job-hunter-bot,[INFO] [Greenhouse] Vercel: 80 jobs fetched,346e138aae29f6b381c1ebae50734856,cf-worker,9652c0eabd8fbe010167fd7787852081,cron,[INFO] [Greenhouse] <*>: <*> jobs fetched,undefined,undefined,undefined,[]
[INFO] [Fetcher] Harvest complete. Inserted 2 new jobs (0 dupes filtered).,cloudflare-workers,2026-03-10T07:46:11.082Z,false,"0,15,30,45 * * * *",1773128751000,job-hunter-bot,ok,cron,a7fd90f8-dd89-49cd-a89f-9d1613cd7b9c,stateless,J7YWUS538ECCSW42,01KKBBBZB45YE86VQ8FVKX6T3Z,J7YWUS538ECCSW42,"0,15,30,45 * * * *",job-hunter-bot,[INFO] [Fetcher] Harvest complete. Inserted 2 new jobs (0 dupes filtered).,346e138aae29f6b381c1ebae50734856,cf-worker,9652c0eabd8fbe010167fd7787852081,cron,[INFO] [Fetcher] Harvest complete. Inserted <*> new jobs (0 dupes filtered).,undefined,undefined,undefined,[]
[INFO] [Connectors] Running greenhouse connector on 2 sources,cloudflare-workers,2026-03-10T07:46:11.050Z,false,"0,15,30,45 * * * *",1773128751000,job-hunter-bot,ok,cron,a7fd90f8-dd89-49cd-a89f-9d1613cd7b9c,stateless,J7YWUS538ECCSW42,01KKBBBZB45YE86VQ8FVKX6T3Y,J7YWUS538ECCSW42,"0,15,30,45 * * * *",job-hunter-bot,[INFO] [Connectors] Running greenhouse connector on 2 sources,346e138aae29f6b381c1ebae50734856,cf-worker,9652c0eabd8fbe010167fd7787852081,cron,[INFO] [Connectors] Running <*> connector on <*> sources,undefined,undefined,undefined,[]
[WARN] [Circuit] Skipping https://boards-api.greenhouse.io/v1/boards/notion/jobs — circuit is OPEN,cloudflare-workers,2026-03-10T07:46:10.998Z,false,"0,15,30,45 * * * *",1773128751000,job-hunter-bot,ok,cron,a7fd90f8-dd89-49cd-a89f-9d1613cd7b9c,stateless,J7YWUS538ECCSW42,01KKBBBZB45YE86VQ8FVKX6T3X,J7YWUS538ECCSW42,"0,15,30,45 * * * *",job-hunter-bot,[WARN] [Circuit] Skipping https://boards-api.greenhouse.io/v1/boards/notion/jobs — circuit is OPEN,346e138aae29f6b381c1ebae50734856,cf-worker,9652c0eabd8fbe010167fd7787852081,cron,[WARN] [Circuit] Skipping https://boards-api.greenhouse.io/v1/boards/<*>/jobs — circuit is OPEN,undefined,undefined,undefined,[]
[WARN] [Circuit] Skipping https://boards-api.greenhouse.io/v1/boards/linear/jobs — circuit is OPEN,cloudflare-workers,2026-03-10T07:46:10.943Z,false,"0,15,30,45 * * * *",1773128751000,job-hunter-bot,ok,cron,a7fd90f8-dd89-49cd-a89f-9d1613cd7b9c,stateless,J7YWUS538ECCSW42,01KKBBBZB45YE86VQ8FVKX6T3W,J7YWUS538ECCSW42,"0,15,30,45 * * * *",job-hunter-bot,[WARN] [Circuit] Skipping https://boards-api.greenhouse.io/v1/boards/linear/jobs — circuit is OPEN,346e138aae29f6b381c1ebae50734856,cf-worker,9652c0eabd8fbe010167fd7787852081,cron,[WARN] [Circuit] Skipping https://boards-api.greenhouse.io/v1/boards/<*>/jobs — circuit is OPEN,undefined,undefined,undefined,[]
[WARN] [Circuit] Skipping https://boards-api.greenhouse.io/v1/boards/supabase/jobs — circuit is OPEN,cloudflare-workers,2026-03-10T07:46:10.895Z,false,"0,15,30,45 * * * *",1773128751000,job-hunter-bot,ok,cron,a7fd90f8-dd89-49cd-a89f-9d1613cd7b9c,stateless,J7YWUS538ECCSW42,01KKBBBZB45YE86VQ8FVKX6T3V,J7YWUS538ECCSW42,"0,15,30,45 * * * *",job-hunter-bot,[WARN] [Circuit] Skipping https://boards-api.greenhouse.io/v1/boards/supabase/jobs — circuit is OPEN,346e138aae29f6b381c1ebae50734856,cf-worker,9652c0eabd8fbe010167fd7787852081,cron,[WARN] [Circuit] Skipping https://boards-api.greenhouse.io/v1/boards/supabase/jobs — circuit is OPEN,undefined,undefined,undefined,[]
[INFO] [Fetcher] Batch recorded 5 source yields,cloudflare-workers,2026-03-10T07:46:10.804Z,false,"0,15,30,45 * * * *",1773128751000,job-hunter-bot,ok,cron,a7fd90f8-dd89-49cd-a89f-9d1613cd7b9c,stateless,J7YWUS538ECCSW42,01KKBBBZB45YE86VQ8FVKX6T3T,J7YWUS538ECCSW42,"0,15,30,45 * * * *",job-hunter-bot,[INFO] [Fetcher] Batch recorded 5 source yields,346e138aae29f6b381c1ebae50734856,cf-worker,9652c0eabd8fbe010167fd7787852081,cron,[INFO] [Fetcher] Batch recorded <*> source yields,undefined,undefined,undefined,[]
[WARN] [Circuit] OPEN for https://boards-api.greenhouse.io/v1/boards/hashicorp/jobs after 252 consecutive failures. Cooldown: 196min,cloudflare-workers,2026-03-10T07:46:10.459Z,false,"0,15,30,45 * * * *",1773128751000,job-hunter-bot,ok,cron,a7fd90f8-dd89-49cd-a89f-9d1613cd7b9c,stateless,J7YWUS538ECCSW42,01KKBBBZB45YE86VQ8FVKX6T3S,J7YWUS538ECCSW42,"0,15,30,45 * * * *",job-hunter-bot,[WARN] [Circuit] OPEN for https://boards-api.greenhouse.io/v1/boards/hashicorp/jobs after 252 consecutive failures. Cooldown: 196min,346e138aae29f6b381c1ebae50734856,cf-worker,9652c0eabd8fbe010167fd7787852081,cron,[WARN] [Circuit] OPEN for https://boards-api.greenhouse.io/v1/boards/hashicorp/jobs after 252 consecutive failures. Cooldown: 196min,undefined,undefined,undefined,[]
[INFO] [Discovery] Queued 1 company domains for career probing,cloudflare-workers,2026-03-10T07:46:10.442Z,false,"0,15,30,45 * * * *",1773128751000,job-hunter-bot,ok,cron,a7fd90f8-dd89-49cd-a89f-9d1613cd7b9c,stateless,J7YWUS538ECCSW42,01KKBBBZB45YE86VQ8FVKX6T3R,J7YWUS538ECCSW42,"0,15,30,45 * * * *",job-hunter-bot,[INFO] [Discovery] Queued 1 company domains for career probing,346e138aae29f6b381c1ebae50734856,cf-worker,9652c0eabd8fbe010167fd7787852081,cron,[INFO] [Discovery] Queued <*> company domains for career probing,undefined,undefined,undefined,[]
[INFO] [Connectors] Harvest complete | Sources: 5 (greenhouse:5) | Jobs: 841 | Errors: 1,cloudflare-workers,2026-03-10T07:46:10.392Z,false,"0,15,30,45 * * * *",1773128751000,job-hunter-bot,ok,cron,a7fd90f8-dd89-49cd-a89f-9d1613cd7b9c,stateless,J7YWUS538ECCSW42,01KKBBBZB45YE86VQ8FVKX6T3Q,J7YWUS538ECCSW42,"0,15,30,45 * * * *",job-hunter-bot,[INFO] [Connectors] Harvest complete | Sources: 5 (greenhouse:5) | Jobs: 841 | Errors: 1,346e138aae29f6b381c1ebae50734856,cf-worker,9652c0eabd8fbe010167fd7787852081,cron,[INFO] [Connectors] Harvest complete | Sources: 5 (<*>) | Jobs: <*> | Errors: <*>,undefined,undefined,undefined,[]
[INFO] [Greenhouse] Cloudflare: 586 jobs fetched,cloudflare-workers,2026-03-10T07:46:10.392Z,false,"0,15,30,45 * * * *",1773128751000,job-hunter-bot,ok,cron,a7fd90f8-dd89-49cd-a89f-9d1613cd7b9c,stateless,J7YWUS538ECCSW42,01KKBBBZB45YE86VQ8FVKX6T3P,J7YWUS538ECCSW42,"0,15,30,45 * * * *",job-hunter-bot,[INFO] [Greenhouse] Cloudflare: 586 jobs fetched,346e138aae29f6b381c1ebae50734856,cf-worker,9652c0eabd8fbe010167fd7787852081,cron,[INFO] [Greenhouse] <*>: <*> jobs fetched,undefined,undefined,undefined,[]
[INFO] [Fetcher] Direct evaluation completed for 2 jobs,cloudflare-workers,2026-03-10T07:46:10.352Z,false,"0,15,30,45 * * * *",1773128751000,job-hunter-bot,ok,cron,a7fd90f8-dd89-49cd-a89f-9d1613cd7b9c,stateless,J7YWUS538ECCSW42,01KKBBBZB45YE86VQ8FVKX6T3N,J7YWUS538ECCSW42,"0,15,30,45 * * * *",job-hunter-bot,[INFO] [Fetcher] Direct evaluation completed for 2 jobs,346e138aae29f6b381c1ebae50734856,cf-worker,9652c0eabd8fbe010167fd7787852081,cron,[INFO] [Fetcher] Direct evaluation completed for <*> jobs,undefined,undefined,undefined,[]
[INFO] [Threshold] Too few matches (0) → lowering to 30,cloudflare-workers,2026-03-10T07:46:10.352Z,false,"0,15,30,45 * * * *",1773128751000,job-hunter-bot,ok,cron,a7fd90f8-dd89-49cd-a89f-9d1613cd7b9c,stateless,J7YWUS538ECCSW42,01KKBBBZB45YE86VQ8FVKX6T3M,J7YWUS538ECCSW42,"0,15,30,45 * * * *",job-hunter-bot,[INFO] [Threshold] Too few matches (0) → lowering to 30,346e138aae29f6b381c1ebae50734856,cf-worker,9652c0eabd8fbe010167fd7787852081,cron,[INFO] [Threshold] Too few matches (0) → lowering to 30,undefined,undefined,undefined,[]
[INFO] [Greenhouse] Netlify: 2 jobs fetched,cloudflare-workers,2026-03-10T07:46:07.865Z,false,"0,15,30,45 * * * *",1773128751000,job-hunter-bot,ok,cron,a7fd90f8-dd89-49cd-a89f-9d1613cd7b9c,stateless,J7YWUS538ECCSW42,01KKBBBZB45YE86VQ8FVKX6T3J,J7YWUS538ECCSW42,"0,15,30,45 * * * *",job-hunter-bot,[INFO] [Greenhouse] Netlify: 2 jobs fetched,346e138aae29f6b381c1ebae50734856,cf-worker,9652c0eabd8fbe010167fd7787852081,cron,[INFO] [Greenhouse] <*>: <*> jobs fetched,undefined,undefined,undefined,[]
[INFO] [Fetcher] Harvest complete. Inserted 0 new jobs (0 dupes filtered).,cloudflare-workers,2026-03-10T07:46:05.943Z,false,"0,15,30,45 * * * *",1773128751000,job-hunter-bot,ok,cron,a7fd90f8-dd89-49cd-a89f-9d1613cd7b9c,stateless,J7YWUS538ECCSW42,01KKBBBZB45YE86VQ8FVKX6T3H,J7YWUS538ECCSW42,"0,15,30,45 * * * *",job-hunter-bot,[INFO] [Fetcher] Harvest complete. Inserted 0 new jobs (0 dupes filtered).,346e138aae29f6b381c1ebae50734856,cf-worker,9652c0eabd8fbe010167fd7787852081,cron,[INFO] [Fetcher] Harvest complete. Inserted <*> new jobs (0 dupes filtered).,undefined,undefined,undefined,[]
[INFO] [Fetcher] Batch recorded 5 source yields,cloudflare-workers,2026-03-10T07:46:05.943Z,false,"0,15,30,45 * * * *",1773128751000,job-hunter-bot,ok,cron,a7fd90f8-dd89-49cd-a89f-9d1613cd7b9c,stateless,J7YWUS538ECCSW42,01KKBBBZB45YE86VQ8FVKX6T3G,J7YWUS538ECCSW42,"0,15,30,45 * * * *",job-hunter-bot,[INFO] [Fetcher] Batch recorded 5 source yields,346e138aae29f6b381c1ebae50734856,cf-worker,9652c0eabd8fbe010167fd7787852081,cron,[INFO] [Fetcher] Batch recorded <*> source yields,undefined,undefined,undefined,[]
[INFO] [Greenhouse] Figma: 171 jobs fetched,cloudflare-workers,2026-03-10T07:46:05.900Z,false,"0,15,30,45 * * * *",1773128751000,job-hunter-bot,ok,cron,a7fd90f8-dd89-49cd-a89f-9d1613cd7b9c,stateless,J7YWUS538ECCSW42,01KKBBBZB45YE86VQ8FVKX6T3F,J7YWUS538ECCSW42,"0,15,30,45 * * * *",job-hunter-bot,[INFO] [Greenhouse] Figma: 171 jobs fetched,346e138aae29f6b381c1ebae50734856,cf-worker,9652c0eabd8fbe010167fd7787852081,cron,[INFO] [Greenhouse] <*>: <*> jobs fetched,undefined,undefined,undefined,[]
[INFO] [Greenhouse] Discord: 82 jobs fetched,cloudflare-workers,2026-03-10T07:46:05.895Z,false,"0,15,30,45 * * * *",1773128751000,job-hunter-bot,ok,cron,a7fd90f8-dd89-49cd-a89f-9d1613cd7b9c,stateless,J7YWUS538ECCSW42,01KKBBBZB45YE86VQ8FVKX6T3E,J7YWUS538ECCSW42,"0,15,30,45 * * * *",job-hunter-bot,[INFO] [Greenhouse] Discord: 82 jobs fetched,346e138aae29f6b381c1ebae50734856,cf-worker,9652c0eabd8fbe010167fd7787852081,cron,[INFO] [Greenhouse] <*>: <*> jobs fetched,undefined,undefined,undefined,[]
[WARN] [Greenhouse] HashiCorp failed: HTTP 404: Not Found,cloudflare-workers,2026-03-10T07:46:05.871Z,false,"0,15,30,45 * * * *",1773128751000,job-hunter-bot,ok,cron,a7fd90f8-dd89-49cd-a89f-9d1613cd7b9c,stateless,J7YWUS538ECCSW42,01KKBBBZB45YE86VQ8FVKX6T3D,J7YWUS538ECCSW42,"0,15,30,45 * * * *",job-hunter-bot,[WARN] [Greenhouse] HashiCorp failed: HTTP 404: Not Found,346e138aae29f6b381c1ebae50734856,cf-worker,9652c0eabd8fbe010167fd7787852081,cron,[WARN] [Greenhouse] HashiCorp failed: HTTP 404: Not Found,undefined,undefined,undefined,[]
"[WARN] [Retry] Attempt 3/4 failed (Queue sendBatch failed: Too Many Requests), retrying in 2056ms...",cloudflare-workers,2026-03-10T07:46:05.819Z,false,"0,15,30,45 * * * *",1773128751000,job-hunter-bot,ok,cron,a7fd90f8-dd89-49cd-a89f-9d1613cd7b9c,stateless,J7YWUS538ECCSW42,01KKBBBZB45YE86VQ8FVKX6T3C,J7YWUS538ECCSW42,"0,15,30,45 * * * *",job-hunter-bot,"[WARN] [Retry] Attempt 3/4 failed (Queue sendBatch failed: Too Many Requests), retrying in 2056ms...",346e138aae29f6b381c1ebae50734856,cf-worker,9652c0eabd8fbe010167fd7787852081,cron,"[WARN] [Retry] Attempt <*>/4 failed (Queue sendBatch failed: Too Many Requests), retrying in <*>...",undefined,undefined,undefined,[]
[INFO] [Connectors] Running greenhouse connector on 5 sources,cloudflare-workers,2026-03-10T07:46:05.726Z,false,"0,15,30,45 * * * *",1773128751000,job-hunter-bot,ok,cron,a7fd90f8-dd89-49cd-a89f-9d1613cd7b9c,stateless,J7YWUS538ECCSW42,01KKBBBZB45YE86VQ8FVKX6T3B,J7YWUS538ECCSW42,"0,15,30,45 * * * *",job-hunter-bot,[INFO] [Connectors] Running greenhouse connector on 5 sources,346e138aae29f6b381c1ebae50734856,cf-worker,9652c0eabd8fbe010167fd7787852081,cron,[INFO] [Connectors] Running <*> connector on 5 sources,undefined,undefined,undefined,[]
[INFO] [Fetcher] Harvest complete. Inserted 38 new jobs (0 dupes filtered).,cloudflare-workers,2026-03-10T07:46:05.507Z,false,"0,15,30,45 * * * *",1773128751000,job-hunter-bot,ok,cron,a7fd90f8-dd89-49cd-a89f-9d1613cd7b9c,stateless,J7YWUS538ECCSW42,01KKBBBZB45YE86VQ8FVKX6T3A,J7YWUS538ECCSW42,"0,15,30,45 * * * *",job-hunter-bot,[INFO] [Fetcher] Harvest complete. Inserted 38 new jobs (0 dupes filtered).,346e138aae29f6b381c1ebae50734856,cf-worker,9652c0eabd8fbe010167fd7787852081,cron,[INFO] [Fetcher] Harvest complete. Inserted <*> new jobs (0 dupes filtered).,undefined,undefined,undefined,[]
[INFO] [Fetcher] Batch recorded 5 source yields,cloudflare-workers,2026-03-10T07:46:05.262Z,false,"0,15,30,45 * * * *",1773128751000,job-hunter-bot,ok,cron,a7fd90f8-dd89-49cd-a89f-9d1613cd7b9c,stateless,J7YWUS538ECCSW42,01KKBBBZB45YE86VQ8FVKX6T39,J7YWUS538ECCSW42,"0,15,30,45 * * * *",job-hunter-bot,[INFO] [Fetcher] Batch recorded 5 source yields,346e138aae29f6b381c1ebae50734856,cf-worker,9652c0eabd8fbe010167fd7787852081,cron,[INFO] [Fetcher] Batch recorded <*> source yields,undefined,undefined,undefined,[]
[INFO] [Connectors] Harvest complete | Sources: 5 (rss:5) | Jobs: 0 | Errors: 0,cloudflare-workers,2026-03-10T07:46:05.133Z,false,"0,15,30,45 * * * *",1773128751000,job-hunter-bot,ok,cron,a7fd90f8-dd89-49cd-a89f-9d1613cd7b9c,stateless,J7YWUS538ECCSW42,01KKBBBZB45YE86VQ8FVKX6T38,J7YWUS538ECCSW42,"0,15,30,45 * * * *",job-hunter-bot,[INFO] [Connectors] Harvest complete | Sources: 5 (rss:5) | Jobs: 0 | Errors: 0,346e138aae29f6b381c1ebae50734856,cf-worker,9652c0eabd8fbe010167fd7787852081,cron,[INFO] [Connectors] Harvest complete | Sources: 5 (rss:5) | Jobs: <*> | Errors: 0,undefined,undefined,undefined,[]
[INFO] [RSS] Cursor filtered 10 seen items from remoteworkhub — 0 new,cloudflare-workers,2026-03-10T07:46:05.133Z,false,"0,15,30,45 * * * *",1773128751000,job-hunter-bot,ok,cron,a7fd90f8-dd89-49cd-a89f-9d1613cd7b9c,stateless,J7YWUS538ECCSW42,01KKBBBZB45YE86VQ8FVKX6T37,J7YWUS538ECCSW42,"0,15,30,45 * * * *",job-hunter-bot,[INFO] [RSS] Cursor filtered 10 seen items from remoteworkhub — 0 new,346e138aae29f6b381c1ebae50734856,cf-worker,9652c0eabd8fbe010167fd7787852081,cron,[INFO] [RSS] Cursor filtered <*> seen items from <*> — <*> new,undefined,undefined,undefined,[]
[INFO] [Discovery] Queued 1 company domains for career probing,cloudflare-workers,2026-03-10T07:46:05.025Z,false,"0,15,30,45 * * * *",1773128751000,job-hunter-bot,ok,cron,a7fd90f8-dd89-49cd-a89f-9d1613cd7b9c,stateless,J7YWUS538ECCSW42,01KKBBBZB45YE86VQ8FVKX6T36,J7YWUS538ECCSW42,"0,15,30,45 * * * *",job-hunter-bot,[INFO] [Discovery] Queued 1 company domains for career probing,346e138aae29f6b381c1ebae50734856,cf-worker,9652c0eabd8fbe010167fd7787852081,cron,[INFO] [Discovery] Queued <*> company domains for career probing,undefined,undefined,undefined,[]
"[WARN] [Retry] Attempt 2/4 failed (Queue sendBatch failed: Too Many Requests), retrying in 1064ms...",cloudflare-workers,2026-03-10T07:46:04.747Z,false,"0,15,30,45 * * * *",1773128751000,job-hunter-bot,ok,cron,a7fd90f8-dd89-49cd-a89f-9d1613cd7b9c,stateless,J7YWUS538ECCSW42,01KKBBBZB45YE86VQ8FVKX6T35,J7YWUS538ECCSW42,"0,15,30,45 * * * *",job-hunter-bot,"[WARN] [Retry] Attempt 2/4 failed (Queue sendBatch failed: Too Many Requests), retrying in 1064ms...",346e138aae29f6b381c1ebae50734856,cf-worker,9652c0eabd8fbe010167fd7787852081,cron,"[WARN] [Retry] Attempt <*>/4 failed (Queue sendBatch failed: Too Many Requests), retrying in <*>...",undefined,undefined,undefined,[]
[INFO] [Fetcher] Direct evaluation completed for 38 jobs,cloudflare-workers,2026-03-10T07:46:04.661Z,false,"0,15,30,45 * * * *",1773128751000,job-hunter-bot,ok,cron,a7fd90f8-dd89-49cd-a89f-9d1613cd7b9c,stateless,J7YWUS538ECCSW42,01KKBBBZB45YE86VQ8FVKX6T34,J7YWUS538ECCSW42,"0,15,30,45 * * * *",job-hunter-bot,[INFO] [Fetcher] Direct evaluation completed for 38 jobs,346e138aae29f6b381c1ebae50734856,cf-worker,9652c0eabd8fbe010167fd7787852081,cron,[INFO] [Fetcher] Direct evaluation completed for <*> jobs,undefined,undefined,undefined,[]
[INFO] [Threshold] Too few matches (0) → lowering to 30,cloudflare-workers,2026-03-10T07:46:04.661Z,false,"0,15,30,45 * * * *",1773128751000,job-hunter-bot,ok,cron,a7fd90f8-dd89-49cd-a89f-9d1613cd7b9c,stateless,J7YWUS538ECCSW42,01KKBBBZB45YE86VQ8FVKX6T33,J7YWUS538ECCSW42,"0,15,30,45 * * * *",job-hunter-bot,[INFO] [Threshold] Too few matches (0) → lowering to 30,346e138aae29f6b381c1ebae50734856,cf-worker,9652c0eabd8fbe010167fd7787852081,cron,[INFO] [Threshold] Too few matches (0) → lowering to 30,undefined,undefined,undefined,[]
[INFO] [RSS] Cursor filtered 19 seen items from landing — 0 new,cloudflare-workers,2026-03-10T07:46:04.416Z,false,"0,15,30,45 * * * *",1773128751000,job-hunter-bot,ok,cron,a7fd90f8-dd89-49cd-a89f-9d1613cd7b9c,stateless,J7YWUS538ECCSW42,01KKBBBZB45YE86VQ8FVKX6T32,J7YWUS538ECCSW42,"0,15,30,45 * * * *",job-hunter-bot,[INFO] [RSS] Cursor filtered 19 seen items from landing — 0 new,346e138aae29f6b381c1ebae50734856,cf-worker,9652c0eabd8fbe010167fd7787852081,cron,[INFO] [RSS] Cursor filtered <*> seen items from <*> — <*> new,undefined,undefined,undefined,[]
[INFO] [RSS] Cursor filtered 75 seen items from cryptocurrencyjobs — 0 new,cloudflare-workers,2026-03-10T07:46:04.375Z,false,"0,15,30,45 * * * *",1773128751000,job-hunter-bot,ok,cron,a7fd90f8-dd89-49cd-a89f-9d1613cd7b9c,stateless,J7YWUS538ECCSW42,01KKBBBZB45YE86VQ8FVKX6T31,J7YWUS538ECCSW42,"0,15,30,45 * * * *",job-hunter-bot,[INFO] [RSS] Cursor filtered 75 seen items from cryptocurrencyjobs — 0 new,346e138aae29f6b381c1ebae50734856,cf-worker,9652c0eabd8fbe010167fd7787852081,cron,[INFO] [RSS] Cursor filtered <*> seen items from <*> — <*> new,undefined,undefined,undefined,[]
[INFO] [RSS] Cursor filtered 100 seen items from cryptojobslist — 0 new,cloudflare-workers,2026-03-10T07:46:04.355Z,false,"0,15,30,45 * * * *",1773128751000,job-hunter-bot,ok,cron,a7fd90f8-dd89-49cd-a89f-9d1613cd7b9c,stateless,J7YWUS538ECCSW42,01KKBBBZB45YE86VQ8FVKX6T30,J7YWUS538ECCSW42,"0,15,30,45 * * * *",job-hunter-bot,[INFO] [RSS] Cursor filtered 100 seen items from cryptojobslist — 0 new,346e138aae29f6b381c1ebae50734856,cf-worker,9652c0eabd8fbe010167fd7787852081,cron,[INFO] [RSS] Cursor filtered <*> seen items from <*> — <*> new,undefined,undefined,undefined,[]
[INFO] [RSS] Cursor filtered 20 seen items from jobspresso — 0 new,cloudflare-workers,2026-03-10T07:46:04.211Z,false,"0,15,30,45 * * * *",1773128751000,job-hunter-bot,ok,cron,a7fd90f8-dd89-49cd-a89f-9d1613cd7b9c,stateless,J7YWUS538ECCSW42,01KKBBBZB45YE86VQ8FVKX6T2Z,J7YWUS538ECCSW42,"0,15,30,45 * * * *",job-hunter-bot,[INFO] [RSS] Cursor filtered 20 seen items from jobspresso — 0 new,346e138aae29f6b381c1ebae50734856,cf-worker,9652c0eabd8fbe010167fd7787852081,cron,[INFO] [RSS] Cursor filtered <*> seen items from <*> — <*> new,undefined,undefined,undefined,[]
"[WARN] [Retry] Attempt 1/4 failed (Queue sendBatch failed: Too Many Requests), retrying in 579ms...",cloudflare-workers,2026-03-10T07:46:04.160Z,false,"0,15,30,45 * * * *",1773128751000,job-hunter-bot,ok,cron,a7fd90f8-dd89-49cd-a89f-9d1613cd7b9c,stateless,J7YWUS538ECCSW42,01KKBBBZB45YE86VQ8FVKX6T2Y,J7YWUS538ECCSW42,"0,15,30,45 * * * *",job-hunter-bot,"[WARN] [Retry] Attempt 1/4 failed (Queue sendBatch failed: Too Many Requests), retrying in 579ms...",346e138aae29f6b381c1ebae50734856,cf-worker,9652c0eabd8fbe010167fd7787852081,cron,"[WARN] [Retry] Attempt <*>/4 failed (Queue sendBatch failed: Too Many Requests), retrying in <*>...",undefined,undefined,undefined,[]
[INFO] [D1] Batch inserted 2 new jobs (0 dupes) in 1 batches,cloudflare-workers,2026-03-10T07:46:04.149Z,false,"0,15,30,45 * * * *",1773128751000,job-hunter-bot,ok,cron,a7fd90f8-dd89-49cd-a89f-9d1613cd7b9c,stateless,J7YWUS538ECCSW42,01KKBBBZB45YE86VQ8FVKX6T2X,J7YWUS538ECCSW42,"0,15,30,45 * * * *",job-hunter-bot,[INFO] [D1] Batch inserted 2 new jobs (0 dupes) in 1 batches,346e138aae29f6b381c1ebae50734856,cf-worker,9652c0eabd8fbe010167fd7787852081,cron,[INFO] [D1] Batch inserted <*> new jobs (0 dupes) in 1 batches,undefined,undefined,undefined,[]
[INFO] [Connectors] Running rss connector on 5 sources,cloudflare-workers,2026-03-10T07:46:04.135Z,false,"0,15,30,45 * * * *",1773128751000,job-hunter-bot,ok,cron,a7fd90f8-dd89-49cd-a89f-9d1613cd7b9c,stateless,J7YWUS538ECCSW42,01KKBBBZB45YE86VQ8FVKX6T2W,J7YWUS538ECCSW42,"0,15,30,45 * * * *",job-hunter-bot,[INFO] [Connectors] Running rss connector on 5 sources,346e138aae29f6b381c1ebae50734856,cf-worker,9652c0eabd8fbe010167fd7787852081,cron,[INFO] [Connectors] Running <*> connector on <*> sources,undefined,undefined,undefined,[]
[INFO] [Connectors] Harvest complete | Sources: 5 (rss:5) | Jobs: 2 | Errors: 0,cloudflare-workers,2026-03-10T07:46:03.566Z,false,"0,15,30,45 * * * *",1773128751000,job-hunter-bot,ok,cron,a7fd90f8-dd89-49cd-a89f-9d1613cd7b9c,stateless,J7YWUS538ECCSW42,01KKBBBZB45YE86VQ8FVKX6T2V,J7YWUS538ECCSW42,"0,15,30,45 * * * *",job-hunter-bot,[INFO] [Connectors] Harvest complete | Sources: 5 (rss:5) | Jobs: 2 | Errors: 0,346e138aae29f6b381c1ebae50734856,cf-worker,9652c0eabd8fbe010167fd7787852081,cron,[INFO] [Connectors] Harvest complete | Sources: 5 (rss:5) | Jobs: <*> | Errors: 0,undefined,undefined,undefined,[]
[INFO] [RSS] Cursor filtered 98 seen items from remoteok — 1 new,cloudflare-workers,2026-03-10T07:46:03.530Z,false,"0,15,30,45 * * * *",1773128751000,job-hunter-bot,ok,cron,a7fd90f8-dd89-49cd-a89f-9d1613cd7b9c,stateless,J7YWUS538ECCSW42,01KKBBBZB45YE86VQ8FVKX6T2T,J7YWUS538ECCSW42,"0,15,30,45 * * * *",job-hunter-bot,[INFO] [RSS] Cursor filtered 98 seen items from remoteok — 1 new,346e138aae29f6b381c1ebae50734856,cf-worker,9652c0eabd8fbe010167fd7787852081,cron,[INFO] [RSS] Cursor filtered <*> seen items from <*> — <*> new,undefined,undefined,undefined,[]
[INFO] [RSS] Cursor filtered 10 seen items from fossjobs — 0 new,cloudflare-workers,2026-03-10T07:46:03.425Z,false,"0,15,30,45 * * * *",1773128751000,job-hunter-bot,ok,cron,a7fd90f8-dd89-49cd-a89f-9d1613cd7b9c,stateless,J7YWUS538ECCSW42,01KKBBBZB45YE86VQ8FVKX6T2S,J7YWUS538ECCSW42,"0,15,30,45 * * * *",job-hunter-bot,[INFO] [RSS] Cursor filtered 10 seen items from fossjobs — 0 new,346e138aae29f6b381c1ebae50734856,cf-worker,9652c0eabd8fbe010167fd7787852081,cron,[INFO] [RSS] Cursor filtered <*> seen items from <*> — <*> new,undefined,undefined,undefined,[]
[INFO] [RSS] Cursor filtered 36 seen items from hasjob — 0 new,cloudflare-workers,2026-03-10T07:46:03.378Z,false,"0,15,30,45 * * * *",1773128751000,job-hunter-bot,ok,cron,a7fd90f8-dd89-49cd-a89f-9d1613cd7b9c,stateless,J7YWUS538ECCSW42,01KKBBBZB45YE86VQ8FVKX6T2R,J7YWUS538ECCSW42,"0,15,30,45 * * * *",job-hunter-bot,[INFO] [RSS] Cursor filtered 36 seen items from hasjob — 0 new,346e138aae29f6b381c1ebae50734856,cf-worker,9652c0eabd8fbe010167fd7787852081,cron,[INFO] [RSS] Cursor filtered <*> seen items from <*> — <*> new,undefined,undefined,undefined,[]
[INFO] [RSS] Cursor filtered 98 seen items from dribbble — 0 new,cloudflare-workers,2026-03-10T07:46:03.315Z,false,"0,15,30,45 * * * *",1773128751000,job-hunter-bot,ok,cron,a7fd90f8-dd89-49cd-a89f-9d1613cd7b9c,stateless,J7YWUS538ECCSW42,01KKBBBZB45YE86VQ8FVKX6T2Q,J7YWUS538ECCSW42,"0,15,30,45 * * * *",job-hunter-bot,[INFO] [RSS] Cursor filtered 98 seen items from dribbble — 0 new,346e138aae29f6b381c1ebae50734856,cf-worker,9652c0eabd8fbe010167fd7787852081,cron,[INFO] [RSS] Cursor filtered <*> seen items from <*> — <*> new,undefined,undefined,undefined,[]
[INFO] [Fetcher] Harvest complete. Inserted 0 new jobs (0 dupes filtered).,cloudflare-workers,2026-03-10T07:46:02.980Z,false,"0,15,30,45 * * * *",1773128751000,job-hunter-bot,ok,cron,a7fd90f8-dd89-49cd-a89f-9d1613cd7b9c,stateless,J7YWUS538ECCSW42,01KKBBBZB45YE86VQ8FVKX6T2N,J7YWUS538ECCSW42,"0,15,30,45 * * * *",job-hunter-bot,[INFO] [Fetcher] Harvest complete. Inserted 0 new jobs (0 dupes filtered).,346e138aae29f6b381c1ebae50734856,cf-worker,9652c0eabd8fbe010167fd7787852081,cron,[INFO] [Fetcher] Harvest complete. Inserted <*> new jobs (<*> dupes filtered).,undefined,undefined,undefined,[]
[INFO] [Fetcher] Batch recorded 5 source yields,cloudflare-workers,2026-03-10T07:46:02.980Z,false,"0,15,30,45 * * * *",1773128751000,job-hunter-bot,ok,cron,a7fd90f8-dd89-49cd-a89f-9d1613cd7b9c,stateless,J7YWUS538ECCSW42,01KKBBBZB45YE86VQ8FVKX6T2M,J7YWUS538ECCSW42,"0,15,30,45 * * * *",job-hunter-bot,[INFO] [Fetcher] Batch recorded 5 source yields,346e138aae29f6b381c1ebae50734856,cf-worker,9652c0eabd8fbe010167fd7787852081,cron,[INFO] [Fetcher] Batch recorded <*> source yields,undefined,undefined,undefined,[]
[INFO] [RSS] Cursor filtered 25 seen items from app — 1 new,cloudflare-workers,2026-03-10T07:46:02.854Z,false,"0,15,30,45 * * * *",1773128751000,job-hunter-bot,ok,cron,a7fd90f8-dd89-49cd-a89f-9d1613cd7b9c,stateless,J7YWUS538ECCSW42,01KKBBBZB45YE86VQ8FVKX6T2K,J7YWUS538ECCSW42,"0,15,30,45 * * * *",job-hunter-bot,[INFO] [RSS] Cursor filtered 25 seen items from app — 1 new,346e138aae29f6b381c1ebae50734856,cf-worker,9652c0eabd8fbe010167fd7787852081,cron,[INFO] [RSS] Cursor filtered <*> seen items from <*> — <*> new,undefined,undefined,undefined,[]
[INFO] [Connectors] Running rss connector on 5 sources,cloudflare-workers,2026-03-10T07:46:02.614Z,false,"0,15,30,45 * * * *",1773128751000,job-hunter-bot,ok,cron,a7fd90f8-dd89-49cd-a89f-9d1613cd7b9c,stateless,J7YWUS538ECCSW42,01KKBBBZB45YE86VQ8FVKX6T2J,J7YWUS538ECCSW42,"0,15,30,45 * * * *",job-hunter-bot,[INFO] [Connectors] Running rss connector on 5 sources,346e138aae29f6b381c1ebae50734856,cf-worker,9652c0eabd8fbe010167fd7787852081,cron,[INFO] [Connectors] Running <*> connector on <*> sources,undefined,undefined,undefined,[]
[INFO] [Connectors] Harvest complete | Sources: 5 (rss:5) | Jobs: 0 | Errors: 0,cloudflare-workers,2026-03-10T07:46:01.994Z,false,"0,15,30,45 * * * *",1773128751000,job-hunter-bot,ok,cron,a7fd90f8-dd89-49cd-a89f-9d1613cd7b9c,stateless,J7YWUS538ECCSW42,01KKBBBZB45YE86VQ8FVKX6T2H,J7YWUS538ECCSW42,"0,15,30,45 * * * *",job-hunter-bot,[INFO] [Connectors] Harvest complete | Sources: 5 (rss:5) | Jobs: 0 | Errors: 0,346e138aae29f6b381c1ebae50734856,cf-worker,9652c0eabd8fbe010167fd7787852081,cron,[INFO] [Connectors] Harvest complete | Sources: 5 (rss:5) | Jobs: <*> | Errors: 0,undefined,undefined,undefined,[]
[INFO] [RSS] Cursor filtered 150 seen items from 4dayweek — 0 new,cloudflare-workers,2026-03-10T07:46:01.994Z,false,"0,15,30,45 * * * *",1773128751000,job-hunter-bot,ok,cron,a7fd90f8-dd89-49cd-a89f-9d1613cd7b9c,stateless,J7YWUS538ECCSW42,01KKBBBZB45YE86VQ8FVKX6T2G,J7YWUS538ECCSW42,"0,15,30,45 * * * *",job-hunter-bot,[INFO] [RSS] Cursor filtered 150 seen items from 4dayweek — 0 new,346e138aae29f6b381c1ebae50734856,cf-worker,9652c0eabd8fbe010167fd7787852081,cron,[INFO] [RSS] Cursor filtered <*> seen items from <*> — <*> new,undefined,undefined,undefined,[]
[INFO] [RSS] Cursor filtered 99 seen items from remoteok — 0 new,cloudflare-workers,2026-03-10T07:46:01.972Z,false,"0,15,30,45 * * * *",1773128751000,job-hunter-bot,ok,cron,a7fd90f8-dd89-49cd-a89f-9d1613cd7b9c,stateless,J7YWUS538ECCSW42,01KKBBBZB45YE86VQ8FVKX6T2F,J7YWUS538ECCSW42,"0,15,30,45 * * * *",job-hunter-bot,[INFO] [RSS] Cursor filtered 99 seen items from remoteok — 0 new,346e138aae29f6b381c1ebae50734856,cf-worker,9652c0eabd8fbe010167fd7787852081,cron,[INFO] [RSS] Cursor filtered <*> seen items from <*> — <*> new,undefined,undefined,undefined,[]
[INFO] [RSS] Cursor filtered 44 seen items from weworkremotely — 0 new,cloudflare-workers,2026-03-10T07:46:01.340Z,false,"0,15,30,45 * * * *",1773128751000,job-hunter-bot,ok,cron,a7fd90f8-dd89-49cd-a89f-9d1613cd7b9c,stateless,J7YWUS538ECCSW42,01KKBBBZB45YE86VQ8FVKX6T2E,J7YWUS538ECCSW42,"0,15,30,45 * * * *",job-hunter-bot,[INFO] [RSS] Cursor filtered 44 seen items from weworkremotely — 0 new,346e138aae29f6b381c1ebae50734856,cf-worker,9652c0eabd8fbe010167fd7787852081,cron,[INFO] [RSS] Cursor filtered <*> seen items from <*> — <*> new,undefined,undefined,undefined,[]
[INFO] [Fetcher] Harvest complete. Inserted 0 new jobs (0 dupes filtered).,cloudflare-workers,2026-03-10T07:46:01.317Z,false,"0,15,30,45 * * * *",1773128751000,job-hunter-bot,ok,cron,a7fd90f8-dd89-49cd-a89f-9d1613cd7b9c,stateless,J7YWUS538ECCSW42,01KKBBBZB45YE86VQ8FVKX6T2D,J7YWUS538ECCSW42,"0,15,30,45 * * * *",job-hunter-bot,[INFO] [Fetcher] Harvest complete. Inserted 0 new jobs (0 dupes filtered).,346e138aae29f6b381c1ebae50734856,cf-worker,9652c0eabd8fbe010167fd7787852081,cron,[INFO] [Fetcher] Harvest complete. Inserted <*> new jobs (<*> dupes filtered).,undefined,undefined,undefined,[]
[INFO] [Fetcher] Batch recorded 5 source yields,cloudflare-workers,2026-03-10T07:46:01.317Z,false,"0,15,30,45 * * * *",1773128751000,job-hunter-bot,ok,cron,a7fd90f8-dd89-49cd-a89f-9d1613cd7b9c,stateless,J7YWUS538ECCSW42,01KKBBBZB45YE86VQ8FVKX6T2C,J7YWUS538ECCSW42,"0,15,30,45 * * * *",job-hunter-bot,[INFO] [Fetcher] Batch recorded 5 source yields,346e138aae29f6b381c1ebae50734856,cf-worker,9652c0eabd8fbe010167fd7787852081,cron,[INFO] [Fetcher] Batch recorded <*> source yields,undefined,undefined,undefined,[]
[INFO] [RSS] Cursor filtered 22 seen items from weworkremotely — 0 new,cloudflare-workers,2026-03-10T07:46:01.315Z,false,"0,15,30,45 * * * *",1773128751000,job-hunter-bot,ok,cron,a7fd90f8-dd89-49cd-a89f-9d1613cd7b9c,stateless,J7YWUS538ECCSW42,01KKBBBZB45YE86VQ8FVKX6T2B,J7YWUS538ECCSW42,"0,15,30,45 * * * *",job-hunter-bot,[INFO] [RSS] Cursor filtered 22 seen items from weworkremotely — 0 new,346e138aae29f6b381c1ebae50734856,cf-worker,9652c0eabd8fbe010167fd7787852081,cron,[INFO] [RSS] Cursor filtered <*> seen items from <*> — <*> new,undefined,undefined,undefined,[]
[INFO] [RSS] Cursor filtered 100 seen items from himalayas — 0 new,cloudflare-workers,2026-03-10T07:46:01.177Z,false,"0,15,30,45 * * * *",1773128751000,job-hunter-bot,ok,cron,a7fd90f8-dd89-49cd-a89f-9d1613cd7b9c,stateless,J7YWUS538ECCSW42,01KKBBBZB45YE86VQ8FVKX6T2A,J7YWUS538ECCSW42,"0,15,30,45 * * * *",job-hunter-bot,[INFO] [RSS] Cursor filtered 100 seen items from himalayas — 0 new,346e138aae29f6b381c1ebae50734856,cf-worker,9652c0eabd8fbe010167fd7787852081,cron,[INFO] [RSS] Cursor filtered <*> seen items from <*> — <*> new,undefined,undefined,undefined,[]
"[WARN] [Retry] Attempt 3/4 failed (Queue sendBatch failed: Too Many Requests), retrying in 2029ms...",cloudflare-workers,2026-03-10T07:46:01.176Z,false,"0,15,30,45 * * * *",1773128751000,job-hunter-bot,ok,cron,a7fd90f8-dd89-49cd-a89f-9d1613cd7b9c,stateless,J7YWUS538ECCSW42,01KKBBBZB45YE86VQ8FVKX6T29,J7YWUS538ECCSW42,"0,15,30,45 * * * *",job-hunter-bot,"[WARN] [Retry] Attempt 3/4 failed (Queue sendBatch failed: Too Many Requests), retrying in 2029ms...",346e138aae29f6b381c1ebae50734856,cf-worker,9652c0eabd8fbe010167fd7787852081,cron,"[WARN] [Retry] Attempt <*>/4 failed (Queue sendBatch failed: Too Many Requests), retrying in <*>...",undefined,undefined,undefined,[]
[INFO] [Connectors] Running rss connector on 5 sources,cloudflare-workers,2026-03-10T07:46:01.106Z,false,"0,15,30,45 * * * *",1773128751000,job-hunter-bot,ok,cron,a7fd90f8-dd89-49cd-a89f-9d1613cd7b9c,stateless,J7YWUS538ECCSW42,01KKBBBZB45YE86VQ8FVKX6T28,J7YWUS538ECCSW42,"0,15,30,45 * * * *",job-hunter-bot,[INFO] [Connectors] Running rss connector on 5 sources,346e138aae29f6b381c1ebae50734856,cf-worker,9652c0eabd8fbe010167fd7787852081,cron,[INFO] [Connectors] Running <*> connector on <*> sources,undefined,undefined,undefined,[]
[INFO] [Connectors] Harvest complete | Sources: 5 (rss:5) | Jobs: 0 | Errors: 0,cloudflare-workers,2026-03-10T07:46:00.513Z,false,"0,15,30,45 * * * *",1773128751000,job-hunter-bot,ok,cron,a7fd90f8-dd89-49cd-a89f-9d1613cd7b9c,stateless,J7YWUS538ECCSW42,01KKBBBZB45YE86VQ8FVKX6T27,J7YWUS538ECCSW42,"0,15,30,45 * * * *",job-hunter-bot,[INFO] [Connectors] Harvest complete | Sources: 5 (rss:5) | Jobs: 0 | Errors: 0,346e138aae29f6b381c1ebae50734856,cf-worker,9652c0eabd8fbe010167fd7787852081,cron,[INFO] [Connectors] Harvest complete | Sources: 5 (rss:5) | Jobs: <*> | Errors: 0,undefined,undefined,undefined,[]
[INFO] [RSS] Cursor filtered 100 seen items from weworkremotely — 0 new,cloudflare-workers,2026-03-10T07:46:00.513Z,false,"0,15,30,45 * * * *",1773128751000,job-hunter-bot,ok,cron,a7fd90f8-dd89-49cd-a89f-9d1613cd7b9c,stateless,J7YWUS538ECCSW42,01KKBBBZB45YE86VQ8FVKX6T26,J7YWUS538ECCSW42,"0,15,30,45 * * * *",job-hunter-bot,[INFO] [RSS] Cursor filtered 100 seen items from weworkremotely — 0 new,346e138aae29f6b381c1ebae50734856,cf-worker,9652c0eabd8fbe010167fd7787852081,cron,[INFO] [RSS] Cursor filtered <*> seen items from <*> — <*> new,undefined,undefined,undefined,[]
"[WARN] [Retry] Attempt 2/4 failed (Queue sendBatch failed: Too Many Requests), retrying in 1044ms...",cloudflare-workers,2026-03-10T07:46:00.123Z,false,"0,15,30,45 * * * *",1773128751000,job-hunter-bot,ok,cron,a7fd90f8-dd89-49cd-a89f-9d1613cd7b9c,stateless,J7YWUS538ECCSW42,01KKBBBZB45YE86VQ8FVKX6T25,J7YWUS538ECCSW42,"0,15,30,45 * * * *",job-hunter-bot,"[WARN] [Retry] Attempt 2/4 failed (Queue sendBatch failed: Too Many Requests), retrying in 1044ms...",346e138aae29f6b381c1ebae50734856,cf-worker,9652c0eabd8fbe010167fd7787852081,cron,"[WARN] [Retry] Attempt <*>/4 failed (Queue sendBatch failed: Too Many Requests), retrying in <*>...",undefined,undefined,undefined,[]
[INFO] [RSS] Cursor filtered 84 seen items from weworkremotely — 0 new,cloudflare-workers,2026-03-10T07:45:59.894Z,false,"0,15,30,45 * * * *",1773128751000,job-hunter-bot,ok,cron,a7fd90f8-dd89-49cd-a89f-9d1613cd7b9c,stateless,J7YWUS538ECCSW42,01KKBBBZB45YE86VQ8FVKX6T24,J7YWUS538ECCSW42,"0,15,30,45 * * * *",job-hunter-bot,[INFO] [RSS] Cursor filtered 84 seen items from weworkremotely — 0 new,346e138aae29f6b381c1ebae50734856,cf-worker,9652c0eabd8fbe010167fd7787852081,cron,[INFO] [RSS] Cursor filtered <*> seen items from <*> — <*> new,undefined,undefined,undefined,[]
[INFO] [RSS] Cursor filtered 41 seen items from weworkremotely — 0 new,cloudflare-workers,2026-03-10T07:45:59.801Z,false,"0,15,30,45 * * * *",1773128751000,job-hunter-bot,ok,cron,a7fd90f8-dd89-49cd-a89f-9d1613cd7b9c,stateless,J7YWUS538ECCSW42,01KKBBBZB45YE86VQ8FVKX6T23,J7YWUS538ECCSW42,"0,15,30,45 * * * *",job-hunter-bot,[INFO] [RSS] Cursor filtered 41 seen items from weworkremotely — 0 new,346e138aae29f6b381c1ebae50734856,cf-worker,9652c0eabd8fbe010167fd7787852081,cron,[INFO] [RSS] Cursor filtered <*> seen items from <*> — <*> new,undefined,undefined,undefined,[]
[INFO] [RSS] Cursor filtered 190 seen items from smartremotejobs — 0 new,cloudflare-workers,2026-03-10T07:45:59.789Z,false,"0,15,30,45 * * * *",1773128751000,job-hunter-bot,ok,cron,a7fd90f8-dd89-49cd-a89f-9d1613cd7b9c,stateless,J7YWUS538ECCSW42,01KKBBBZB45YE86VQ8FVKX6T22,J7YWUS538ECCSW42,"0,15,30,45 * * * *",job-hunter-bot,[INFO] [RSS] Cursor filtered 190 seen items from smartremotejobs — 0 new,346e138aae29f6b381c1ebae50734856,cf-worker,9652c0eabd8fbe010167fd7787852081,cron,[INFO] [RSS] Cursor filtered <*> seen items from <*> — <*> new,undefined,undefined,undefined,[]
[INFO] [RSS] Cursor filtered 25 seen items from weworkremotely — 0 new,cloudflare-workers,2026-03-10T07:45:59.721Z,false,"0,15,30,45 * * * *",1773128751000,job-hunter-bot,ok,cron,a7fd90f8-dd89-49cd-a89f-9d1613cd7b9c,stateless,J7YWUS538ECCSW42,01KKBBBZB45YE86VQ8FVKX6T21,J7YWUS538ECCSW42,"0,15,30,45 * * * *",job-hunter-bot,[INFO] [RSS] Cursor filtered 25 seen items from weworkremotely — 0 new,346e138aae29f6b381c1ebae50734856,cf-worker,9652c0eabd8fbe010167fd7787852081,cron,[INFO] [RSS] Cursor filtered <*> seen items from <*> — <*> new,undefined,undefined,undefined,[]
"[WARN] [Retry] Attempt 1/4 failed (Queue sendBatch failed: Too Many Requests), retrying in 508ms...",cloudflare-workers,2026-03-10T07:45:59.607Z,false,"0,15,30,45 * * * *",1773128751000,job-hunter-bot,ok,cron,a7fd90f8-dd89-49cd-a89f-9d1613cd7b9c,stateless,J7YWUS538ECCSW42,01KKBBBZB45YE86VQ8FVKX6T20,J7YWUS538ECCSW42,"0,15,30,45 * * * *",job-hunter-bot,"[WARN] [Retry] Attempt 1/4 failed (Queue sendBatch failed: Too Many Requests), retrying in 508ms...",346e138aae29f6b381c1ebae50734856,cf-worker,9652c0eabd8fbe010167fd7787852081,cron,"[WARN] [Retry] Attempt <*>/4 failed (Queue sendBatch failed: Too Many Requests), retrying in <*>...",undefined,undefined,undefined,[]
[INFO] [D1] Batch inserted 38 new jobs (0 dupes) in 1 batches,cloudflare-workers,2026-03-10T07:45:59.597Z,false,"0,15,30,45 * * * *",1773128751000,job-hunter-bot,ok,cron,a7fd90f8-dd89-49cd-a89f-9d1613cd7b9c,stateless,J7YWUS538ECCSW42,01KKBBBZB45YE86VQ8FVKX6T1Z,J7YWUS538ECCSW42,"0,15,30,45 * * * *",job-hunter-bot,[INFO] [D1] Batch inserted 38 new jobs (0 dupes) in 1 batches,346e138aae29f6b381c1ebae50734856,cf-worker,9652c0eabd8fbe010167fd7787852081,cron,[INFO] [D1] Batch inserted <*> new jobs (0 dupes) in 1 batches,undefined,undefined,undefined,[]
[INFO] [Connectors] Running rss connector on 5 sources,cloudflare-workers,2026-03-10T07:45:59.511Z,false,"0,15,30,45 * * * *",1773128751000,job-hunter-bot,ok,cron,a7fd90f8-dd89-49cd-a89f-9d1613cd7b9c,stateless,J7YWUS538ECCSW42,01KKBBBZB45YE86VQ8FVKX6T1Y,J7YWUS538ECCSW42,"0,15,30,45 * * * *",job-hunter-bot,[INFO] [Connectors] Running rss connector on 5 sources,346e138aae29f6b381c1ebae50734856,cf-worker,9652c0eabd8fbe010167fd7787852081,cron,[INFO] [Connectors] Running <*> connector on <*> sources,undefined,undefined,undefined,[]
[INFO] [Connectors] Harvest complete | Sources: 5 (rss:5) | Jobs: 38 | Errors: 0,cloudflare-workers,2026-03-10T07:45:58.962Z,false,"0,15,30,45 * * * *",1773128751000,job-hunter-bot,ok,cron,a7fd90f8-dd89-49cd-a89f-9d1613cd7b9c,stateless,J7YWUS538ECCSW42,01KKBBBZB45YE86VQ8FVKX6T1X,J7YWUS538ECCSW42,"0,15,30,45 * * * *",job-hunter-bot,[INFO] [Connectors] Harvest complete | Sources: 5 (rss:5) | Jobs: 38 | Errors: 0,346e138aae29f6b381c1ebae50734856,cf-worker,9652c0eabd8fbe010167fd7787852081,cron,[INFO] [Connectors] Harvest complete | Sources: <*> (<*>) | Jobs: <*> | Errors: <*>,undefined,undefined,undefined,[]
[INFO] [RSS] Cursor filtered 100 seen items from hireweb3 — 0 new,cloudflare-workers,2026-03-10T07:45:58.962Z,false,"0,15,30,45 * * * *",1773128751000,job-hunter-bot,ok,cron,a7fd90f8-dd89-49cd-a89f-9d1613cd7b9c,stateless,J7YWUS538ECCSW42,01KKBBBZB45YE86VQ8FVKX6T1W,J7YWUS538ECCSW42,"0,15,30,45 * * * *",job-hunter-bot,[INFO] [RSS] Cursor filtered 100 seen items from hireweb3 — 0 new,346e138aae29f6b381c1ebae50734856,cf-worker,9652c0eabd8fbe010167fd7787852081,cron,[INFO] [RSS] Cursor filtered <*> seen items from <*> — <*> new,undefined,undefined,undefined,[]
[INFO] [RSS] Cursor filtered 16 seen items from empllo — 0 new,cloudflare-workers,2026-03-10T07:45:58.157Z,false,"0,15,30,45 * * * *",1773128751000,job-hunter-bot,ok,cron,a7fd90f8-dd89-49cd-a89f-9d1613cd7b9c,stateless,J7YWUS538ECCSW42,01KKBBBZB45YE86VQ8FVKX6T1V,J7YWUS538ECCSW42,"0,15,30,45 * * * *",job-hunter-bot,[INFO] [RSS] Cursor filtered 16 seen items from empllo — 0 new,346e138aae29f6b381c1ebae50734856,cf-worker,9652c0eabd8fbe010167fd7787852081,cron,[INFO] [RSS] Cursor filtered <*> seen items from <*> — <*> new,undefined,undefined,undefined,[]
[INFO] [RSS] Cursor filtered 62 seen items from jobscollider — 38 new,cloudflare-workers,2026-03-10T07:45:58.154Z,false,"0,15,30,45 * * * *",1773128751000,job-hunter-bot,ok,cron,a7fd90f8-dd89-49cd-a89f-9d1613cd7b9c,stateless,J7YWUS538ECCSW42,01KKBBBZB45YE86VQ8FVKX6T1T,J7YWUS538ECCSW42,"0,15,30,45 * * * *",job-hunter-bot,[INFO] [RSS] Cursor filtered 62 seen items from jobscollider — 38 new,346e138aae29f6b381c1ebae50734856,cf-worker,9652c0eabd8fbe010167fd7787852081,cron,[INFO] [RSS] Cursor filtered <*> seen items from <*> — <*> new,undefined,undefined,undefined,[]
[INFO] [RSS] Cursor filtered 749 seen items from smartremotejobs — 0 new,cloudflare-workers,2026-03-10T07:45:58.139Z,false,"0,15,30,45 * * * *",1773128751000,job-hunter-bot,ok,cron,a7fd90f8-dd89-49cd-a89f-9d1613cd7b9c,stateless,J7YWUS538ECCSW42,01KKBBBZB45YE86VQ8FVKX6T1S,J7YWUS538ECCSW42,"0,15,30,45 * * * *",job-hunter-bot,[INFO] [RSS] Cursor filtered 749 seen items from smartremotejobs — 0 new,346e138aae29f6b381c1ebae50734856,cf-worker,9652c0eabd8fbe010167fd7787852081,cron,[INFO] [RSS] Cursor filtered <*> seen items from <*> — 0 new,undefined,undefined,undefined,[]
[INFO] [RSS] Cursor filtered 80 seen items from empllo — 0 new,cloudflare-workers,2026-03-10T07:45:58.139Z,false,"0,15,30,45 * * * *",1773128751000,job-hunter-bot,ok,cron,a7fd90f8-dd89-49cd-a89f-9d1613cd7b9c,stateless,J7YWUS538ECCSW42,01KKBBBZB45YE86VQ8FVKX6T1R,J7YWUS538ECCSW42,"0,15,30,45 * * * *",job-hunter-bot,[INFO] [RSS] Cursor filtered 80 seen items from empllo — 0 new,346e138aae29f6b381c1ebae50734856,cf-worker,9652c0eabd8fbe010167fd7787852081,cron,[INFO] [RSS] Cursor filtered <*> seen items from <*> — <*> new,undefined,undefined,undefined,[]
[INFO] [Connectors] Running rss connector on 5 sources,cloudflare-workers,2026-03-10T07:45:57.852Z,false,"0,15,30,45 * * * *",1773128751000,job-hunter-bot,ok,cron,a7fd90f8-dd89-49cd-a89f-9d1613cd7b9c,stateless,J7YWUS538ECCSW42,01KKBBBZB45YE86VQ8FVKX6T1Q,J7YWUS538ECCSW42,"0,15,30,45 * * * *",job-hunter-bot,[INFO] [Connectors] Running rss connector on 5 sources,346e138aae29f6b381c1ebae50734856,cf-worker,9652c0eabd8fbe010167fd7787852081,cron,[INFO] [Connectors] Running <*> connector on <*> sources,undefined,undefined,undefined,[]
[INFO] [Producer] Direct mode: processing 179 sources inline...,cloudflare-workers,2026-03-10T07:45:57.652Z,false,"0,15,30,45 * * * *",1773128751000,job-hunter-bot,ok,cron,a7fd90f8-dd89-49cd-a89f-9d1613cd7b9c,stateless,J7YWUS538ECCSW42,01KKBBBZB45YE86VQ8FVKX6T1P,J7YWUS538ECCSW42,"0,15,30,45 * * * *",job-hunter-bot,[INFO] [Producer] Direct mode: processing 179 sources inline...,346e138aae29f6b381c1ebae50734856,cf-worker,9652c0eabd8fbe010167fd7787852081,cron,[INFO] [Producer] Direct <*>: <*> 179 sources <*>...,undefined,undefined,undefined,[]
"[WARN] [Retry] Attempt 3/4 failed (Queue sendBatch failed: Too Many Requests), retrying in 2073ms...",cloudflare-workers,2026-03-10T07:45:55.567Z,false,"0,15,30,45 * * * *",1773128751000,job-hunter-bot,ok,cron,a7fd90f8-dd89-49cd-a89f-9d1613cd7b9c,stateless,J7YWUS538ECCSW42,01KKBBBZB45YE86VQ8FVKX6T1M,J7YWUS538ECCSW42,"0,15,30,45 * * * *",job-hunter-bot,"[WARN] [Retry] Attempt 3/4 failed (Queue sendBatch failed: Too Many Requests), retrying in 2073ms...",346e138aae29f6b381c1ebae50734856,cf-worker,9652c0eabd8fbe010167fd7787852081,cron,"[WARN] [Retry] Attempt <*>/4 failed (Queue sendBatch failed: Too Many Requests), retrying in <*>...",undefined,undefined,undefined,[]
"[WARN] [Retry] Attempt 2/4 failed (Queue sendBatch failed: Too Many Requests), retrying in 1058ms...",cloudflare-workers,2026-03-10T07:45:54.502Z,false,"0,15,30,45 * * * *",1773128751000,job-hunter-bot,ok,cron,a7fd90f8-dd89-49cd-a89f-9d1613cd7b9c,stateless,J7YWUS538ECCSW42,01KKBBBZB45YE86VQ8FVKX6T1K,J7YWUS538ECCSW42,"0,15,30,45 * * * *",job-hunter-bot,"[WARN] [Retry] Attempt 2/4 failed (Queue sendBatch failed: Too Many Requests), retrying in 1058ms...",346e138aae29f6b381c1ebae50734856,cf-worker,9652c0eabd8fbe010167fd7787852081,cron,"[WARN] [Retry] Attempt <*>/4 failed (Queue sendBatch failed: Too Many Requests), retrying in <*>...",undefined,undefined,undefined,[]
"[WARN] [Retry] Attempt 1/4 failed (Queue sendBatch failed: Too Many Requests), retrying in 513ms...",cloudflare-workers,2026-03-10T07:45:53.981Z,false,"0,15,30,45 * * * *",1773128751000,job-hunter-bot,ok,cron,a7fd90f8-dd89-49cd-a89f-9d1613cd7b9c,stateless,J7YWUS538ECCSW42,01KKBBBZB45YE86VQ8FVKX6T1J,J7YWUS538ECCSW42,"0,15,30,45 * * * *",job-hunter-bot,"[WARN] [Retry] Attempt 1/4 failed (Queue sendBatch failed: Too Many Requests), retrying in 513ms...",346e138aae29f6b381c1ebae50734856,cf-worker,9652c0eabd8fbe010167fd7787852081,cron,"[WARN] [Retry] Attempt <*>/4 failed (Queue sendBatch failed: Too Many Requests), retrying in <*>...",undefined,undefined,undefined,[]
[INFO] [Producer] Broadcasting 179 sources to FEED_QUEUE...,cloudflare-workers,2026-03-10T07:45:53.973Z,false,"0,15,30,45 * * * *",1773128751000,job-hunter-bot,ok,cron,a7fd90f8-dd89-49cd-a89f-9d1613cd7b9c,stateless,J7YWUS538ECCSW42,01KKBBBZB45YE86VQ8FVKX6T1H,J7YWUS538ECCSW42,"0,15,30,45 * * * *",job-hunter-bot,[INFO] [Producer] Broadcasting 179 sources to FEED_QUEUE...,346e138aae29f6b381c1ebae50734856,cf-worker,9652c0eabd8fbe010167fd7787852081,cron,[INFO] [Producer] Broadcasting 179 sources to FEED_QUEUE...,undefined,undefined,undefined,[]
[INFO] [Producer] Intelligence: 179 sources selected (87 config + 92 registry),cloudflare-workers,2026-03-10T07:45:53.973Z,false,"0,15,30,45 * * * *",1773128751000,job-hunter-bot,ok,cron,a7fd90f8-dd89-49cd-a89f-9d1613cd7b9c,stateless,J7YWUS538ECCSW42,01KKBBBZB45YE86VQ8FVKX6T1G,J7YWUS538ECCSW42,"0,15,30,45 * * * *",job-hunter-bot,[INFO] [Producer] Intelligence: 179 sources selected (87 config + 92 registry),346e138aae29f6b381c1ebae50734856,cf-worker,9652c0eabd8fbe010167fd7787852081,cron,[INFO] [Producer] Intelligence: 179 sources selected (87 config + 92 registry),undefined,undefined,undefined,[]
[INFO] [Producer] Cron cycle #831 fired.,cloudflare-workers,2026-03-10T07:45:52.828Z,false,"0,15,30,45 * * * *",1773128751000,job-hunter-bot,ok,cron,a7fd90f8-dd89-49cd-a89f-9d1613cd7b9c,stateless,J7YWUS538ECCSW42,01KKBBBZB45YE86VQ8FVKX6T1F,J7YWUS538ECCSW42,"0,15,30,45 * * * *",job-hunter-bot,[INFO] [Producer] Cron cycle #831 fired.,346e138aae29f6b381c1ebae50734856,cf-worker,9652c0eabd8fbe010167fd7787852081,cron,[INFO] [Producer] <*> <*> <*> <*>.,undefined,undefined,undefined,[]
"0,15,30,45 * * * * ",cloudflare-workers,2026-03-10T07:45:52.790Z,false,"0,15,30,45 * * * *",1773128751000,job-hunter-bot,ok,cron,a7fd90f8-dd89-49cd-a89f-9d1613cd7b9c,stateless,J7YWUS538ECCSW42,01KKBBBZB45YE86VQ8FVKX6T1E,J7YWUS538ECCSW42,"0,15,30,45 * * * *",job-hunter-bot,"0,15,30,45 * * * * ",346e138aae29f6b381c1ebae50734856,cf-worker-event,9652c0eabd8fbe010167fd7787852081,cron,"0,15,30,45 * * * *",undefined,undefined,undefined,[]
[INFO] [Connectors] Running rss connector on 5 sources,cloudflare-workers,2026-03-10T07:31:00.948Z,false,"0,15,30,45 * * * *",1773127851000,job-hunter-bot,exceededCpu,cron,a7fd90f8-dd89-49cd-a89f-9d1613cd7b9c,stateless,IEBIZ7L8PYG51XBD,01KKBAG0PMM20T0ZK6F9K1FGCB,IEBIZ7L8PYG51XBD,"0,15,30,45 * * * *",job-hunter-bot,[INFO] [Connectors] Running rss connector on 5 sources,346e138aae29f6b381c1ebae50734856,cf-worker,9652c0eabd8fbe010167fd7787852081,cron,[INFO] [Connectors] Running rss connector on 5 sources,undefined,undefined,undefined,[]
[INFO] [Producer] Direct mode: processing 87 sources inline...,cloudflare-workers,2026-03-10T07:31:00.736Z,false,"0,15,30,45 * * * *",1773127851000,job-hunter-bot,exceededCpu,cron,a7fd90f8-dd89-49cd-a89f-9d1613cd7b9c,stateless,IEBIZ7L8PYG51XBD,01KKBAG0G0H853YAZNFVV2VPA5,IEBIZ7L8PYG51XBD,"0,15,30,45 * * * *",job-hunter-bot,[INFO] [Producer] Direct mode: processing 87 sources inline...,346e138aae29f6b381c1ebae50734856,cf-worker,9652c0eabd8fbe010167fd7787852081,cron,[INFO] [Producer] Direct mode: processing 87 sources inline...,undefined,undefined,undefined,[]
"[WARN] [Retry] Attempt 3/4 failed (Queue sendBatch failed: Too Many Requests), retrying in 2081ms...",cloudflare-workers,2026-03-10T07:30:58.650Z,false,"0,15,30,45 * * * *",1773127851000,job-hunter-bot,exceededCpu,cron,a7fd90f8-dd89-49cd-a89f-9d1613cd7b9c,stateless,IEBIZ7L8PYG51XBD,01KKBAFYET39BWFE7RJKGNYH27,IEBIZ7L8PYG51XBD,"0,15,30,45 * * * *",job-hunter-bot,"[WARN] [Retry] Attempt 3/4 failed (Queue sendBatch failed: Too Many Requests), retrying in 2081ms...",346e138aae29f6b381c1ebae50734856,cf-worker,9652c0eabd8fbe010167fd7787852081,cron,"[WARN] [Retry] Attempt <*>/4 failed (Queue sendBatch failed: Too Many Requests), retrying in <*>...",undefined,undefined,undefined,[]
"[WARN] [Retry] Attempt 2/4 failed (Queue sendBatch failed: Too Many Requests), retrying in 1014ms...",cloudflare-workers,2026-03-10T07:30:57.629Z,false,"0,15,30,45 * * * *",1773127851000,job-hunter-bot,exceededCpu,cron,a7fd90f8-dd89-49cd-a89f-9d1613cd7b9c,stateless,IEBIZ7L8PYG51XBD,01KKBAFXEXK46E3QV5W5VND581,IEBIZ7L8PYG51XBD,"0,15,30,45 * * * *",job-hunter-bot,"[WARN] [Retry] Attempt 2/4 failed (Queue sendBatch failed: Too Many Requests), retrying in 1014ms...",346e138aae29f6b381c1ebae50734856,cf-worker,9652c0eabd8fbe010167fd7787852081,cron,"[WARN] [Retry] Attempt <*>/4 failed (Queue sendBatch failed: Too Many Requests), retrying in <*>...",undefined,undefined,undefined,[]
"[WARN] [Retry] Attempt 1/4 failed (Queue sendBatch failed: Too Many Requests), retrying in 531ms...",cloudflare-workers,2026-03-10T07:30:57.092Z,false,"0,15,30,45 * * * *",1773127851000,job-hunter-bot,exceededCpu,cron,a7fd90f8-dd89-49cd-a89f-9d1613cd7b9c,stateless,IEBIZ7L8PYG51XBD,01KKBAFWY4P9CHSJC2KTEDK797,IEBIZ7L8PYG51XBD,"0,15,30,45 * * * *",job-hunter-bot,"[WARN] [Retry] Attempt 1/4 failed (Queue sendBatch failed: Too Many Requests), retrying in 531ms...",346e138aae29f6b381c1ebae50734856,cf-worker,9652c0eabd8fbe010167fd7787852081,cron,"[WARN] [Retry] Attempt <*>/4 failed (Queue sendBatch failed: Too Many Requests), retrying in <*>...",undefined,undefined,undefined,[]
[INFO] [Producer] Broadcasting 87 sources to FEED_QUEUE...,cloudflare-workers,2026-03-10T07:30:57.084Z,false,"0,15,30,45 * * * *",1773127851000,job-hunter-bot,exceededCpu,cron,a7fd90f8-dd89-49cd-a89f-9d1613cd7b9c,stateless,IEBIZ7L8PYG51XBD,01KKBAFWXW8BRWC9XSBFDJG4T2,IEBIZ7L8PYG51XBD,"0,15,30,45 * * * *",job-hunter-bot,[INFO] [Producer] Broadcasting 87 sources to FEED_QUEUE...,346e138aae29f6b381c1ebae50734856,cf-worker,9652c0eabd8fbe010167fd7787852081,cron,[INFO] [Producer] Broadcasting 87 sources to FEED_QUEUE...,undefined,undefined,undefined,[]
[INFO] [Producer] Intelligence: 87 sources selected (87 config + 0 registry),cloudflare-workers,2026-03-10T07:30:57.084Z,false,"0,15,30,45 * * * *",1773127851000,job-hunter-bot,exceededCpu,cron,a7fd90f8-dd89-49cd-a89f-9d1613cd7b9c,stateless,IEBIZ7L8PYG51XBD,01KKBAFWXW8BRWC9XSBFDJG4T1,IEBIZ7L8PYG51XBD,"0,15,30,45 * * * *",job-hunter-bot,[INFO] [Producer] Intelligence: 87 sources selected (87 config + 0 registry),346e138aae29f6b381c1ebae50734856,cf-worker,9652c0eabd8fbe010167fd7787852081,cron,[INFO] [Producer] Intelligence: 87 sources selected (87 config + 0 registry),undefined,undefined,undefined,[]
[INFO] [Producer] Cron cycle #835 fired.,cloudflare-workers,2026-03-10T07:30:55.983Z,false,"0,15,30,45 * * * *",1773127851000,job-hunter-bot,exceededCpu,cron,a7fd90f8-dd89-49cd-a89f-9d1613cd7b9c,stateless,IEBIZ7L8PYG51XBD,01KKBAFW99NJDMFDGWZXAYP1HP,IEBIZ7L8PYG51XBD,"0,15,30,45 * * * *",job-hunter-bot,[INFO] [Producer] Cron cycle #835 fired.,346e138aae29f6b381c1ebae50734856,cf-worker,9652c0eabd8fbe010167fd7787852081,cron,[INFO] [Producer] Cron cycle #835 fired.,undefined,undefined,undefined,[]
[INFO] [RSS] Cursor filtered 16 seen items from empllo — 0 new,cloudflare-workers,2026-03-10T07:15:58.254Z,false,"0,15,30,45 * * * *",1773126951000,job-hunter-bot,exceededCpu,cron,a7fd90f8-dd89-49cd-a89f-9d1613cd7b9c,stateless,IH6CWKFQJRU4UBXT,01KKB9MF5EDY97RQXYNK1KWV8T,IH6CWKFQJRU4UBXT,"0,15,30,45 * * * *",job-hunter-bot,[INFO] [RSS] Cursor filtered 16 seen items from empllo — 0 new,346e138aae29f6b381c1ebae50734856,cf-worker,9652c0eabd8fbe010167fd7787852081,cron,[INFO] [RSS] Cursor filtered 16 seen items from empllo — 0 new,undefined,undefined,undefined,[]
[INFO] [Connectors] Running rss connector on 5 sources,cloudflare-workers,2026-03-10T07:15:57.986Z,false,"0,15,30,45 * * * *",1773126951000,job-hunter-bot,exceededCpu,cron,a7fd90f8-dd89-49cd-a89f-9d1613cd7b9c,stateless,IH6CWKFQJRU4UBXT,01KKB9MEX21DFS9SJVDNAFQFC3,IH6CWKFQJRU4UBXT,"0,15,30,45 * * * *",job-hunter-bot,[INFO] [Connectors] Running rss connector on 5 sources,346e138aae29f6b381c1ebae50734856,cf-worker,9652c0eabd8fbe010167fd7787852081,cron,[INFO] [Connectors] Running rss connector on 5 sources,undefined,undefined,undefined,[]
[INFO] [Producer] Direct mode: processing 179 sources inline...,cloudflare-workers,2026-03-10T07:15:57.782Z,false,"0,15,30,45 * * * *",1773126951000,job-hunter-bot,exceededCpu,cron,a7fd90f8-dd89-49cd-a89f-9d1613cd7b9c,stateless,IH6CWKFQJRU4UBXT,01KKB9MEPP51V9A1ZX7QYFQEZ2,IH6CWKFQJRU4UBXT,"0,15,30,45 * * * *",job-hunter-bot,[INFO] [Producer] Direct mode: processing 179 sources inline...,346e138aae29f6b381c1ebae50734856,cf-worker,9652c0eabd8fbe010167fd7787852081,cron,[INFO] [Producer] Direct mode: processing 179 sources inline...,undefined,undefined,undefined,[]
"[WARN] [Retry] Attempt 3/4 failed (Queue sendBatch failed: Too Many Requests), retrying in 2090ms...",cloudflare-workers,2026-03-10T07:15:55.681Z,false,"0,15,30,45 * * * *",1773126951000,job-hunter-bot,exceededCpu,cron,a7fd90f8-dd89-49cd-a89f-9d1613cd7b9c,stateless,IH6CWKFQJRU4UBXT,01KKB9MCNRGTMBTJJSJFQ8TTJ7,IH6CWKFQJRU4UBXT,"0,15,30,45 * * * *",job-hunter-bot,"[WARN] [Retry] Attempt 3/4 failed (Queue sendBatch failed: Too Many Requests), retrying in 2090ms...",346e138aae29f6b381c1ebae50734856,cf-worker,9652c0eabd8fbe010167fd7787852081,cron,"[WARN] [Retry] Attempt <*>/4 failed (Queue sendBatch failed: Too Many Requests), retrying in <*>...",undefined,undefined,undefined,[]
"[WARN] [Retry] Attempt 2/4 failed (Queue sendBatch failed: Too Many Requests), retrying in 1032ms...",cloudflare-workers,2026-03-10T07:15:54.641Z,false,"0,15,30,45 * * * *",1773126951000,job-hunter-bot,exceededCpu,cron,a7fd90f8-dd89-49cd-a89f-9d1613cd7b9c,stateless,IH6CWKFQJRU4UBXT,01KKB9MCNRGTMBTJJSJFQ8TTJ6,IH6CWKFQJRU4UBXT,"0,15,30,45 * * * *",job-hunter-bot,"[WARN] [Retry] Attempt 2/4 failed (Queue sendBatch failed: Too Many Requests), retrying in 1032ms...",346e138aae29f6b381c1ebae50734856,cf-worker,9652c0eabd8fbe010167fd7787852081,cron,"[WARN] [Retry] Attempt <*>/4 failed (Queue sendBatch failed: Too Many Requests), retrying in <*>...",undefined,undefined,undefined,[]
"[WARN] [Retry] Attempt 1/4 failed (Queue sendBatch failed: Too Many Requests), retrying in 588ms...",cloudflare-workers,2026-03-10T07:15:54.047Z,false,"0,15,30,45 * * * *",1773126951000,job-hunter-bot,exceededCpu,cron,a7fd90f8-dd89-49cd-a89f-9d1613cd7b9c,stateless,IH6CWKFQJRU4UBXT,01KKB9MCNRGTMBTJJSJFQ8TTJ5,IH6CWKFQJRU4UBXT,"0,15,30,45 * * * *",job-hunter-bot,"[WARN] [Retry] Attempt 1/4 failed (Queue sendBatch failed: Too Many Requests), retrying in 588ms...",346e138aae29f6b381c1ebae50734856,cf-worker,9652c0eabd8fbe010167fd7787852081,cron,"[WARN] [Retry] Attempt <*>/4 failed (Queue sendBatch failed: Too Many Requests), retrying in <*>...",undefined,undefined,undefined,[]
[INFO] [Producer] Broadcasting 179 sources to FEED_QUEUE...,cloudflare-workers,2026-03-10T07:15:54.038Z,false,"0,15,30,45 * * * *",1773126951000,job-hunter-bot,exceededCpu,cron,a7fd90f8-dd89-49cd-a89f-9d1613cd7b9c,stateless,IH6CWKFQJRU4UBXT,01KKB9MCNRGTMBTJJSJFQ8TTJ4,IH6CWKFQJRU4UBXT,"0,15,30,45 * * * *",job-hunter-bot,[INFO] [Producer] Broadcasting 179 sources to FEED_QUEUE...,346e138aae29f6b381c1ebae50734856,cf-worker,9652c0eabd8fbe010167fd7787852081,cron,[INFO] [Producer] Broadcasting 179 sources to FEED_QUEUE...,undefined,undefined,undefined,[]
[INFO] [Producer] Intelligence: 179 sources selected (87 config + 92 registry),cloudflare-workers,2026-03-10T07:15:54.038Z,false,"0,15,30,45 * * * *",1773126951000,job-hunter-bot,exceededCpu,cron,a7fd90f8-dd89-49cd-a89f-9d1613cd7b9c,stateless,IH6CWKFQJRU4UBXT,01KKB9MCNRGTMBTJJSJFQ8TTJ3,IH6CWKFQJRU4UBXT,"0,15,30,45 * * * *",job-hunter-bot,[INFO] [Producer] Intelligence: 179 sources selected (87 config + 92 registry),346e138aae29f6b381c1ebae50734856,cf-worker,9652c0eabd8fbe010167fd7787852081,cron,[INFO] [Producer] Intelligence: 179 sources selected (87 config + 92 registry),undefined,undefined,undefined,[]
[INFO] [Producer] Cron cycle #834 fired.,cloudflare-workers,2026-03-10T07:15:52.784Z,false,"0,15,30,45 * * * *",1773126951000,job-hunter-bot,exceededCpu,cron,a7fd90f8-dd89-49cd-a89f-9d1613cd7b9c,stateless,IH6CWKFQJRU4UBXT,01KKB9MCNRGTMBTJJSJFQ8TTJ2,IH6CWKFQJRU4UBXT,"0,15,30,45 * * * *",job-hunter-bot,[INFO] [Producer] Cron cycle #834 fired.,346e138aae29f6b381c1ebae50734856,cf-worker,9652c0eabd8fbe010167fd7787852081,cron,[INFO] [Producer] Cron cycle #834 fired.,undefined,undefined,undefined,[]
[INFO] [Fetcher] Harvest complete. Inserted 0 new jobs (0 dupes filtered).,cloudflare-workers,2026-03-10T07:01:04.649Z,false,"0,15,30,45 * * * *",1773126051000,job-hunter-bot,exceededCpu,cron,a7fd90f8-dd89-49cd-a89f-9d1613cd7b9c,stateless,TT1D8X1AYY425NOU,01KKB8S6G9214NJJ79MHVAGM7C,TT1D8X1AYY425NOU,"0,15,30,45 * * * *",job-hunter-bot,[INFO] [Fetcher] Harvest complete. Inserted 0 new jobs (0 dupes filtered).,346e138aae29f6b381c1ebae50734856,cf-worker,9652c0eabd8fbe010167fd7787852081,cron,[INFO] [Fetcher] Harvest complete. Inserted 0 new jobs (0 dupes filtered).,undefined,undefined,undefined,[]