source.level,source.message,dataset,timestamp,$workers.truncated,$workers.event.cron,$workers.event.scheduledTime,$workers.scriptName,$workers.outcome,$workers.eventType,$workers.scriptVersion.id,$workers.executionModel,$workers.requestId,$metadata.id,$metadata.requestId,$metadata.trigger,$metadata.service,$metadata.level,$metadata.error,$metadata.message,$metadata.account,$metadata.type,$metadata.fingerprint,$metadata.origin,$metadata.messageTemplate,$metadata.startTime,$metadata.endTime,$metadata.now,links
error,[ERROR] [Producer] FEED_QUEUE failed completely. Dropping 12 sources to avoid exceededCpu. Will retry next cycle.,cloudflare-workers,2026-03-17T18:25:51.060Z,false,"10,25,40,55 * * * *",1773771947000,job-hunter-bot,ok,cron,bf4a61a0-ee48-4507-88d6-944deccb04d3,stateless,ROF2DZR36RFY6GBA,01KKYGR2YMS8KCCDHRQRW4FT2P,ROF2DZR36RFY6GBA,"10,25,40,55 * * * *",job-hunter-bot,error,[ERROR] [Producer] FEED_QUEUE failed completely. Dropping 12 sources to avoid exceededCpu. Will retry next cycle.,[ERROR] [Producer] FEED_QUEUE failed completely. Dropping 12 sources to avoid exceededCpu. Will retry next cycle.,346e138aae29f6b381c1ebae50734856,cf-worker,db2f4d94b13c097f107e6ce964f9dbd0,cron,[ERROR] [Producer] FEED_QUEUE failed completely. Dropping 12 sources to avoid exceededCpu. Will retry next cycle.,undefined,undefined,undefined,[]
error,[ERROR] [Producer] Queue send failed after retries: Queue sendBatch failed: Too Many Requests. Falling back to DIRECT processing.,cloudflare-workers,2026-03-17T18:25:51.060Z,false,"10,25,40,55 * * * *",1773771947000,job-hunter-bot,ok,cron,bf4a61a0-ee48-4507-88d6-944deccb04d3,stateless,ROF2DZR36RFY6GBA,01KKYGR2YMS8KCCDHRQRW4FT2N,ROF2DZR36RFY6GBA,"10,25,40,55 * * * *",job-hunter-bot,error,[ERROR] [Producer] Queue send failed after retries: Queue sendBatch failed: Too Many Requests. Falling back to DIRECT processing.,[ERROR] [Producer] Queue send failed after retries: Queue sendBatch failed: Too Many Requests. Falling back to DIRECT processing.,346e138aae29f6b381c1ebae50734856,cf-worker,a182c642af561a79ea097003474c6a2a,cron,[ERROR] [Producer] Queue send failed after retries: Queue sendBatch failed: Too Many Requests. Falling back to DIRECT processing.,undefined,undefined,undefined,[]
error,[ERROR] [Producer] FEED_QUEUE failed completely. Dropping 14 sources to avoid exceededCpu. Will retry next cycle.,cloudflare-workers,2026-03-17T18:20:50.929Z,false,"5,20,35,50 * * * *",1773771647000,job-hunter-bot,ok,cron,bf4a61a0-ee48-4507-88d6-944deccb04d3,stateless,SKW5MYBCFCAAQVW1,01KKYGEYF76ZSAVQJEKT34VABX,SKW5MYBCFCAAQVW1,"5,20,35,50 * * * *",job-hunter-bot,error,[ERROR] [Producer] FEED_QUEUE failed completely. Dropping 14 sources to avoid exceededCpu. Will retry next cycle.,[ERROR] [Producer] FEED_QUEUE failed completely. Dropping 14 sources to avoid exceededCpu. Will retry next cycle.,346e138aae29f6b381c1ebae50734856,cf-worker,5d5f238a77d31219761bdec5211a9fd6,cron,[ERROR] [Producer] FEED_QUEUE failed completely. Dropping 14 sources to avoid exceededCpu. Will retry next cycle.,undefined,undefined,undefined,[]
error,[ERROR] [Producer] Queue send failed after retries: Queue sendBatch failed: Too Many Requests. Falling back to DIRECT processing.,cloudflare-workers,2026-03-17T18:20:50.929Z,false,"5,20,35,50 * * * *",1773771647000,job-hunter-bot,ok,cron,bf4a61a0-ee48-4507-88d6-944deccb04d3,stateless,SKW5MYBCFCAAQVW1,01KKYGEYF76ZSAVQJEKT34VABW,SKW5MYBCFCAAQVW1,"5,20,35,50 * * * *",job-hunter-bot,error,[ERROR] [Producer] Queue send failed after retries: Queue sendBatch failed: Too Many Requests. Falling back to DIRECT processing.,[ERROR] [Producer] Queue send failed after retries: Queue sendBatch failed: Too Many Requests. Falling back to DIRECT processing.,346e138aae29f6b381c1ebae50734856,cf-worker,a182c642af561a79ea097003474c6a2a,cron,[ERROR] [Producer] Queue send failed after retries: Queue sendBatch failed: Too Many Requests. Falling back to DIRECT processing.,undefined,undefined,undefined,[]
error,[ERROR] [Producer] FEED_QUEUE failed completely. Dropping 14 sources to avoid exceededCpu. Will retry next cycle.,cloudflare-workers,2026-03-17T18:15:50.694Z,false,"0,15,30,45 * * * *",1773771347000,job-hunter-bot,ok,cron,bf4a61a0-ee48-4507-88d6-944deccb04d3,stateless,0G0VDZD70THRMMN8,01KKYG5RN6W7Z0XDA44JVSRKHH,0G0VDZD70THRMMN8,"0,15,30,45 * * * *",job-hunter-bot,error,[ERROR] [Producer] FEED_QUEUE failed completely. Dropping 14 sources to avoid exceededCpu. Will retry next cycle.,[ERROR] [Producer] FEED_QUEUE failed completely. Dropping 14 sources to avoid exceededCpu. Will retry next cycle.,346e138aae29f6b381c1ebae50734856,cf-worker,5d5f238a77d31219761bdec5211a9fd6,cron,[ERROR] [Producer] FEED_QUEUE failed completely. Dropping 14 sources to avoid exceededCpu. Will retry next cycle.,undefined,undefined,undefined,[]
error,[ERROR] [Producer] Queue send failed after retries: Queue sendBatch failed: Too Many Requests. Falling back to DIRECT processing.,cloudflare-workers,2026-03-17T18:15:50.694Z,false,"0,15,30,45 * * * *",1773771347000,job-hunter-bot,ok,cron,bf4a61a0-ee48-4507-88d6-944deccb04d3,stateless,0G0VDZD70THRMMN8,01KKYG5RN6W7Z0XDA44JVSRKHG,0G0VDZD70THRMMN8,"0,15,30,45 * * * *",job-hunter-bot,error,[ERROR] [Producer] Queue send failed after retries: Queue sendBatch failed: Too Many Requests. Falling back to DIRECT processing.,[ERROR] [Producer] Queue send failed after retries: Queue sendBatch failed: Too Many Requests. Falling back to DIRECT processing.,346e138aae29f6b381c1ebae50734856,cf-worker,a182c642af561a79ea097003474c6a2a,cron,[ERROR] [Producer] Queue send failed after retries: Queue sendBatch failed: Too Many Requests. Falling back to DIRECT processing.,undefined,undefined,undefined,[]
error,[ERROR] [Producer] FEED_QUEUE failed completely. Dropping 12 sources to avoid exceededCpu. Will retry next cycle.,cloudflare-workers,2026-03-17T18:10:51.430Z,false,"10,25,40,55 * * * *",1773771047000,job-hunter-bot,ok,cron,bf4a61a0-ee48-4507-88d6-944deccb04d3,stateless,GV03XJ8JPSHVB4D3,01KKYFWMW3G0B3RC28MR4M2WZ0,GV03XJ8JPSHVB4D3,"10,25,40,55 * * * *",job-hunter-bot,error,[ERROR] [Producer] FEED_QUEUE failed completely. Dropping 12 sources to avoid exceededCpu. Will retry next cycle.,[ERROR] [Producer] FEED_QUEUE failed completely. Dropping 12 sources to avoid exceededCpu. Will retry next cycle.,346e138aae29f6b381c1ebae50734856,cf-worker,db2f4d94b13c097f107e6ce964f9dbd0,cron,[ERROR] [Producer] FEED_QUEUE failed completely. Dropping 12 sources to avoid exceededCpu. Will retry next cycle.,undefined,undefined,undefined,[]
error,[ERROR] [Producer] Queue send failed after retries: Queue sendBatch failed: Too Many Requests. Falling back to DIRECT processing.,cloudflare-workers,2026-03-17T18:10:51.430Z,false,"10,25,40,55 * * * *",1773771047000,job-hunter-bot,ok,cron,bf4a61a0-ee48-4507-88d6-944deccb04d3,stateless,GV03XJ8JPSHVB4D3,01KKYFWMW3G0B3RC28MR4M2WYZ,GV03XJ8JPSHVB4D3,"10,25,40,55 * * * *",job-hunter-bot,error,[ERROR] [Producer] Queue send failed after retries: Queue sendBatch failed: Too Many Requests. Falling back to DIRECT processing.,[ERROR] [Producer] Queue send failed after retries: Queue sendBatch failed: Too Many Requests. Falling back to DIRECT processing.,346e138aae29f6b381c1ebae50734856,cf-worker,a182c642af561a79ea097003474c6a2a,cron,[ERROR] [Producer] Queue send failed after retries: Queue sendBatch failed: Too Many Requests. Falling back to DIRECT processing.,undefined,undefined,undefined,[]
error,[ERROR] [Producer] FEED_QUEUE failed completely. Dropping 14 sources to avoid exceededCpu. Will retry next cycle.,cloudflare-workers,2026-03-17T18:05:51.227Z,false,"5,20,35,50 * * * *",1773770747000,job-hunter-bot,ok,cron,bf4a61a0-ee48-4507-88d6-944deccb04d3,stateless,SSZR4EOOA5TTNWHR,01KKYFKF7V5XM975FKJCMDZR1K,SSZR4EOOA5TTNWHR,"5,20,35,50 * * * *",job-hunter-bot,error,[ERROR] [Producer] FEED_QUEUE failed completely. Dropping 14 sources to avoid exceededCpu. Will retry next cycle.,[ERROR] [Producer] FEED_QUEUE failed completely. Dropping 14 sources to avoid exceededCpu. Will retry next cycle.,346e138aae29f6b381c1ebae50734856,cf-worker,5d5f238a77d31219761bdec5211a9fd6,cron,[ERROR] [Producer] FEED_QUEUE failed completely. Dropping 14 sources to avoid exceededCpu. Will retry next cycle.,undefined,undefined,undefined,[]
error,[ERROR] [Producer] Queue send failed after retries: Queue sendBatch failed: Too Many Requests. Falling back to DIRECT processing.,cloudflare-workers,2026-03-17T18:05:51.227Z,false,"5,20,35,50 * * * *",1773770747000,job-hunter-bot,ok,cron,bf4a61a0-ee48-4507-88d6-944deccb04d3,stateless,SSZR4EOOA5TTNWHR,01KKYFKF7V5XM975FKJCMDZR1J,SSZR4EOOA5TTNWHR,"5,20,35,50 * * * *",job-hunter-bot,error,[ERROR] [Producer] Queue send failed after retries: Queue sendBatch failed: Too Many Requests. Falling back to DIRECT processing.,[ERROR] [Producer] Queue send failed after retries: Queue sendBatch failed: Too Many Requests. Falling back to DIRECT processing.,346e138aae29f6b381c1ebae50734856,cf-worker,a182c642af561a79ea097003474c6a2a,cron,[ERROR] [Producer] Queue send failed after retries: Queue sendBatch failed: Too Many Requests. Falling back to DIRECT processing.,undefined,undefined,undefined,[]
error,[ERROR] [Producer] FEED_QUEUE failed completely. Dropping 14 sources to avoid exceededCpu. Will retry next cycle.,cloudflare-workers,2026-03-17T18:00:51.494Z,false,"0,15,30,45 * * * *",1773770447000,job-hunter-bot,ok,cron,bf4a61a0-ee48-4507-88d6-944deccb04d3,stateless,5B9YCETYDT1HNIFQ,01KKYFAB493YSBPS8X9ZYPHBKZ,5B9YCETYDT1HNIFQ,"0,15,30,45 * * * *",job-hunter-bot,error,[ERROR] [Producer] FEED_QUEUE failed completely. Dropping 14 sources to avoid exceededCpu. Will retry next cycle.,[ERROR] [Producer] FEED_QUEUE failed completely. Dropping 14 sources to avoid exceededCpu. Will retry next cycle.,346e138aae29f6b381c1ebae50734856,cf-worker,5d5f238a77d31219761bdec5211a9fd6,cron,[ERROR] [Producer] FEED_QUEUE failed completely. Dropping 14 sources to avoid exceededCpu. Will retry next cycle.,undefined,undefined,undefined,[]
error,[ERROR] [Producer] Queue send failed after retries: Queue sendBatch failed: Too Many Requests. Falling back to DIRECT processing.,cloudflare-workers,2026-03-17T18:00:51.494Z,false,"0,15,30,45 * * * *",1773770447000,job-hunter-bot,ok,cron,bf4a61a0-ee48-4507-88d6-944deccb04d3,stateless,5B9YCETYDT1HNIFQ,01KKYFAB493YSBPS8X9ZYPHBKY,5B9YCETYDT1HNIFQ,"0,15,30,45 * * * *",job-hunter-bot,error,[ERROR] [Producer] Queue send failed after retries: Queue sendBatch failed: Too Many Requests. Falling back to DIRECT processing.,[ERROR] [Producer] Queue send failed after retries: Queue sendBatch failed: Too Many Requests. Falling back to DIRECT processing.,346e138aae29f6b381c1ebae50734856,cf-worker,a182c642af561a79ea097003474c6a2a,cron,[ERROR] [Producer] Queue send failed after retries: Queue sendBatch failed: Too Many Requests. Falling back to DIRECT processing.,undefined,undefined,undefined,[]
error,[ERROR] [Producer] FEED_QUEUE failed completely. Dropping 12 sources to avoid exceededCpu. Will retry next cycle.,cloudflare-workers,2026-03-17T17:55:50.981Z,false,"10,25,40,55 * * * *",1773770147000,job-hunter-bot,ok,cron,bf4a61a0-ee48-4507-88d6-944deccb04d3,stateless,YFI03QSBIRWJTJDU,01KKYF1525YBZZ9ZFR1JV5JQ6E,YFI03QSBIRWJTJDU,"10,25,40,55 * * * *",job-hunter-bot,error,[ERROR] [Producer] FEED_QUEUE failed completely. Dropping 12 sources to avoid exceededCpu. Will retry next cycle.,[ERROR] [Producer] FEED_QUEUE failed completely. Dropping 12 sources to avoid exceededCpu. Will retry next cycle.,346e138aae29f6b381c1ebae50734856,cf-worker,db2f4d94b13c097f107e6ce964f9dbd0,cron,[ERROR] [Producer] FEED_QUEUE failed completely. Dropping 12 sources to avoid exceededCpu. Will retry next cycle.,undefined,undefined,undefined,[]
error,[ERROR] [Producer] Queue send failed after retries: Queue sendBatch failed: Too Many Requests. Falling back to DIRECT processing.,cloudflare-workers,2026-03-17T17:55:50.981Z,false,"10,25,40,55 * * * *",1773770147000,job-hunter-bot,ok,cron,bf4a61a0-ee48-4507-88d6-944deccb04d3,stateless,YFI03QSBIRWJTJDU,01KKYF1525YBZZ9ZFR1JV5JQ6D,YFI03QSBIRWJTJDU,"10,25,40,55 * * * *",job-hunter-bot,error,[ERROR] [Producer] Queue send failed after retries: Queue sendBatch failed: Too Many Requests. Falling back to DIRECT processing.,[ERROR] [Producer] Queue send failed after retries: Queue sendBatch failed: Too Many Requests. Falling back to DIRECT processing.,346e138aae29f6b381c1ebae50734856,cf-worker,a182c642af561a79ea097003474c6a2a,cron,[ERROR] [Producer] Queue send failed after retries: Queue sendBatch failed: Too Many Requests. Falling back to DIRECT processing.,undefined,undefined,undefined,[]
error,[ERROR] [Producer] FEED_QUEUE failed completely. Dropping 14 sources to avoid exceededCpu. Will retry next cycle.,cloudflare-workers,2026-03-17T17:50:50.807Z,false,"5,20,35,50 * * * *",1773769847000,job-hunter-bot,ok,cron,bf4a61a0-ee48-4507-88d6-944deccb04d3,stateless,URAPRSNK2E8DPX1G,01KKYERENCARJFXWDKFG9A6D6A,URAPRSNK2E8DPX1G,"5,20,35,50 * * * *",job-hunter-bot,error,[ERROR] [Producer] FEED_QUEUE failed completely. Dropping 14 sources to avoid exceededCpu. Will retry next cycle.,[ERROR] [Producer] FEED_QUEUE failed completely. Dropping 14 sources to avoid exceededCpu. Will retry next cycle.,346e138aae29f6b381c1ebae50734856,cf-worker,5d5f238a77d31219761bdec5211a9fd6,cron,[ERROR] [Producer] FEED_QUEUE failed completely. Dropping 14 sources to avoid exceededCpu. Will retry next cycle.,undefined,undefined,undefined,[]
error,[ERROR] [Producer] Queue send failed after retries: Queue sendBatch failed: Too Many Requests. Falling back to DIRECT processing.,cloudflare-workers,2026-03-17T17:50:50.807Z,false,"5,20,35,50 * * * *",1773769847000,job-hunter-bot,ok,cron,bf4a61a0-ee48-4507-88d6-944deccb04d3,stateless,URAPRSNK2E8DPX1G,01KKYERENCARJFXWDKFG9A6D69,URAPRSNK2E8DPX1G,"5,20,35,50 * * * *",job-hunter-bot,error,[ERROR] [Producer] Queue send failed after retries: Queue sendBatch failed: Too Many Requests. Falling back to DIRECT processing.,[ERROR] [Producer] Queue send failed after retries: Queue sendBatch failed: Too Many Requests. Falling back to DIRECT processing.,346e138aae29f6b381c1ebae50734856,cf-worker,a182c642af561a79ea097003474c6a2a,cron,[ERROR] [Producer] Queue send failed after retries: Queue sendBatch failed: Too Many Requests. Falling back to DIRECT processing.,undefined,undefined,undefined,[]
error,[ERROR] [Producer] FEED_QUEUE failed completely. Dropping 14 sources to avoid exceededCpu. Will retry next cycle.,cloudflare-workers,2026-03-17T17:45:51.039Z,false,"0,15,30,45 * * * *",1773769547000,job-hunter-bot,ok,cron,bf4a61a0-ee48-4507-88d6-944deccb04d3,stateless,SN1PAYU6RTPGNFK9,01KKYEEV5ZSYCQ7Z9VYB78CRSG,SN1PAYU6RTPGNFK9,"0,15,30,45 * * * *",job-hunter-bot,error,[ERROR] [Producer] FEED_QUEUE failed completely. Dropping 14 sources to avoid exceededCpu. Will retry next cycle.,[ERROR] [Producer] FEED_QUEUE failed completely. Dropping 14 sources to avoid exceededCpu. Will retry next cycle.,346e138aae29f6b381c1ebae50734856,cf-worker,5d5f238a77d31219761bdec5211a9fd6,cron,[ERROR] [Producer] FEED_QUEUE failed completely. Dropping 14 sources to avoid exceededCpu. Will retry next cycle.,undefined,undefined,undefined,[]
error,[ERROR] [Producer] Queue send failed after retries: Queue sendBatch failed: Too Many Requests. Falling back to DIRECT processing.,cloudflare-workers,2026-03-17T17:45:51.039Z,false,"0,15,30,45 * * * *",1773769547000,job-hunter-bot,ok,cron,bf4a61a0-ee48-4507-88d6-944deccb04d3,stateless,SN1PAYU6RTPGNFK9,01KKYEEV5ZSYCQ7Z9VYB78CRSF,SN1PAYU6RTPGNFK9,"0,15,30,45 * * * *",job-hunter-bot,error,[ERROR] [Producer] Queue send failed after retries: Queue sendBatch failed: Too Many Requests. Falling back to DIRECT processing.,[ERROR] [Producer] Queue send failed after retries: Queue sendBatch failed: Too Many Requests. Falling back to DIRECT processing.,346e138aae29f6b381c1ebae50734856,cf-worker,a182c642af561a79ea097003474c6a2a,cron,[ERROR] [Producer] Queue send failed after retries: Queue sendBatch failed: Too Many Requests. Falling back to DIRECT processing.,undefined,undefined,undefined,[]
error,[ERROR] [Producer] FEED_QUEUE failed completely. Dropping 12 sources to avoid exceededCpu. Will retry next cycle.,cloudflare-workers,2026-03-17T17:40:51.146Z,false,"10,25,40,55 * * * *",1773769247000,job-hunter-bot,ok,cron,bf4a61a0-ee48-4507-88d6-944deccb04d3,stateless,GSCSRCXVBMQZEP9G,01KKYE5Q1XQD7Y6ZTR640V7FBW,GSCSRCXVBMQZEP9G,"10,25,40,55 * * * *",job-hunter-bot,error,[ERROR] [Producer] FEED_QUEUE failed completely. Dropping 12 sources to avoid exceededCpu. Will retry next cycle.,[ERROR] [Producer] FEED_QUEUE failed completely. Dropping 12 sources to avoid exceededCpu. Will retry next cycle.,346e138aae29f6b381c1ebae50734856,cf-worker,db2f4d94b13c097f107e6ce964f9dbd0,cron,[ERROR] [Producer] FEED_QUEUE failed completely. Dropping 12 sources to avoid exceededCpu. Will retry next cycle.,undefined,undefined,undefined,[]
error,[ERROR] [Producer] Queue send failed after retries: Queue sendBatch failed: Too Many Requests. Falling back to DIRECT processing.,cloudflare-workers,2026-03-17T17:40:51.146Z,false,"10,25,40,55 * * * *",1773769247000,job-hunter-bot,ok,cron,bf4a61a0-ee48-4507-88d6-944deccb04d3,stateless,GSCSRCXVBMQZEP9G,01KKYE5Q1XQD7Y6ZTR640V7FBV,GSCSRCXVBMQZEP9G,"10,25,40,55 * * * *",job-hunter-bot,error,[ERROR] [Producer] Queue send failed after retries: Queue sendBatch failed: Too Many Requests. Falling back to DIRECT processing.,[ERROR] [Producer] Queue send failed after retries: Queue sendBatch failed: Too Many Requests. Falling back to DIRECT processing.,346e138aae29f6b381c1ebae50734856,cf-worker,a182c642af561a79ea097003474c6a2a,cron,[ERROR] [Producer] Queue send failed after retries: Queue sendBatch failed: Too Many Requests. Falling back to DIRECT processing.,undefined,undefined,undefined,[]
error,[ERROR] [Producer] FEED_QUEUE failed completely. Dropping 14 sources to avoid exceededCpu. Will retry next cycle.,cloudflare-workers,2026-03-17T17:35:50.826Z,false,"5,20,35,50 * * * *",1773768947000,job-hunter-bot,ok,cron,bf4a61a0-ee48-4507-88d6-944deccb04d3,stateless,P6Q1W4TQW1NC9NHC,01KKYDWH1A5QVQ1W2EPPZ1H31X,P6Q1W4TQW1NC9NHC,"5,20,35,50 * * * *",job-hunter-bot,error,[ERROR] [Producer] FEED_QUEUE failed completely. Dropping 14 sources to avoid exceededCpu. Will retry next cycle.,[ERROR] [Producer] FEED_QUEUE failed completely. Dropping 14 sources to avoid exceededCpu. Will retry next cycle.,346e138aae29f6b381c1ebae50734856,cf-worker,5d5f238a77d31219761bdec5211a9fd6,cron,[ERROR] [Producer] FEED_QUEUE failed completely. Dropping 14 sources to avoid exceededCpu. Will retry next cycle.,undefined,undefined,undefined,[]
error,[ERROR] [Producer] Queue send failed after retries: Queue sendBatch failed: Too Many Requests. Falling back to DIRECT processing.,cloudflare-workers,2026-03-17T17:35:50.826Z,false,"5,20,35,50 * * * *",1773768947000,job-hunter-bot,ok,cron,bf4a61a0-ee48-4507-88d6-944deccb04d3,stateless,P6Q1W4TQW1NC9NHC,01KKYDWH1A5QVQ1W2EPPZ1H31W,P6Q1W4TQW1NC9NHC,"5,20,35,50 * * * *",job-hunter-bot,error,[ERROR] [Producer] Queue send failed after retries: Queue sendBatch failed: Too Many Requests. Falling back to DIRECT processing.,[ERROR] [Producer] Queue send failed after retries: Queue sendBatch failed: Too Many Requests. Falling back to DIRECT processing.,346e138aae29f6b381c1ebae50734856,cf-worker,a182c642af561a79ea097003474c6a2a,cron,[ERROR] [Producer] Queue send failed after retries: Queue sendBatch failed: Too Many Requests. Falling back to DIRECT processing.,undefined,undefined,undefined,[]
error,[ERROR] [Producer] FEED_QUEUE failed completely. Dropping 14 sources to avoid exceededCpu. Will retry next cycle.,cloudflare-workers,2026-03-17T17:30:51.237Z,false,"0,15,30,45 * * * *",1773768647000,job-hunter-bot,ok,cron,bf4a61a0-ee48-4507-88d6-944deccb04d3,stateless,NTNGQ01FPB6GNL7T,01KKYDKDWZ26SCH57ZCE19QX3P,NTNGQ01FPB6GNL7T,"0,15,30,45 * * * *",job-hunter-bot,error,[ERROR] [Producer] FEED_QUEUE failed completely. Dropping 14 sources to avoid exceededCpu. Will retry next cycle.,[ERROR] [Producer] FEED_QUEUE failed completely. Dropping 14 sources to avoid exceededCpu. Will retry next cycle.,346e138aae29f6b381c1ebae50734856,cf-worker,5d5f238a77d31219761bdec5211a9fd6,cron,[ERROR] [Producer] FEED_QUEUE failed completely. Dropping 14 sources to avoid exceededCpu. Will retry next cycle.,undefined,undefined,undefined,[]
error,[ERROR] [Producer] Queue send failed after retries: Queue sendBatch failed: Too Many Requests. Falling back to DIRECT processing.,cloudflare-workers,2026-03-17T17:30:51.237Z,false,"0,15,30,45 * * * *",1773768647000,job-hunter-bot,ok,cron,bf4a61a0-ee48-4507-88d6-944deccb04d3,stateless,NTNGQ01FPB6GNL7T,01KKYDKDWZ26SCH57ZCE19QX3N,NTNGQ01FPB6GNL7T,"0,15,30,45 * * * *",job-hunter-bot,error,[ERROR] [Producer] Queue send failed after retries: Queue sendBatch failed: Too Many Requests. Falling back to DIRECT processing.,[ERROR] [Producer] Queue send failed after retries: Queue sendBatch failed: Too Many Requests. Falling back to DIRECT processing.,346e138aae29f6b381c1ebae50734856,cf-worker,a182c642af561a79ea097003474c6a2a,cron,[ERROR] [Producer] Queue send failed after retries: Queue sendBatch failed: Too Many Requests. Falling back to DIRECT processing.,undefined,undefined,undefined,[]
error,[ERROR] [Producer] FEED_QUEUE failed completely. Dropping 12 sources to avoid exceededCpu. Will retry next cycle.,cloudflare-workers,2026-03-17T17:25:51.053Z,false,"10,25,40,55 * * * *",1773768347000,job-hunter-bot,ok,cron,bf4a61a0-ee48-4507-88d6-944deccb04d3,stateless,W73VKWSJB35XJKHE,01KKYDA7ADEPQYQJ1S06675RA7,W73VKWSJB35XJKHE,"10,25,40,55 * * * *",job-hunter-bot,error,[ERROR] [Producer] FEED_QUEUE failed completely. Dropping 12 sources to avoid exceededCpu. Will retry next cycle.,[ERROR] [Producer] FEED_QUEUE failed completely. Dropping 12 sources to avoid exceededCpu. Will retry next cycle.,346e138aae29f6b381c1ebae50734856,cf-worker,98b1a8941c7fae291cce0cd8671789ec,cron,,undefined,undefined,undefined,[]
error,[ERROR] [Producer] Queue send failed after retries: Queue sendBatch failed: Too Many Requests. Falling back to DIRECT processing.,cloudflare-workers,2026-03-17T17:25:51.053Z,false,"10,25,40,55 * * * *",1773768347000,job-hunter-bot,ok,cron,bf4a61a0-ee48-4507-88d6-944deccb04d3,stateless,W73VKWSJB35XJKHE,01KKYDA7ADEPQYQJ1S06675RA6,W73VKWSJB35XJKHE,"10,25,40,55 * * * *",job-hunter-bot,error,[ERROR] [Producer] Queue send failed after retries: Queue sendBatch failed: Too Many Requests. Falling back to DIRECT processing.,[ERROR] [Producer] Queue send failed after retries: Queue sendBatch failed: Too Many Requests. Falling back to DIRECT processing.,346e138aae29f6b381c1ebae50734856,cf-worker,a182c642af561a79ea097003474c6a2a,cron,,undefined,undefined,undefined,[]
error,[ERROR] [Producer] Queue send failed after retries: Queue sendBatch failed: Too Many Requests. Falling back to DIRECT processing.,cloudflare-workers,2026-03-17T17:20:51.312Z,false,"5,20,35,50 * * * *",1773768047000,job-hunter-bot,ok,cron,bf4a61a0-ee48-4507-88d6-944deccb04d3,stateless,FCN7CGS8PDK47TRK,01KKYD12Z72PMBZXX1339JK2CQ,FCN7CGS8PDK47TRK,"5,20,35,50 * * * *",job-hunter-bot,error,[ERROR] [Producer] Queue send failed after retries: Queue sendBatch failed: Too Many Requests. Falling back to DIRECT processing.,[ERROR] [Producer] Queue send failed after retries: Queue sendBatch failed: Too Many Requests. Falling back to DIRECT processing.,346e138aae29f6b381c1ebae50734856,cf-worker,a182c642af561a79ea097003474c6a2a,cron,[ERROR] [Producer] Queue send failed after retries: Queue sendBatch failed: Too Many Requests. Falling back to DIRECT processing.,undefined,undefined,undefined,[]
error,[ERROR] [Producer] FEED_QUEUE failed completely. Dropping 12 sources to avoid exceededCpu. Will retry next cycle.,cloudflare-workers,2026-03-17T17:10:51.110Z,false,"10,25,40,55 * * * *",1773767447000,job-hunter-bot,ok,cron,bf4a61a0-ee48-4507-88d6-944deccb04d3,stateless,1LNU9CM2R6UFVW5B,01KKYCES3ZPACEKQWGM22EVPAV,1LNU9CM2R6UFVW5B,"10,25,40,55 * * * *",job-hunter-bot,error,[ERROR] [Producer] FEED_QUEUE failed completely. Dropping 12 sources to avoid exceededCpu. Will retry next cycle.,[ERROR] [Producer] FEED_QUEUE failed completely. Dropping 12 sources to avoid exceededCpu. Will retry next cycle.,346e138aae29f6b381c1ebae50734856,cf-worker,db2f4d94b13c097f107e6ce964f9dbd0,cron,[ERROR] [Producer] FEED_QUEUE failed completely. Dropping 12 sources to avoid exceededCpu. Will retry next cycle.,undefined,undefined,undefined,[]
error,[ERROR] [Producer] Queue send failed after retries: Queue sendBatch failed: Too Many Requests. Falling back to DIRECT processing.,cloudflare-workers,2026-03-17T17:10:51.110Z,false,"10,25,40,55 * * * *",1773767447000,job-hunter-bot,ok,cron,bf4a61a0-ee48-4507-88d6-944deccb04d3,stateless,1LNU9CM2R6UFVW5B,01KKYCES3ZPACEKQWGM22EVPAT,1LNU9CM2R6UFVW5B,"10,25,40,55 * * * *",job-hunter-bot,error,[ERROR] [Producer] Queue send failed after retries: Queue sendBatch failed: Too Many Requests. Falling back to DIRECT processing.,[ERROR] [Producer] Queue send failed after retries: Queue sendBatch failed: Too Many Requests. Falling back to DIRECT processing.,346e138aae29f6b381c1ebae50734856,cf-worker,a182c642af561a79ea097003474c6a2a,cron,[ERROR] [Producer] Queue send failed after retries: Queue sendBatch failed: Too Many Requests. Falling back to DIRECT processing.,undefined,undefined,undefined,[]
error,[ERROR] [Producer] FEED_QUEUE failed completely. Dropping 14 sources to avoid exceededCpu. Will retry next cycle.,cloudflare-workers,2026-03-17T17:05:50.765Z,false,"5,20,35,50 * * * *",1773767147000,job-hunter-bot,ok,cron,bf4a61a0-ee48-4507-88d6-944deccb04d3,stateless,OSPQ0RAXURXU8DT5,01KKYC5K5D7FE6CSHAB5QTDNB7,OSPQ0RAXURXU8DT5,"5,20,35,50 * * * *",job-hunter-bot,error,[ERROR] [Producer] FEED_QUEUE failed completely. Dropping 14 sources to avoid exceededCpu. Will retry next cycle.,[ERROR] [Producer] FEED_QUEUE failed completely. Dropping 14 sources to avoid exceededCpu. Will retry next cycle.,346e138aae29f6b381c1ebae50734856,cf-worker,5d5f238a77d31219761bdec5211a9fd6,cron,[ERROR] [Producer] FEED_QUEUE failed completely. Dropping 14 sources to avoid exceededCpu. Will retry next cycle.,undefined,undefined,undefined,[]
error,[ERROR] [Producer] Queue send failed after retries: Queue sendBatch failed: Too Many Requests. Falling back to DIRECT processing.,cloudflare-workers,2026-03-17T17:05:50.765Z,false,"5,20,35,50 * * * *",1773767147000,job-hunter-bot,ok,cron,bf4a61a0-ee48-4507-88d6-944deccb04d3,stateless,OSPQ0RAXURXU8DT5,01KKYC5K5D7FE6CSHAB5QTDNB6,OSPQ0RAXURXU8DT5,"5,20,35,50 * * * *",job-hunter-bot,error,[ERROR] [Producer] Queue send failed after retries: Queue sendBatch failed: Too Many Requests. Falling back to DIRECT processing.,[ERROR] [Producer] Queue send failed after retries: Queue sendBatch failed: Too Many Requests. Falling back to DIRECT processing.,346e138aae29f6b381c1ebae50734856,cf-worker,a182c642af561a79ea097003474c6a2a,cron,[ERROR] [Producer] Queue send failed after retries: Queue sendBatch failed: Too Many Requests. Falling back to DIRECT processing.,undefined,undefined,undefined,[]
error,[ERROR] [Producer] FEED_QUEUE failed completely. Dropping 14 sources to avoid exceededCpu. Will retry next cycle.,cloudflare-workers,2026-03-17T17:00:53.284Z,false,"0,15,30,45 * * * *",1773766847000,job-hunter-bot,ok,cron,bf4a61a0-ee48-4507-88d6-944deccb04d3,stateless,7GIVXQOAG72AX0EJ,01KKYBWGN4Y9AMR0PF1W18NCSE,7GIVXQOAG72AX0EJ,"0,15,30,45 * * * *",job-hunter-bot,error,[ERROR] [Producer] FEED_QUEUE failed completely. Dropping 14 sources to avoid exceededCpu. Will retry next cycle.,[ERROR] [Producer] FEED_QUEUE failed completely. Dropping 14 sources to avoid exceededCpu. Will retry next cycle.,346e138aae29f6b381c1ebae50734856,cf-worker,5d5f238a77d31219761bdec5211a9fd6,cron,[ERROR] [Producer] FEED_QUEUE failed completely. Dropping 14 sources to avoid exceededCpu. Will retry next cycle.,undefined,undefined,undefined,[]
error,[ERROR] [Producer] Queue send failed after retries: Queue sendBatch failed: Too Many Requests. Falling back to DIRECT processing.,cloudflare-workers,2026-03-17T17:00:53.284Z,false,"0,15,30,45 * * * *",1773766847000,job-hunter-bot,ok,cron,bf4a61a0-ee48-4507-88d6-944deccb04d3,stateless,7GIVXQOAG72AX0EJ,01KKYBWGN4Y9AMR0PF1W18NCSD,7GIVXQOAG72AX0EJ,"0,15,30,45 * * * *",job-hunter-bot,error,[ERROR] [Producer] Queue send failed after retries: Queue sendBatch failed: Too Many Requests. Falling back to DIRECT processing.,[ERROR] [Producer] Queue send failed after retries: Queue sendBatch failed: Too Many Requests. Falling back to DIRECT processing.,346e138aae29f6b381c1ebae50734856,cf-worker,a182c642af561a79ea097003474c6a2a,cron,[ERROR] [Producer] Queue send failed after retries: Queue sendBatch failed: Too Many Requests. Falling back to DIRECT processing.,undefined,undefined,undefined,[]
error,[ERROR] [Producer] FEED_QUEUE failed completely. Dropping 12 sources to avoid exceededCpu. Will retry next cycle.,cloudflare-workers,2026-03-17T16:55:50.689Z,false,"10,25,40,55 * * * *",1773766547000,job-hunter-bot,ok,cron,bf4a61a0-ee48-4507-88d6-944deccb04d3,stateless,2Y256FVBV1UDUOF7,01KKYBK951ES6R5TDFA9J8S8GG,2Y256FVBV1UDUOF7,"10,25,40,55 * * * *",job-hunter-bot,error,[ERROR] [Producer] FEED_QUEUE failed completely. Dropping 12 sources to avoid exceededCpu. Will retry next cycle.,[ERROR] [Producer] FEED_QUEUE failed completely. Dropping 12 sources to avoid exceededCpu. Will retry next cycle.,346e138aae29f6b381c1ebae50734856,cf-worker,db2f4d94b13c097f107e6ce964f9dbd0,cron,[ERROR] [Producer] FEED_QUEUE failed completely. Dropping 12 sources to avoid exceededCpu. Will retry next cycle.,undefined,undefined,undefined,[]
error,[ERROR] [Producer] Queue send failed after retries: Queue sendBatch failed: Too Many Requests. Falling back to DIRECT processing.,cloudflare-workers,2026-03-17T16:55:50.689Z,false,"10,25,40,55 * * * *",1773766547000,job-hunter-bot,ok,cron,bf4a61a0-ee48-4507-88d6-944deccb04d3,stateless,2Y256FVBV1UDUOF7,01KKYBK951ES6R5TDFA9J8S8GF,2Y256FVBV1UDUOF7,"10,25,40,55 * * * *",job-hunter-bot,error,[ERROR] [Producer] Queue send failed after retries: Queue sendBatch failed: Too Many Requests. Falling back to DIRECT processing.,[ERROR] [Producer] Queue send failed after retries: Queue sendBatch failed: Too Many Requests. Falling back to DIRECT processing.,346e138aae29f6b381c1ebae50734856,cf-worker,a182c642af561a79ea097003474c6a2a,cron,[ERROR] [Producer] Queue send failed after retries: Queue sendBatch failed: Too Many Requests. Falling back to DIRECT processing.,undefined,undefined,undefined,[]
error,[ERROR] [Producer] FEED_QUEUE failed completely. Dropping 14 sources to avoid exceededCpu. Will retry next cycle.,cloudflare-workers,2026-03-17T16:50:50.863Z,false,"5,20,35,50 * * * *",1773766247000,job-hunter-bot,ok,cron,bf4a61a0-ee48-4507-88d6-944deccb04d3,stateless,RJL4VEGHO290PQI9,01KKYBAKD43MT0S75XJT8PHCNZ,RJL4VEGHO290PQI9,"5,20,35,50 * * * *",job-hunter-bot,error,[ERROR] [Producer] FEED_QUEUE failed completely. Dropping 14 sources to avoid exceededCpu. Will retry next cycle.,[ERROR] [Producer] FEED_QUEUE failed completely. Dropping 14 sources to avoid exceededCpu. Will retry next cycle.,346e138aae29f6b381c1ebae50734856,cf-worker,5d5f238a77d31219761bdec5211a9fd6,cron,[ERROR] [Producer] FEED_QUEUE failed completely. Dropping 14 sources to avoid exceededCpu. Will retry next cycle.,undefined,undefined,undefined,[]
error,[ERROR] [Producer] Queue send failed after retries: Queue sendBatch failed: Too Many Requests. Falling back to DIRECT processing.,cloudflare-workers,2026-03-17T16:50:50.863Z,false,"5,20,35,50 * * * *",1773766247000,job-hunter-bot,ok,cron,bf4a61a0-ee48-4507-88d6-944deccb04d3,stateless,RJL4VEGHO290PQI9,01KKYBAKD43MT0S75XJT8PHCNY,RJL4VEGHO290PQI9,"5,20,35,50 * * * *",job-hunter-bot,error,[ERROR] [Producer] Queue send failed after retries: Queue sendBatch failed: Too Many Requests. Falling back to DIRECT processing.,[ERROR] [Producer] Queue send failed after retries: Queue sendBatch failed: Too Many Requests. Falling back to DIRECT processing.,346e138aae29f6b381c1ebae50734856,cf-worker,a182c642af561a79ea097003474c6a2a,cron,[ERROR] [Producer] Queue send failed after retries: Queue sendBatch failed: Too Many Requests. Falling back to DIRECT processing.,undefined,undefined,undefined,[]
error,[ERROR] [Producer] FEED_QUEUE failed completely. Dropping 14 sources to avoid exceededCpu. Will retry next cycle.,cloudflare-workers,2026-03-17T16:45:50.775Z,false,"0,15,30,45 * * * *",1773765947000,job-hunter-bot,ok,cron,bf4a61a0-ee48-4507-88d6-944deccb04d3,stateless,QU8HLZL549GSJ6H1,01KKYB0Z9QYCRTVJKB7Y4CCFHE,QU8HLZL549GSJ6H1,"0,15,30,45 * * * *",job-hunter-bot,error,[ERROR] [Producer] FEED_QUEUE failed completely. Dropping 14 sources to avoid exceededCpu. Will retry next cycle.,[ERROR] [Producer] FEED_QUEUE failed completely. Dropping 14 sources to avoid exceededCpu. Will retry next cycle.,346e138aae29f6b381c1ebae50734856,cf-worker,5d5f238a77d31219761bdec5211a9fd6,cron,[ERROR] [Producer] FEED_QUEUE failed completely. Dropping 14 sources to avoid exceededCpu. Will retry next cycle.,undefined,undefined,undefined,[]
error,[ERROR] [Producer] Queue send failed after retries: Queue sendBatch failed: Too Many Requests. Falling back to DIRECT processing.,cloudflare-workers,2026-03-17T16:45:50.775Z,false,"0,15,30,45 * * * *",1773765947000,job-hunter-bot,ok,cron,bf4a61a0-ee48-4507-88d6-944deccb04d3,stateless,QU8HLZL549GSJ6H1,01KKYB0Z9QYCRTVJKB7Y4CCFHD,QU8HLZL549GSJ6H1,"0,15,30,45 * * * *",job-hunter-bot,error,[ERROR] [Producer] Queue send failed after retries: Queue sendBatch failed: Too Many Requests. Falling back to DIRECT processing.,[ERROR] [Producer] Queue send failed after retries: Queue sendBatch failed: Too Many Requests. Falling back to DIRECT processing.,346e138aae29f6b381c1ebae50734856,cf-worker,a182c642af561a79ea097003474c6a2a,cron,[ERROR] [Producer] Queue send failed after retries: Queue sendBatch failed: Too Many Requests. Falling back to DIRECT processing.,undefined,undefined,undefined,[]
error,[ERROR] [Producer] FEED_QUEUE failed completely. Dropping 12 sources to avoid exceededCpu. Will retry next cycle.,cloudflare-workers,2026-03-17T16:40:50.828Z,false,"10,25,40,55 * * * *",1773765647000,job-hunter-bot,ok,cron,bf4a61a0-ee48-4507-88d6-944deccb04d3,stateless,SW6M2ZURFVFT86RA,01KKYAQTCC5HMW0DNRCY5B6KBN,SW6M2ZURFVFT86RA,"10,25,40,55 * * * *",job-hunter-bot,error,[ERROR] [Producer] FEED_QUEUE failed completely. Dropping 12 sources to avoid exceededCpu. Will retry next cycle.,[ERROR] [Producer] FEED_QUEUE failed completely. Dropping 12 sources to avoid exceededCpu. Will retry next cycle.,346e138aae29f6b381c1ebae50734856,cf-worker,db2f4d94b13c097f107e6ce964f9dbd0,cron,[ERROR] [Producer] FEED_QUEUE failed completely. Dropping 12 sources to avoid exceededCpu. Will retry next cycle.,undefined,undefined,undefined,[]
error,[ERROR] [Producer] Queue send failed after retries: Queue sendBatch failed: Too Many Requests. Falling back to DIRECT processing.,cloudflare-workers,2026-03-17T16:40:50.828Z,false,"10,25,40,55 * * * *",1773765647000,job-hunter-bot,ok,cron,bf4a61a0-ee48-4507-88d6-944deccb04d3,stateless,SW6M2ZURFVFT86RA,01KKYAQTCC5HMW0DNRCY5B6KBM,SW6M2ZURFVFT86RA,"10,25,40,55 * * * *",job-hunter-bot,error,[ERROR] [Producer] Queue send failed after retries: Queue sendBatch failed: Too Many Requests. Falling back to DIRECT processing.,[ERROR] [Producer] Queue send failed after retries: Queue sendBatch failed: Too Many Requests. Falling back to DIRECT processing.,346e138aae29f6b381c1ebae50734856,cf-worker,a182c642af561a79ea097003474c6a2a,cron,[ERROR] [Producer] Queue send failed after retries: Queue sendBatch failed: Too Many Requests. Falling back to DIRECT processing.,undefined,undefined,undefined,[]
error,[ERROR] [Producer] FEED_QUEUE failed completely. Dropping 14 sources to avoid exceededCpu. Will retry next cycle.,cloudflare-workers,2026-03-17T16:35:52.125Z,false,"5,20,35,50 * * * *",1773765347000,job-hunter-bot,ok,cron,bf4a61a0-ee48-4507-88d6-944deccb04d3,stateless,2PWZ7H1V6L5CP8YQ,01KKYAEPNXY2WZ6MTKNC6XRZ9T,2PWZ7H1V6L5CP8YQ,"5,20,35,50 * * * *",job-hunter-bot,error,[ERROR] [Producer] FEED_QUEUE failed completely. Dropping 14 sources to avoid exceededCpu. Will retry next cycle.,[ERROR] [Producer] FEED_QUEUE failed completely. Dropping 14 sources to avoid exceededCpu. Will retry next cycle.,346e138aae29f6b381c1ebae50734856,cf-worker,5d5f238a77d31219761bdec5211a9fd6,cron,[ERROR] [Producer] FEED_QUEUE failed completely. Dropping 14 sources to avoid exceededCpu. Will retry next cycle.,undefined,undefined,undefined,[]
error,[ERROR] [Producer] Queue send failed after retries: Queue sendBatch failed: Too Many Requests. Falling back to DIRECT processing.,cloudflare-workers,2026-03-17T16:35:52.125Z,false,"5,20,35,50 * * * *",1773765347000,job-hunter-bot,ok,cron,bf4a61a0-ee48-4507-88d6-944deccb04d3,stateless,2PWZ7H1V6L5CP8YQ,01KKYAEPNXY2WZ6MTKNC6XRZ9S,2PWZ7H1V6L5CP8YQ,"5,20,35,50 * * * *",job-hunter-bot,error,[ERROR] [Producer] Queue send failed after retries: Queue sendBatch failed: Too Many Requests. Falling back to DIRECT processing.,[ERROR] [Producer] Queue send failed after retries: Queue sendBatch failed: Too Many Requests. Falling back to DIRECT processing.,346e138aae29f6b381c1ebae50734856,cf-worker,a182c642af561a79ea097003474c6a2a,cron,[ERROR] [Producer] Queue send failed after retries: Queue sendBatch failed: Too Many Requests. Falling back to DIRECT processing.,undefined,undefined,undefined,[]
error,[ERROR] [Producer] FEED_QUEUE failed completely. Dropping 14 sources to avoid exceededCpu. Will retry next cycle.,cloudflare-workers,2026-03-17T16:30:52.268Z,false,"0,15,30,45 * * * *",1773765047000,job-hunter-bot,ok,cron,bf4a61a0-ee48-4507-88d6-944deccb04d3,stateless,SK1BX3890N21T6N2,01KKYA5P5WS38CZB0NV9QVSVN3,SK1BX3890N21T6N2,"0,15,30,45 * * * *",job-hunter-bot,error,[ERROR] [Producer] FEED_QUEUE failed completely. Dropping 14 sources to avoid exceededCpu. Will retry next cycle.,[ERROR] [Producer] FEED_QUEUE failed completely. Dropping 14 sources to avoid exceededCpu. Will retry next cycle.,346e138aae29f6b381c1ebae50734856,cf-worker,5d5f238a77d31219761bdec5211a9fd6,cron,[ERROR] [Producer] FEED_QUEUE failed completely. Dropping 14 sources to avoid exceededCpu. Will retry next cycle.,undefined,undefined,undefined,[]
error,[ERROR] [Producer] Queue send failed after retries: Queue sendBatch failed: Too Many Requests. Falling back to DIRECT processing.,cloudflare-workers,2026-03-17T16:30:52.268Z,false,"0,15,30,45 * * * *",1773765047000,job-hunter-bot,ok,cron,bf4a61a0-ee48-4507-88d6-944deccb04d3,stateless,SK1BX3890N21T6N2,01KKYA5P5WS38CZB0NV9QVSVN2,SK1BX3890N21T6N2,"0,15,30,45 * * * *",job-hunter-bot,error,[ERROR] [Producer] Queue send failed after retries: Queue sendBatch failed: Too Many Requests. Falling back to DIRECT processing.,[ERROR] [Producer] Queue send failed after retries: Queue sendBatch failed: Too Many Requests. Falling back to DIRECT processing.,346e138aae29f6b381c1ebae50734856,cf-worker,a182c642af561a79ea097003474c6a2a,cron,[ERROR] [Producer] Queue send failed after retries: Queue sendBatch failed: Too Many Requests. Falling back to DIRECT processing.,undefined,undefined,undefined,[]
error,[ERROR] [Producer] FEED_QUEUE failed completely. Dropping 12 sources to avoid exceededCpu. Will retry next cycle.,cloudflare-workers,2026-03-17T16:25:50.605Z,false,"10,25,40,55 * * * *",1773764747000,job-hunter-bot,ok,cron,bf4a61a0-ee48-4507-88d6-944deccb04d3,stateless,M068W5WDG219A45G,01KKY9WB8DK8XRH1Y4XDQFWZC7,M068W5WDG219A45G,"10,25,40,55 * * * *",job-hunter-bot,error,[ERROR] [Producer] FEED_QUEUE failed completely. Dropping 12 sources to avoid exceededCpu. Will retry next cycle.,[ERROR] [Producer] FEED_QUEUE failed completely. Dropping 12 sources to avoid exceededCpu. Will retry next cycle.,346e138aae29f6b381c1ebae50734856,cf-worker,db2f4d94b13c097f107e6ce964f9dbd0,cron,[ERROR] [Producer] FEED_QUEUE failed completely. Dropping 12 sources to avoid exceededCpu. Will retry next cycle.,undefined,undefined,undefined,[]
error,[ERROR] [Producer] Queue send failed after retries: Queue sendBatch failed: Too Many Requests. Falling back to DIRECT processing.,cloudflare-workers,2026-03-17T16:25:50.605Z,false,"10,25,40,55 * * * *",1773764747000,job-hunter-bot,ok,cron,bf4a61a0-ee48-4507-88d6-944deccb04d3,stateless,M068W5WDG219A45G,01KKY9WB8DK8XRH1Y4XDQFWZC6,M068W5WDG219A45G,"10,25,40,55 * * * *",job-hunter-bot,error,[ERROR] [Producer] Queue send failed after retries: Queue sendBatch failed: Too Many Requests. Falling back to DIRECT processing.,[ERROR] [Producer] Queue send failed after retries: Queue sendBatch failed: Too Many Requests. Falling back to DIRECT processing.,346e138aae29f6b381c1ebae50734856,cf-worker,a182c642af561a79ea097003474c6a2a,cron,[ERROR] [Producer] Queue send failed after retries: Queue sendBatch failed: Too Many Requests. Falling back to DIRECT processing.,undefined,undefined,undefined,[]
error,[ERROR] [Producer] FEED_QUEUE failed completely. Dropping 14 sources to avoid exceededCpu. Will retry next cycle.,cloudflare-workers,2026-03-17T16:20:51.121Z,false,"5,20,35,50 * * * *",1773764447000,job-hunter-bot,ok,cron,bf4a61a0-ee48-4507-88d6-944deccb04d3,stateless,AWI5QECWAJA7WLTX,01KKY9K6SH8AQ3C4ZN0QMG6A6K,AWI5QECWAJA7WLTX,"5,20,35,50 * * * *",job-hunter-bot,error,[ERROR] [Producer] FEED_QUEUE failed completely. Dropping 14 sources to avoid exceededCpu. Will retry next cycle.,[ERROR] [Producer] FEED_QUEUE failed completely. Dropping 14 sources to avoid exceededCpu. Will retry next cycle.,346e138aae29f6b381c1ebae50734856,cf-worker,5d5f238a77d31219761bdec5211a9fd6,cron,[ERROR] [Producer] FEED_QUEUE failed completely. Dropping 14 sources to avoid exceededCpu. Will retry next cycle.,undefined,undefined,undefined,[]
error,[ERROR] [Producer] Queue send failed after retries: Queue sendBatch failed: Too Many Requests. Falling back to DIRECT processing.,cloudflare-workers,2026-03-17T16:20:51.121Z,false,"5,20,35,50 * * * *",1773764447000,job-hunter-bot,ok,cron,bf4a61a0-ee48-4507-88d6-944deccb04d3,stateless,AWI5QECWAJA7WLTX,01KKY9K6SH8AQ3C4ZN0QMG6A6J,AWI5QECWAJA7WLTX,"5,20,35,50 * * * *",job-hunter-bot,error,[ERROR] [Producer] Queue send failed after retries: Queue sendBatch failed: Too Many Requests. Falling back to DIRECT processing.,[ERROR] [Producer] Queue send failed after retries: Queue sendBatch failed: Too Many Requests. Falling back to DIRECT processing.,346e138aae29f6b381c1ebae50734856,cf-worker,a182c642af561a79ea097003474c6a2a,cron,[ERROR] [Producer] Queue send failed after retries: Queue sendBatch failed: Too Many Requests. Falling back to DIRECT processing.,undefined,undefined,undefined,[]
error,[ERROR] [Producer] FEED_QUEUE failed completely. Dropping 14 sources to avoid exceededCpu. Will retry next cycle.,cloudflare-workers,2026-03-17T16:15:51.018Z,false,"0,15,30,45 * * * *",1773764147000,job-hunter-bot,ok,cron,bf4a61a0-ee48-4507-88d6-944deccb04d3,stateless,8QS4SESN37FNM5BL,01KKY9A1QAARH4G6056W1A4BES,8QS4SESN37FNM5BL,"0,15,30,45 * * * *",job-hunter-bot,error,[ERROR] [Producer] FEED_QUEUE failed completely. Dropping 14 sources to avoid exceededCpu. Will retry next cycle.,[ERROR] [Producer] FEED_QUEUE failed completely. Dropping 14 sources to avoid exceededCpu. Will retry next cycle.,346e138aae29f6b381c1ebae50734856,cf-worker,5d5f238a77d31219761bdec5211a9fd6,cron,[ERROR] [Producer] FEED_QUEUE failed completely. Dropping 14 sources to avoid exceededCpu. Will retry next cycle.,undefined,undefined,undefined,[]
error,[ERROR] [Producer] Queue send failed after retries: Queue sendBatch failed: Too Many Requests. Falling back to DIRECT processing.,cloudflare-workers,2026-03-17T16:15:51.018Z,false,"0,15,30,45 * * * *",1773764147000,job-hunter-bot,ok,cron,bf4a61a0-ee48-4507-88d6-944deccb04d3,stateless,8QS4SESN37FNM5BL,01KKY9A1QAARH4G6056W1A4BER,8QS4SESN37FNM5BL,"0,15,30,45 * * * *",job-hunter-bot,error,[ERROR] [Producer] Queue send failed after retries: Queue sendBatch failed: Too Many Requests. Falling back to DIRECT processing.,[ERROR] [Producer] Queue send failed after retries: Queue sendBatch failed: Too Many Requests. Falling back to DIRECT processing.,346e138aae29f6b381c1ebae50734856,cf-worker,a182c642af561a79ea097003474c6a2a,cron,[ERROR] [Producer] Queue send failed after retries: Queue sendBatch failed: Too Many Requests. Falling back to DIRECT processing.,undefined,undefined,undefined,[]
error,[ERROR] [Producer] FEED_QUEUE failed completely. Dropping 12 sources to avoid exceededCpu. Will retry next cycle.,cloudflare-workers,2026-03-17T16:10:51.067Z,false,"10,25,40,55 * * * *",1773763847000,job-hunter-bot,ok,cron,bf4a61a0-ee48-4507-88d6-944deccb04d3,stateless,WVYD3CHBI6RKP5W6,01KKY912V4SBP9V9J16JWRSM3R,WVYD3CHBI6RKP5W6,"10,25,40,55 * * * *",job-hunter-bot,error,[ERROR] [Producer] FEED_QUEUE failed completely. Dropping 12 sources to avoid exceededCpu. Will retry next cycle.,[ERROR] [Producer] FEED_QUEUE failed completely. Dropping 12 sources to avoid exceededCpu. Will retry next cycle.,346e138aae29f6b381c1ebae50734856,cf-worker,db2f4d94b13c097f107e6ce964f9dbd0,cron,[ERROR] [Producer] FEED_QUEUE failed completely. Dropping 12 sources to avoid exceededCpu. Will retry next cycle.,undefined,undefined,undefined,[]
error,[ERROR] [Producer] Queue send failed after retries: Queue sendBatch failed: Too Many Requests. Falling back to DIRECT processing.,cloudflare-workers,2026-03-17T16:10:51.067Z,false,"10,25,40,55 * * * *",1773763847000,job-hunter-bot,ok,cron,bf4a61a0-ee48-4507-88d6-944deccb04d3,stateless,WVYD3CHBI6RKP5W6,01KKY912V4SBP9V9J16JWRSM3Q,WVYD3CHBI6RKP5W6,"10,25,40,55 * * * *",job-hunter-bot,error,[ERROR] [Producer] Queue send failed after retries: Queue sendBatch failed: Too Many Requests. Falling back to DIRECT processing.,[ERROR] [Producer] Queue send failed after retries: Queue sendBatch failed: Too Many Requests. Falling back to DIRECT processing.,346e138aae29f6b381c1ebae50734856,cf-worker,a182c642af561a79ea097003474c6a2a,cron,[ERROR] [Producer] Queue send failed after retries: Queue sendBatch failed: Too Many Requests. Falling back to DIRECT processing.,undefined,undefined,undefined,[]
error,[ERROR] [Producer] FEED_QUEUE failed completely. Dropping 14 sources to avoid exceededCpu. Will retry next cycle.,cloudflare-workers,2026-03-17T16:05:50.831Z,false,"5,20,35,50 * * * *",1773763547000,job-hunter-bot,ok,cron,bf4a61a0-ee48-4507-88d6-944deccb04d3,stateless,O8L9APKLJOBVFDBV,01KKY8QQKF33SZ5X99CH9X4TYE,O8L9APKLJOBVFDBV,"5,20,35,50 * * * *",job-hunter-bot,error,[ERROR] [Producer] FEED_QUEUE failed completely. Dropping 14 sources to avoid exceededCpu. Will retry next cycle.,[ERROR] [Producer] FEED_QUEUE failed completely. Dropping 14 sources to avoid exceededCpu. Will retry next cycle.,346e138aae29f6b381c1ebae50734856,cf-worker,5d5f238a77d31219761bdec5211a9fd6,cron,[ERROR] [Producer] FEED_QUEUE failed completely. Dropping 14 sources to avoid exceededCpu. Will retry next cycle.,undefined,undefined,undefined,[]
error,[ERROR] [Producer] Queue send failed after retries: Queue sendBatch failed: Too Many Requests. Falling back to DIRECT processing.,cloudflare-workers,2026-03-17T16:05:50.831Z,false,"5,20,35,50 * * * *",1773763547000,job-hunter-bot,ok,cron,bf4a61a0-ee48-4507-88d6-944deccb04d3,stateless,O8L9APKLJOBVFDBV,01KKY8QQKF33SZ5X99CH9X4TYD,O8L9APKLJOBVFDBV,"5,20,35,50 * * * *",job-hunter-bot,error,[ERROR] [Producer] Queue send failed after retries: Queue sendBatch failed: Too Many Requests. Falling back to DIRECT processing.,[ERROR] [Producer] Queue send failed after retries: Queue sendBatch failed: Too Many Requests. Falling back to DIRECT processing.,346e138aae29f6b381c1ebae50734856,cf-worker,a182c642af561a79ea097003474c6a2a,cron,[ERROR] [Producer] Queue send failed after retries: Queue sendBatch failed: Too Many Requests. Falling back to DIRECT processing.,undefined,undefined,undefined,[]
error,[ERROR] [Producer] FEED_QUEUE failed completely. Dropping 14 sources to avoid exceededCpu. Will retry next cycle.,cloudflare-workers,2026-03-17T16:00:56.435Z,false,"0,15,30,45 * * * *",1773763247000,job-hunter-bot,ok,cron,bf4a61a0-ee48-4507-88d6-944deccb04d3,stateless,ABAMF3ZJ7HSY0HLD,01KKY8ER3KB22MEYPK749FWRWD,ABAMF3ZJ7HSY0HLD,"0,15,30,45 * * * *",job-hunter-bot,error,[ERROR] [Producer] FEED_QUEUE failed completely. Dropping 14 sources to avoid exceededCpu. Will retry next cycle.,[ERROR] [Producer] FEED_QUEUE failed completely. Dropping 14 sources to avoid exceededCpu. Will retry next cycle.,346e138aae29f6b381c1ebae50734856,cf-worker,5d5f238a77d31219761bdec5211a9fd6,cron,[ERROR] [Producer] FEED_QUEUE failed completely. Dropping 14 sources to avoid exceededCpu. Will retry next cycle.,undefined,undefined,undefined,[]
error,[ERROR] [Producer] Queue send failed after retries: Queue sendBatch failed: Too Many Requests. Falling back to DIRECT processing.,cloudflare-workers,2026-03-17T16:00:56.435Z,false,"0,15,30,45 * * * *",1773763247000,job-hunter-bot,ok,cron,bf4a61a0-ee48-4507-88d6-944deccb04d3,stateless,ABAMF3ZJ7HSY0HLD,01KKY8ER3KB22MEYPK749FWRWC,ABAMF3ZJ7HSY0HLD,"0,15,30,45 * * * *",job-hunter-bot,error,[ERROR] [Producer] Queue send failed after retries: Queue sendBatch failed: Too Many Requests. Falling back to DIRECT processing.,[ERROR] [Producer] Queue send failed after retries: Queue sendBatch failed: Too Many Requests. Falling back to DIRECT processing.,346e138aae29f6b381c1ebae50734856,cf-worker,a182c642af561a79ea097003474c6a2a,cron,[ERROR] [Producer] Queue send failed after retries: Queue sendBatch failed: Too Many Requests. Falling back to DIRECT processing.,undefined,undefined,undefined,[]
error,[ERROR] [Producer] FEED_QUEUE failed completely. Dropping 12 sources to avoid exceededCpu. Will retry next cycle.,cloudflare-workers,2026-03-17T15:55:50.686Z,false,"10,25,40,55 * * * *",1773762947000,job-hunter-bot,ok,cron,bf4a61a0-ee48-4507-88d6-944deccb04d3,stateless,JDDFBCSU5SSI0565,01KKY85DGY6EYFA725EZ87TZYG,JDDFBCSU5SSI0565,"10,25,40,55 * * * *",job-hunter-bot,error,[ERROR] [Producer] FEED_QUEUE failed completely. Dropping 12 sources to avoid exceededCpu. Will retry next cycle.,[ERROR] [Producer] FEED_QUEUE failed completely. Dropping 12 sources to avoid exceededCpu. Will retry next cycle.,346e138aae29f6b381c1ebae50734856,cf-worker,db2f4d94b13c097f107e6ce964f9dbd0,cron,[ERROR] [Producer] FEED_QUEUE failed completely. Dropping 12 sources to avoid exceededCpu. Will retry next cycle.,undefined,undefined,undefined,[]
error,[ERROR] [Producer] Queue send failed after retries: Queue sendBatch failed: Too Many Requests. Falling back to DIRECT processing.,cloudflare-workers,2026-03-17T15:55:50.686Z,false,"10,25,40,55 * * * *",1773762947000,job-hunter-bot,ok,cron,bf4a61a0-ee48-4507-88d6-944deccb04d3,stateless,JDDFBCSU5SSI0565,01KKY85DGY6EYFA725EZ87TZYF,JDDFBCSU5SSI0565,"10,25,40,55 * * * *",job-hunter-bot,error,[ERROR] [Producer] Queue send failed after retries: Queue sendBatch failed: Too Many Requests. Falling back to DIRECT processing.,[ERROR] [Producer] Queue send failed after retries: Queue sendBatch failed: Too Many Requests. Falling back to DIRECT processing.,346e138aae29f6b381c1ebae50734856,cf-worker,a182c642af561a79ea097003474c6a2a,cron,[ERROR] [Producer] Queue send failed after retries: Queue sendBatch failed: Too Many Requests. Falling back to DIRECT processing.,undefined,undefined,undefined,[]
error,[ERROR] [Producer] FEED_QUEUE failed completely. Dropping 14 sources to avoid exceededCpu. Will retry next cycle.,cloudflare-workers,2026-03-17T15:50:52.087Z,false,"5,20,35,50 * * * *",1773762647000,job-hunter-bot,ok,cron,bf4a61a0-ee48-4507-88d6-944deccb04d3,stateless,7HK3Y522V3GYHDMN,01KKY7WQAQNH332N26S5XS92YV,7HK3Y522V3GYHDMN,"5,20,35,50 * * * *",job-hunter-bot,error,[ERROR] [Producer] FEED_QUEUE failed completely. Dropping 14 sources to avoid exceededCpu. Will retry next cycle.,[ERROR] [Producer] FEED_QUEUE failed completely. Dropping 14 sources to avoid exceededCpu. Will retry next cycle.,346e138aae29f6b381c1ebae50734856,cf-worker,5d5f238a77d31219761bdec5211a9fd6,cron,[ERROR] [Producer] FEED_QUEUE failed completely. Dropping 14 sources to avoid exceededCpu. Will retry next cycle.,undefined,undefined,undefined,[]
error,[ERROR] [Producer] Queue send failed after retries: Queue sendBatch failed: Too Many Requests. Falling back to DIRECT processing.,cloudflare-workers,2026-03-17T15:50:52.087Z,false,"5,20,35,50 * * * *",1773762647000,job-hunter-bot,ok,cron,bf4a61a0-ee48-4507-88d6-944deccb04d3,stateless,7HK3Y522V3GYHDMN,01KKY7WQAQNH332N26S5XS92YT,7HK3Y522V3GYHDMN,"5,20,35,50 * * * *",job-hunter-bot,error,[ERROR] [Producer] Queue send failed after retries: Queue sendBatch failed: Too Many Requests. Falling back to DIRECT processing.,[ERROR] [Producer] Queue send failed after retries: Queue sendBatch failed: Too Many Requests. Falling back to DIRECT processing.,346e138aae29f6b381c1ebae50734856,cf-worker,a182c642af561a79ea097003474c6a2a,cron,[ERROR] [Producer] Queue send failed after retries: Queue sendBatch failed: Too Many Requests. Falling back to DIRECT processing.,undefined,undefined,undefined,[]
error,[ERROR] [Producer] FEED_QUEUE failed completely. Dropping 14 sources to avoid exceededCpu. Will retry next cycle.,cloudflare-workers,2026-03-17T15:45:51.362Z,false,"0,15,30,45 * * * *",1773762347000,job-hunter-bot,ok,cron,bf4a61a0-ee48-4507-88d6-944deccb04d3,stateless,2N1IK6H7WTQFNEES,01KKY7K4826390ANGAXXQ5QGW2,2N1IK6H7WTQFNEES,"0,15,30,45 * * * *",job-hunter-bot,error,[ERROR] [Producer] FEED_QUEUE failed completely. Dropping 14 sources to avoid exceededCpu. Will retry next cycle.,[ERROR] [Producer] FEED_QUEUE failed completely. Dropping 14 sources to avoid exceededCpu. Will retry next cycle.,346e138aae29f6b381c1ebae50734856,cf-worker,98b1a8941c7fae291cce0cd8671789ec,cron,,undefined,undefined,undefined,[]
error,[ERROR] [Producer] Queue send failed after retries: Queue sendBatch failed: Too Many Requests. Falling back to DIRECT processing.,cloudflare-workers,2026-03-17T15:45:51.362Z,false,"0,15,30,45 * * * *",1773762347000,job-hunter-bot,ok,cron,bf4a61a0-ee48-4507-88d6-944deccb04d3,stateless,2N1IK6H7WTQFNEES,01KKY7K4826390ANGAXXQ5QGW1,2N1IK6H7WTQFNEES,"0,15,30,45 * * * *",job-hunter-bot,error,[ERROR] [Producer] Queue send failed after retries: Queue sendBatch failed: Too Many Requests. Falling back to DIRECT processing.,[ERROR] [Producer] Queue send failed after retries: Queue sendBatch failed: Too Many Requests. Falling back to DIRECT processing.,346e138aae29f6b381c1ebae50734856,cf-worker,a182c642af561a79ea097003474c6a2a,cron,,undefined,undefined,undefined,[]
error,[ERROR] [Producer] FEED_QUEUE failed completely. Dropping 12 sources to avoid exceededCpu. Will retry next cycle.,cloudflare-workers,2026-03-17T15:40:51.660Z,false,"10,25,40,55 * * * *",1773762047000,job-hunter-bot,ok,cron,bf4a61a0-ee48-4507-88d6-944deccb04d3,stateless,S7TEJABYN2FY5R4Y,01KKY79ZJCPH2698QYEGNQ84EF,S7TEJABYN2FY5R4Y,"10,25,40,55 * * * *",job-hunter-bot,error,[ERROR] [Producer] FEED_QUEUE failed completely. Dropping 12 sources to avoid exceededCpu. Will retry next cycle.,[ERROR] [Producer] FEED_QUEUE failed completely. Dropping 12 sources to avoid exceededCpu. Will retry next cycle.,346e138aae29f6b381c1ebae50734856,cf-worker,db2f4d94b13c097f107e6ce964f9dbd0,cron,[ERROR] [Producer] FEED_QUEUE failed completely. Dropping 12 sources to avoid exceededCpu. Will retry next cycle.,undefined,undefined,undefined,[]
error,[ERROR] [Producer] Queue send failed after retries: Queue sendBatch failed: Too Many Requests. Falling back to DIRECT processing.,cloudflare-workers,2026-03-17T15:40:51.660Z,false,"10,25,40,55 * * * *",1773762047000,job-hunter-bot,ok,cron,bf4a61a0-ee48-4507-88d6-944deccb04d3,stateless,S7TEJABYN2FY5R4Y,01KKY79ZJCPH2698QYEGNQ84EE,S7TEJABYN2FY5R4Y,"10,25,40,55 * * * *",job-hunter-bot,error,[ERROR] [Producer] Queue send failed after retries: Queue sendBatch failed: Too Many Requests. Falling back to DIRECT processing.,[ERROR] [Producer] Queue send failed after retries: Queue sendBatch failed: Too Many Requests. Falling back to DIRECT processing.,346e138aae29f6b381c1ebae50734856,cf-worker,a182c642af561a79ea097003474c6a2a,cron,[ERROR] [Producer] Queue send failed after retries: Queue sendBatch failed: Too Many Requests. Falling back to DIRECT processing.,undefined,undefined,undefined,[]
error,[ERROR] [Producer] FEED_QUEUE failed completely. Dropping 14 sources to avoid exceededCpu. Will retry next cycle.,cloudflare-workers,2026-03-17T15:35:51.034Z,false,"5,20,35,50 * * * *",1773761747000,job-hunter-bot,ok,cron,bf4a61a0-ee48-4507-88d6-944deccb04d3,stateless,E3CI32IB2YG52S9F,01KKY70SZTS8K87XZDPK03DHWK,E3CI32IB2YG52S9F,"5,20,35,50 * * * *",job-hunter-bot,error,[ERROR] [Producer] FEED_QUEUE failed completely. Dropping 14 sources to avoid exceededCpu. Will retry next cycle.,[ERROR] [Producer] FEED_QUEUE failed completely. Dropping 14 sources to avoid exceededCpu. Will retry next cycle.,346e138aae29f6b381c1ebae50734856,cf-worker,5d5f238a77d31219761bdec5211a9fd6,cron,[ERROR] [Producer] FEED_QUEUE failed completely. Dropping 14 sources to avoid exceededCpu. Will retry next cycle.,undefined,undefined,undefined,[]
error,[ERROR] [Producer] Queue send failed after retries: Queue sendBatch failed: Too Many Requests. Falling back to DIRECT processing.,cloudflare-workers,2026-03-17T15:35:51.034Z,false,"5,20,35,50 * * * *",1773761747000,job-hunter-bot,ok,cron,bf4a61a0-ee48-4507-88d6-944deccb04d3,stateless,E3CI32IB2YG52S9F,01KKY70SZTS8K87XZDPK03DHWJ,E3CI32IB2YG52S9F,"5,20,35,50 * * * *",job-hunter-bot,error,[ERROR] [Producer] Queue send failed after retries: Queue sendBatch failed: Too Many Requests. Falling back to DIRECT processing.,[ERROR] [Producer] Queue send failed after retries: Queue sendBatch failed: Too Many Requests. Falling back to DIRECT processing.,346e138aae29f6b381c1ebae50734856,cf-worker,a182c642af561a79ea097003474c6a2a,cron,[ERROR] [Producer] Queue send failed after retries: Queue sendBatch failed: Too Many Requests. Falling back to DIRECT processing.,undefined,undefined,undefined,[]
error,[ERROR] [Producer] FEED_QUEUE failed completely. Dropping 14 sources to avoid exceededCpu. Will retry next cycle.,cloudflare-workers,2026-03-17T15:30:52.417Z,false,"0,15,30,45 * * * *",1773761447000,job-hunter-bot,ok,cron,bf4a61a0-ee48-4507-88d6-944deccb04d3,stateless,QPGJ7BD7WE5ICNZQ,01KKY6QTNNQGKJX92G2BX5YPJF,QPGJ7BD7WE5ICNZQ,"0,15,30,45 * * * *",job-hunter-bot,error,[ERROR] [Producer] FEED_QUEUE failed completely. Dropping 14 sources to avoid exceededCpu. Will retry next cycle.,[ERROR] [Producer] FEED_QUEUE failed completely. Dropping 14 sources to avoid exceededCpu. Will retry next cycle.,346e138aae29f6b381c1ebae50734856,cf-worker,5d5f238a77d31219761bdec5211a9fd6,cron,[ERROR] [Producer] FEED_QUEUE failed completely. Dropping 14 sources to avoid exceededCpu. Will retry next cycle.,undefined,undefined,undefined,[]
error,[ERROR] [Producer] Queue send failed after retries: Queue sendBatch failed: Too Many Requests. Falling back to DIRECT processing.,cloudflare-workers,2026-03-17T15:30:52.417Z,false,"0,15,30,45 * * * *",1773761447000,job-hunter-bot,ok,cron,bf4a61a0-ee48-4507-88d6-944deccb04d3,stateless,QPGJ7BD7WE5ICNZQ,01KKY6QTNNQGKJX92G2BX5YPJE,QPGJ7BD7WE5ICNZQ,"0,15,30,45 * * * *",job-hunter-bot,error,[ERROR] [Producer] Queue send failed after retries: Queue sendBatch failed: Too Many Requests. Falling back to DIRECT processing.,[ERROR] [Producer] Queue send failed after retries: Queue sendBatch failed: Too Many Requests. Falling back to DIRECT processing.,346e138aae29f6b381c1ebae50734856,cf-worker,a182c642af561a79ea097003474c6a2a,cron,[ERROR] [Producer] Queue send failed after retries: Queue sendBatch failed: Too Many Requests. Falling back to DIRECT processing.,undefined,undefined,undefined,[]
error,[ERROR] [Producer] FEED_QUEUE failed completely. Dropping 12 sources to avoid exceededCpu. Will retry next cycle.,cloudflare-workers,2026-03-17T15:25:50.747Z,false,"10,25,40,55 * * * *",1773761147000,job-hunter-bot,ok,cron,bf4a61a0-ee48-4507-88d6-944deccb04d3,stateless,OZ86JUF7FKMT9T2O,01KKY6EFRVTS5FYM9S4NQKGMPS,OZ86JUF7FKMT9T2O,"10,25,40,55 * * * *",job-hunter-bot,error,[ERROR] [Producer] FEED_QUEUE failed completely. Dropping 12 sources to avoid exceededCpu. Will retry next cycle.,[ERROR] [Producer] FEED_QUEUE failed completely. Dropping 12 sources to avoid exceededCpu. Will retry next cycle.,346e138aae29f6b381c1ebae50734856,cf-worker,db2f4d94b13c097f107e6ce964f9dbd0,cron,,undefined,undefined,undefined,[]
error,[ERROR] [Producer] Queue send failed after retries: Queue sendBatch failed: Too Many Requests. Falling back to DIRECT processing.,cloudflare-workers,2026-03-17T15:25:50.747Z,false,"10,25,40,55 * * * *",1773761147000,job-hunter-bot,ok,cron,bf4a61a0-ee48-4507-88d6-944deccb04d3,stateless,OZ86JUF7FKMT9T2O,01KKY6EFRVTS5FYM9S4NQKGMPR,OZ86JUF7FKMT9T2O,"10,25,40,55 * * * *",job-hunter-bot,error,[ERROR] [Producer] Queue send failed after retries: Queue sendBatch failed: Too Many Requests. Falling back to DIRECT processing.,[ERROR] [Producer] Queue send failed after retries: Queue sendBatch failed: Too Many Requests. Falling back to DIRECT processing.,346e138aae29f6b381c1ebae50734856,cf-worker,a182c642af561a79ea097003474c6a2a,cron,,undefined,undefined,undefined,[]
error,[ERROR] [Producer] FEED_QUEUE failed completely. Dropping 14 sources to avoid exceededCpu. Will retry next cycle.,cloudflare-workers,2026-03-17T15:20:51.375Z,false,"5,20,35,50 * * * *",1773760847000,job-hunter-bot,ok,cron,bf4a61a0-ee48-4507-88d6-944deccb04d3,stateless,2MZQSS5EVZFXOT9A,01KKY65D82PEBN0G726WF6K85J,2MZQSS5EVZFXOT9A,"5,20,35,50 * * * *",job-hunter-bot,error,[ERROR] [Producer] FEED_QUEUE failed completely. Dropping 14 sources to avoid exceededCpu. Will retry next cycle.,[ERROR] [Producer] FEED_QUEUE failed completely. Dropping 14 sources to avoid exceededCpu. Will retry next cycle.,346e138aae29f6b381c1ebae50734856,cf-worker,5d5f238a77d31219761bdec5211a9fd6,cron,[ERROR] [Producer] FEED_QUEUE failed completely. Dropping 14 sources to avoid exceededCpu. Will retry next cycle.,undefined,undefined,undefined,[]
error,[ERROR] [Producer] Queue send failed after retries: Queue sendBatch failed: Too Many Requests. Falling back to DIRECT processing.,cloudflare-workers,2026-03-17T15:20:51.375Z,false,"5,20,35,50 * * * *",1773760847000,job-hunter-bot,ok,cron,bf4a61a0-ee48-4507-88d6-944deccb04d3,stateless,2MZQSS5EVZFXOT9A,01KKY65D82PEBN0G726WF6K85H,2MZQSS5EVZFXOT9A,"5,20,35,50 * * * *",job-hunter-bot,error,[ERROR] [Producer] Queue send failed after retries: Queue sendBatch failed: Too Many Requests. Falling back to DIRECT processing.,[ERROR] [Producer] Queue send failed after retries: Queue sendBatch failed: Too Many Requests. Falling back to DIRECT processing.,346e138aae29f6b381c1ebae50734856,cf-worker,a182c642af561a79ea097003474c6a2a,cron,[ERROR] [Producer] Queue send failed after retries: Queue sendBatch failed: Too Many Requests. Falling back to DIRECT processing.,undefined,undefined,undefined,[]
error,[ERROR] [Producer] FEED_QUEUE failed completely. Dropping 14 sources to avoid exceededCpu. Will retry next cycle.,cloudflare-workers,2026-03-17T15:15:52.149Z,false,"0,15,30,45 * * * *",1773760547000,job-hunter-bot,ok,cron,bf4a61a0-ee48-4507-88d6-944deccb04d3,stateless,SRMAM59V5TE5ROEU,01KKY5W76N8B4KEGHTE2AGHJZX,SRMAM59V5TE5ROEU,"0,15,30,45 * * * *",job-hunter-bot,error,[ERROR] [Producer] FEED_QUEUE failed completely. Dropping 14 sources to avoid exceededCpu. Will retry next cycle.,[ERROR] [Producer] FEED_QUEUE failed completely. Dropping 14 sources to avoid exceededCpu. Will retry next cycle.,346e138aae29f6b381c1ebae50734856,cf-worker,5d5f238a77d31219761bdec5211a9fd6,cron,[ERROR] [Producer] FEED_QUEUE failed completely. Dropping 14 sources to avoid exceededCpu. Will retry next cycle.,undefined,undefined,undefined,[]
error,[ERROR] [Producer] Queue send failed after retries: Queue sendBatch failed: Too Many Requests. Falling back to DIRECT processing.,cloudflare-workers,2026-03-17T15:15:52.149Z,false,"0,15,30,45 * * * *",1773760547000,job-hunter-bot,ok,cron,bf4a61a0-ee48-4507-88d6-944deccb04d3,stateless,SRMAM59V5TE5ROEU,01KKY5W76N8B4KEGHTE2AGHJZW,SRMAM59V5TE5ROEU,"0,15,30,45 * * * *",job-hunter-bot,error,[ERROR] [Producer] Queue send failed after retries: Queue sendBatch failed: Too Many Requests. Falling back to DIRECT processing.,[ERROR] [Producer] Queue send failed after retries: Queue sendBatch failed: Too Many Requests. Falling back to DIRECT processing.,346e138aae29f6b381c1ebae50734856,cf-worker,a182c642af561a79ea097003474c6a2a,cron,[ERROR] [Producer] Queue send failed after retries: Queue sendBatch failed: Too Many Requests. Falling back to DIRECT processing.,undefined,undefined,undefined,[]
error,[ERROR] [Producer] FEED_QUEUE failed completely. Dropping 12 sources to avoid exceededCpu. Will retry next cycle.,cloudflare-workers,2026-03-17T15:10:51.501Z,false,"10,25,40,55 * * * *",1773760247000,job-hunter-bot,ok,cron,bf4a61a0-ee48-4507-88d6-944deccb04d3,stateless,AG9PJ6YP4VCZCW4F,01KKY5K6JNK82EBH2GQ651FRWE,AG9PJ6YP4VCZCW4F,"10,25,40,55 * * * *",job-hunter-bot,error,[ERROR] [Producer] FEED_QUEUE failed completely. Dropping 12 sources to avoid exceededCpu. Will retry next cycle.,[ERROR] [Producer] FEED_QUEUE failed completely. Dropping 12 sources to avoid exceededCpu. Will retry next cycle.,346e138aae29f6b381c1ebae50734856,cf-worker,db2f4d94b13c097f107e6ce964f9dbd0,cron,[ERROR] [Producer] FEED_QUEUE failed completely. Dropping 12 sources to avoid exceededCpu. Will retry next cycle.,undefined,undefined,undefined,[]
error,[ERROR] [Producer] Queue send failed after retries: Queue sendBatch failed: Too Many Requests. Falling back to DIRECT processing.,cloudflare-workers,2026-03-17T15:10:51.501Z,false,"10,25,40,55 * * * *",1773760247000,job-hunter-bot,ok,cron,bf4a61a0-ee48-4507-88d6-944deccb04d3,stateless,AG9PJ6YP4VCZCW4F,01KKY5K6JNK82EBH2GQ651FRWD,AG9PJ6YP4VCZCW4F,"10,25,40,55 * * * *",job-hunter-bot,error,[ERROR] [Producer] Queue send failed after retries: Queue sendBatch failed: Too Many Requests. Falling back to DIRECT processing.,[ERROR] [Producer] Queue send failed after retries: Queue sendBatch failed: Too Many Requests. Falling back to DIRECT processing.,346e138aae29f6b381c1ebae50734856,cf-worker,a182c642af561a79ea097003474c6a2a,cron,[ERROR] [Producer] Queue send failed after retries: Queue sendBatch failed: Too Many Requests. Falling back to DIRECT processing.,undefined,undefined,undefined,[]
error,[ERROR] [Producer] FEED_QUEUE failed completely. Dropping 14 sources to avoid exceededCpu. Will retry next cycle.,cloudflare-workers,2026-03-17T15:05:50.791Z,false,"5,20,35,50 * * * *",1773759947000,job-hunter-bot,ok,cron,bf4a61a0-ee48-4507-88d6-944deccb04d3,stateless,M7641W2PD2C3FX2D,01KKY59VY76ST9HPHEPG6AA4S0,M7641W2PD2C3FX2D,"5,20,35,50 * * * *",job-hunter-bot,error,[ERROR] [Producer] FEED_QUEUE failed completely. Dropping 14 sources to avoid exceededCpu. Will retry next cycle.,[ERROR] [Producer] FEED_QUEUE failed completely. Dropping 14 sources to avoid exceededCpu. Will retry next cycle.,346e138aae29f6b381c1ebae50734856,cf-worker,5d5f238a77d31219761bdec5211a9fd6,cron,[ERROR] [Producer] FEED_QUEUE failed completely. Dropping 14 sources to avoid exceededCpu. Will retry next cycle.,undefined,undefined,undefined,[]
error,[ERROR] [Producer] Queue send failed after retries: Queue sendBatch failed: Too Many Requests. Falling back to DIRECT processing.,cloudflare-workers,2026-03-17T15:05:50.791Z,false,"5,20,35,50 * * * *",1773759947000,job-hunter-bot,ok,cron,bf4a61a0-ee48-4507-88d6-944deccb04d3,stateless,M7641W2PD2C3FX2D,01KKY59VY76ST9HPHEPG6AA4RZ,M7641W2PD2C3FX2D,"5,20,35,50 * * * *",job-hunter-bot,error,[ERROR] [Producer] Queue send failed after retries: Queue sendBatch failed: Too Many Requests. Falling back to DIRECT processing.,[ERROR] [Producer] Queue send failed after retries: Queue sendBatch failed: Too Many Requests. Falling back to DIRECT processing.,346e138aae29f6b381c1ebae50734856,cf-worker,a182c642af561a79ea097003474c6a2a,cron,[ERROR] [Producer] Queue send failed after retries: Queue sendBatch failed: Too Many Requests. Falling back to DIRECT processing.,undefined,undefined,undefined,[]
error,[ERROR] [Producer] FEED_QUEUE failed completely. Dropping 14 sources to avoid exceededCpu. Will retry next cycle.,cloudflare-workers,2026-03-17T15:00:53.842Z,false,"0,15,30,45 * * * *",1773759647000,job-hunter-bot,ok,cron,bf4a61a0-ee48-4507-88d6-944deccb04d3,stateless,BBG0E7LP93XI0AGG,01KKY50SYJZXZ0HN1NWGFQGJ6T,BBG0E7LP93XI0AGG,"0,15,30,45 * * * *",job-hunter-bot,error,[ERROR] [Producer] FEED_QUEUE failed completely. Dropping 14 sources to avoid exceededCpu. Will retry next cycle.,[ERROR] [Producer] FEED_QUEUE failed completely. Dropping 14 sources to avoid exceededCpu. Will retry next cycle.,346e138aae29f6b381c1ebae50734856,cf-worker,5d5f238a77d31219761bdec5211a9fd6,cron,[ERROR] [Producer] FEED_QUEUE failed completely. Dropping 14 sources to avoid exceededCpu. Will retry next cycle.,undefined,undefined,undefined,[]
error,[ERROR] [Producer] Queue send failed after retries: Queue sendBatch failed: Too Many Requests. Falling back to DIRECT processing.,cloudflare-workers,2026-03-17T15:00:53.842Z,false,"0,15,30,45 * * * *",1773759647000,job-hunter-bot,ok,cron,bf4a61a0-ee48-4507-88d6-944deccb04d3,stateless,BBG0E7LP93XI0AGG,01KKY50SYJZXZ0HN1NWGFQGJ6S,BBG0E7LP93XI0AGG,"0,15,30,45 * * * *",job-hunter-bot,error,[ERROR] [Producer] Queue send failed after retries: Queue sendBatch failed: Too Many Requests. Falling back to DIRECT processing.,[ERROR] [Producer] Queue send failed after retries: Queue sendBatch failed: Too Many Requests. Falling back to DIRECT processing.,346e138aae29f6b381c1ebae50734856,cf-worker,a182c642af561a79ea097003474c6a2a,cron,[ERROR] [Producer] Queue send failed after retries: Queue sendBatch failed: Too Many Requests. Falling back to DIRECT processing.,undefined,undefined,undefined,[]
error,[ERROR] [Producer] FEED_QUEUE failed completely. Dropping 12 sources to avoid exceededCpu. Will retry next cycle.,cloudflare-workers,2026-03-17T14:55:50.940Z,false,"10,25,40,55 * * * *",1773759347000,job-hunter-bot,ok,cron,bf4a61a0-ee48-4507-88d6-944deccb04d3,stateless,287O59OJERP7AQ1M,01KKY4QJQ780JC7R08J3M72M87,287O59OJERP7AQ1M,"10,25,40,55 * * * *",job-hunter-bot,error,[ERROR] [Producer] FEED_QUEUE failed completely. Dropping 12 sources to avoid exceededCpu. Will retry next cycle.,[ERROR] [Producer] FEED_QUEUE failed completely. Dropping 12 sources to avoid exceededCpu. Will retry next cycle.,346e138aae29f6b381c1ebae50734856,cf-worker,db2f4d94b13c097f107e6ce964f9dbd0,cron,[ERROR] [Producer] FEED_QUEUE failed completely. Dropping 12 sources to avoid exceededCpu. Will retry next cycle.,undefined,undefined,undefined,[]
error,[ERROR] [Producer] Queue send failed after retries: Queue sendBatch failed: Too Many Requests. Falling back to DIRECT processing.,cloudflare-workers,2026-03-17T14:55:50.940Z,false,"10,25,40,55 * * * *",1773759347000,job-hunter-bot,ok,cron,bf4a61a0-ee48-4507-88d6-944deccb04d3,stateless,287O59OJERP7AQ1M,01KKY4QJQ780JC7R08J3M72M86,287O59OJERP7AQ1M,"10,25,40,55 * * * *",job-hunter-bot,error,[ERROR] [Producer] Queue send failed after retries: Queue sendBatch failed: Too Many Requests. Falling back to DIRECT processing.,[ERROR] [Producer] Queue send failed after retries: Queue sendBatch failed: Too Many Requests. Falling back to DIRECT processing.,346e138aae29f6b381c1ebae50734856,cf-worker,a182c642af561a79ea097003474c6a2a,cron,[ERROR] [Producer] Queue send failed after retries: Queue sendBatch failed: Too Many Requests. Falling back to DIRECT processing.,undefined,undefined,undefined,[]
error,[ERROR] [Producer] FEED_QUEUE failed completely. Dropping 14 sources to avoid exceededCpu. Will retry next cycle.,cloudflare-workers,2026-03-17T14:50:51.206Z,false,"5,20,35,50 * * * *",1773759047000,job-hunter-bot,ok,cron,bf4a61a0-ee48-4507-88d6-944deccb04d3,stateless,D9X4XPI8OGDBP3DT,01KKY4EEBBFDEBEHB9HWGVC21H,D9X4XPI8OGDBP3DT,"5,20,35,50 * * * *",job-hunter-bot,error,[ERROR] [Producer] FEED_QUEUE failed completely. Dropping 14 sources to avoid exceededCpu. Will retry next cycle.,[ERROR] [Producer] FEED_QUEUE failed completely. Dropping 14 sources to avoid exceededCpu. Will retry next cycle.,346e138aae29f6b381c1ebae50734856,cf-worker,5d5f238a77d31219761bdec5211a9fd6,cron,[ERROR] [Producer] FEED_QUEUE failed completely. Dropping 14 sources to avoid exceededCpu. Will retry next cycle.,undefined,undefined,undefined,[]
error,[ERROR] [Producer] Queue send failed after retries: Queue sendBatch failed: Too Many Requests. Falling back to DIRECT processing.,cloudflare-workers,2026-03-17T14:50:51.206Z,false,"5,20,35,50 * * * *",1773759047000,job-hunter-bot,ok,cron,bf4a61a0-ee48-4507-88d6-944deccb04d3,stateless,D9X4XPI8OGDBP3DT,01KKY4EEBBFDEBEHB9HWGVC21G,D9X4XPI8OGDBP3DT,"5,20,35,50 * * * *",job-hunter-bot,error,[ERROR] [Producer] Queue send failed after retries: Queue sendBatch failed: Too Many Requests. Falling back to DIRECT processing.,[ERROR] [Producer] Queue send failed after retries: Queue sendBatch failed: Too Many Requests. Falling back to DIRECT processing.,346e138aae29f6b381c1ebae50734856,cf-worker,a182c642af561a79ea097003474c6a2a,cron,[ERROR] [Producer] Queue send failed after retries: Queue sendBatch failed: Too Many Requests. Falling back to DIRECT processing.,undefined,undefined,undefined,[]
error,[ERROR] [Producer] FEED_QUEUE failed completely. Dropping 14 sources to avoid exceededCpu. Will retry next cycle.,cloudflare-workers,2026-03-17T14:45:51.376Z,false,"0,15,30,45 * * * *",1773758747000,job-hunter-bot,ok,cron,bf4a61a0-ee48-4507-88d6-944deccb04d3,stateless,MAUK8VW1P3ZLS2S9,01KKY45AJF5B8B2X9TJ6ZYJKV9,MAUK8VW1P3ZLS2S9,"0,15,30,45 * * * *",job-hunter-bot,error,[ERROR] [Producer] FEED_QUEUE failed completely. Dropping 14 sources to avoid exceededCpu. Will retry next cycle.,[ERROR] [Producer] FEED_QUEUE failed completely. Dropping 14 sources to avoid exceededCpu. Will retry next cycle.,346e138aae29f6b381c1ebae50734856,cf-worker,5d5f238a77d31219761bdec5211a9fd6,cron,[ERROR] [Producer] FEED_QUEUE failed completely. Dropping 14 sources to avoid exceededCpu. Will retry next cycle.,undefined,undefined,undefined,[]
error,[ERROR] [Producer] Queue send failed after retries: Queue sendBatch failed: Too Many Requests. Falling back to DIRECT processing.,cloudflare-workers,2026-03-17T14:45:51.376Z,false,"0,15,30,45 * * * *",1773758747000,job-hunter-bot,ok,cron,bf4a61a0-ee48-4507-88d6-944deccb04d3,stateless,MAUK8VW1P3ZLS2S9,01KKY45AJF5B8B2X9TJ6ZYJKV8,MAUK8VW1P3ZLS2S9,"0,15,30,45 * * * *",job-hunter-bot,error,[ERROR] [Producer] Queue send failed after retries: Queue sendBatch failed: Too Many Requests. Falling back to DIRECT processing.,[ERROR] [Producer] Queue send failed after retries: Queue sendBatch failed: Too Many Requests. Falling back to DIRECT processing.,346e138aae29f6b381c1ebae50734856,cf-worker,a182c642af561a79ea097003474c6a2a,cron,[ERROR] [Producer] Queue send failed after retries: Queue sendBatch failed: Too Many Requests. Falling back to DIRECT processing.,undefined,undefined,undefined,[]
error,[ERROR] [Producer] FEED_QUEUE failed completely. Dropping 12 sources to avoid exceededCpu. Will retry next cycle.,cloudflare-workers,2026-03-17T14:40:52.118Z,false,"10,25,40,55 * * * *",1773758447000,job-hunter-bot,ok,cron,bf4a61a0-ee48-4507-88d6-944deccb04d3,stateless,0IBHSN4CAB1JJIER,01KKY3W4CP29VBST81J38E5DN2,0IBHSN4CAB1JJIER,"10,25,40,55 * * * *",job-hunter-bot,error,[ERROR] [Producer] FEED_QUEUE failed completely. Dropping 12 sources to avoid exceededCpu. Will retry next cycle.,[ERROR] [Producer] FEED_QUEUE failed completely. Dropping 12 sources to avoid exceededCpu. Will retry next cycle.,346e138aae29f6b381c1ebae50734856,cf-worker,db2f4d94b13c097f107e6ce964f9dbd0,cron,[ERROR] [Producer] FEED_QUEUE failed completely. Dropping 12 sources to avoid exceededCpu. Will retry next cycle.,undefined,undefined,undefined,[]
error,[ERROR] [Producer] Queue send failed after retries: Queue sendBatch failed: Too Many Requests. Falling back to DIRECT processing.,cloudflare-workers,2026-03-17T14:40:52.118Z,false,"10,25,40,55 * * * *",1773758447000,job-hunter-bot,ok,cron,bf4a61a0-ee48-4507-88d6-944deccb04d3,stateless,0IBHSN4CAB1JJIER,01KKY3W4CP29VBST81J38E5DN1,0IBHSN4CAB1JJIER,"10,25,40,55 * * * *",job-hunter-bot,error,[ERROR] [Producer] Queue send failed after retries: Queue sendBatch failed: Too Many Requests. Falling back to DIRECT processing.,[ERROR] [Producer] Queue send failed after retries: Queue sendBatch failed: Too Many Requests. Falling back to DIRECT processing.,346e138aae29f6b381c1ebae50734856,cf-worker,a182c642af561a79ea097003474c6a2a,cron,[ERROR] [Producer] Queue send failed after retries: Queue sendBatch failed: Too Many Requests. Falling back to DIRECT processing.,undefined,undefined,undefined,[]
error,[ERROR] [Producer] FEED_QUEUE failed completely. Dropping 14 sources to avoid exceededCpu. Will retry next cycle.,cloudflare-workers,2026-03-17T14:35:50.913Z,false,"5,20,35,50 * * * *",1773758147000,job-hunter-bot,ok,cron,bf4a61a0-ee48-4507-88d6-944deccb04d3,stateless,OKLXI8P8CRWQC9EG,01KKY3JY81EGW4TJ770328Z4BF,OKLXI8P8CRWQC9EG,"5,20,35,50 * * * *",job-hunter-bot,error,[ERROR] [Producer] FEED_QUEUE failed completely. Dropping 14 sources to avoid exceededCpu. Will retry next cycle.,[ERROR] [Producer] FEED_QUEUE failed completely. Dropping 14 sources to avoid exceededCpu. Will retry next cycle.,346e138aae29f6b381c1ebae50734856,cf-worker,5d5f238a77d31219761bdec5211a9fd6,cron,[ERROR] [Producer] FEED_QUEUE failed completely. Dropping 14 sources to avoid exceededCpu. Will retry next cycle.,undefined,undefined,undefined,[]
error,[ERROR] [Producer] Queue send failed after retries: Queue sendBatch failed: Too Many Requests. Falling back to DIRECT processing.,cloudflare-workers,2026-03-17T14:35:50.913Z,false,"5,20,35,50 * * * *",1773758147000,job-hunter-bot,ok,cron,bf4a61a0-ee48-4507-88d6-944deccb04d3,stateless,OKLXI8P8CRWQC9EG,01KKY3JY81EGW4TJ770328Z4BE,OKLXI8P8CRWQC9EG,"5,20,35,50 * * * *",job-hunter-bot,error,[ERROR] [Producer] Queue send failed after retries: Queue sendBatch failed: Too Many Requests. Falling back to DIRECT processing.,[ERROR] [Producer] Queue send failed after retries: Queue sendBatch failed: Too Many Requests. Falling back to DIRECT processing.,346e138aae29f6b381c1ebae50734856,cf-worker,a182c642af561a79ea097003474c6a2a,cron,[ERROR] [Producer] Queue send failed after retries: Queue sendBatch failed: Too Many Requests. Falling back to DIRECT processing.,undefined,undefined,undefined,[]
error,[ERROR] [Producer] FEED_QUEUE failed completely. Dropping 14 sources to avoid exceededCpu. Will retry next cycle.,cloudflare-workers,2026-03-17T14:30:52.361Z,false,"0,15,30,45 * * * *",1773757847000,job-hunter-bot,ok,cron,bf4a61a0-ee48-4507-88d6-944deccb04d3,stateless,555D4CR8WK3RI8G7,01KKY39TV5R5WBZGAWY1S4BR86,555D4CR8WK3RI8G7,"0,15,30,45 * * * *",job-hunter-bot,error,[ERROR] [Producer] FEED_QUEUE failed completely. Dropping 14 sources to avoid exceededCpu. Will retry next cycle.,[ERROR] [Producer] FEED_QUEUE failed completely. Dropping 14 sources to avoid exceededCpu. Will retry next cycle.,346e138aae29f6b381c1ebae50734856,cf-worker,5d5f238a77d31219761bdec5211a9fd6,cron,[ERROR] [Producer] FEED_QUEUE failed completely. Dropping 14 sources to avoid exceededCpu. Will retry next cycle.,undefined,undefined,undefined,[]
error,[ERROR] [Producer] Queue send failed after retries: Queue sendBatch failed: Too Many Requests. Falling back to DIRECT processing.,cloudflare-workers,2026-03-17T14:30:52.361Z,false,"0,15,30,45 * * * *",1773757847000,job-hunter-bot,ok,cron,bf4a61a0-ee48-4507-88d6-944deccb04d3,stateless,555D4CR8WK3RI8G7,01KKY39TV5R5WBZGAWY1S4BR85,555D4CR8WK3RI8G7,"0,15,30,45 * * * *",job-hunter-bot,error,[ERROR] [Producer] Queue send failed after retries: Queue sendBatch failed: Too Many Requests. Falling back to DIRECT processing.,[ERROR] [Producer] Queue send failed after retries: Queue sendBatch failed: Too Many Requests. Falling back to DIRECT processing.,346e138aae29f6b381c1ebae50734856,cf-worker,a182c642af561a79ea097003474c6a2a,cron,[ERROR] [Producer] Queue send failed after retries: Queue sendBatch failed: Too Many Requests. Falling back to DIRECT processing.,undefined,undefined,undefined,[]
error,[ERROR] [Producer] FEED_QUEUE failed completely. Dropping 12 sources to avoid exceededCpu. Will retry next cycle.,cloudflare-workers,2026-03-17T14:25:51.495Z,false,"10,25,40,55 * * * *",1773757547000,job-hunter-bot,ok,cron,bf4a61a0-ee48-4507-88d6-944deccb04d3,stateless,MXTPJ93G86R17JB7,01KKY312WJMCWFNRDBJE9RQJQC,MXTPJ93G86R17JB7,"10,25,40,55 * * * *",job-hunter-bot,error,[ERROR] [Producer] FEED_QUEUE failed completely. Dropping 12 sources to avoid exceededCpu. Will retry next cycle.,[ERROR] [Producer] FEED_QUEUE failed completely. Dropping 12 sources to avoid exceededCpu. Will retry next cycle.,346e138aae29f6b381c1ebae50734856,cf-worker,db2f4d94b13c097f107e6ce964f9dbd0,cron,[ERROR] [Producer] FEED_QUEUE failed completely. Dropping 12 sources to avoid exceededCpu. Will retry next cycle.,undefined,undefined,undefined,[]
error,[ERROR] [Producer] Queue send failed after retries: Queue sendBatch failed: Too Many Requests. Falling back to DIRECT processing.,cloudflare-workers,2026-03-17T14:25:51.495Z,false,"10,25,40,55 * * * *",1773757547000,job-hunter-bot,ok,cron,bf4a61a0-ee48-4507-88d6-944deccb04d3,stateless,MXTPJ93G86R17JB7,01KKY312WJMCWFNRDBJE9RQJQB,MXTPJ93G86R17JB7,"10,25,40,55 * * * *",job-hunter-bot,error,[ERROR] [Producer] Queue send failed after retries: Queue sendBatch failed: Too Many Requests. Falling back to DIRECT processing.,[ERROR] [Producer] Queue send failed after retries: Queue sendBatch failed: Too Many Requests. Falling back to DIRECT processing.,346e138aae29f6b381c1ebae50734856,cf-worker,a182c642af561a79ea097003474c6a2a,cron,[ERROR] [Producer] Queue send failed after retries: Queue sendBatch failed: Too Many Requests. Falling back to DIRECT processing.,undefined,undefined,undefined,[]
error,[ERROR] [Producer] FEED_QUEUE failed completely. Dropping 14 sources to avoid exceededCpu. Will retry next cycle.,cloudflare-workers,2026-03-17T14:20:52.098Z,false,"5,20,35,50 * * * *",1773757247000,job-hunter-bot,ok,cron,bf4a61a0-ee48-4507-88d6-944deccb04d3,stateless,TDVDL5X67E5K7WFV,01KKY2QHFRBS5VSZNBZG17VAWT,TDVDL5X67E5K7WFV,"5,20,35,50 * * * *",job-hunter-bot,error,[ERROR] [Producer] FEED_QUEUE failed completely. Dropping 14 sources to avoid exceededCpu. Will retry next cycle.,[ERROR] [Producer] FEED_QUEUE failed completely. Dropping 14 sources to avoid exceededCpu. Will retry next cycle.,346e138aae29f6b381c1ebae50734856,cf-worker,5d5f238a77d31219761bdec5211a9fd6,cron,[ERROR] [Producer] FEED_QUEUE failed completely. Dropping 14 sources to avoid exceededCpu. Will retry next cycle.,undefined,undefined,undefined,[]
error,[ERROR] [Producer] Queue send failed after retries: Queue sendBatch failed: Too Many Requests. Falling back to DIRECT processing.,cloudflare-workers,2026-03-17T14:20:52.098Z,false,"5,20,35,50 * * * *",1773757247000,job-hunter-bot,ok,cron,bf4a61a0-ee48-4507-88d6-944deccb04d3,stateless,TDVDL5X67E5K7WFV,01KKY2QHFRBS5VSZNBZG17VAWS,TDVDL5X67E5K7WFV,"5,20,35,50 * * * *",job-hunter-bot,error,[ERROR] [Producer] Queue send failed after retries: Queue sendBatch failed: Too Many Requests. Falling back to DIRECT processing.,[ERROR] [Producer] Queue send failed after retries: Queue sendBatch failed: Too Many Requests. Falling back to DIRECT processing.,346e138aae29f6b381c1ebae50734856,cf-worker,a182c642af561a79ea097003474c6a2a,cron,[ERROR] [Producer] Queue send failed after retries: Queue sendBatch failed: Too Many Requests. Falling back to DIRECT processing.,undefined,undefined,undefined,[]
error,[ERROR] [Producer] FEED_QUEUE failed completely. Dropping 14 sources to avoid exceededCpu. Will retry next cycle.,cloudflare-workers,2026-03-17T14:15:52.216Z,false,"0,15,30,45 * * * *",1773756947000,job-hunter-bot,ok,cron,bf4a61a0-ee48-4507-88d6-944deccb04d3,stateless,UIKUT8NYQ0AR8EX7,01KKY2EBMRFPC7BJK1XDWQW8JN,UIKUT8NYQ0AR8EX7,"0,15,30,45 * * * *",job-hunter-bot,error,[ERROR] [Producer] FEED_QUEUE failed completely. Dropping 14 sources to avoid exceededCpu. Will retry next cycle.,[ERROR] [Producer] FEED_QUEUE failed completely. Dropping 14 sources to avoid exceededCpu. Will retry next cycle.,346e138aae29f6b381c1ebae50734856,cf-worker,5d5f238a77d31219761bdec5211a9fd6,cron,[ERROR] [Producer] FEED_QUEUE failed completely. Dropping 14 sources to avoid exceededCpu. Will retry next cycle.,undefined,undefined,undefined,[]
error,[ERROR] [Producer] Queue send failed after retries: Queue sendBatch failed: Too Many Requests. Falling back to DIRECT processing.,cloudflare-workers,2026-03-17T14:15:52.216Z,false,"0,15,30,45 * * * *",1773756947000,job-hunter-bot,ok,cron,bf4a61a0-ee48-4507-88d6-944deccb04d3,stateless,UIKUT8NYQ0AR8EX7,01KKY2EBMRFPC7BJK1XDWQW8JM,UIKUT8NYQ0AR8EX7,"0,15,30,45 * * * *",job-hunter-bot,error,[ERROR] [Producer] Queue send failed after retries: Queue sendBatch failed: Too Many Requests. Falling back to DIRECT processing.,[ERROR] [Producer] Queue send failed after retries: Queue sendBatch failed: Too Many Requests. Falling back to DIRECT processing.,346e138aae29f6b381c1ebae50734856,cf-worker,a182c642af561a79ea097003474c6a2a,cron,[ERROR] [Producer] Queue send failed after retries: Queue sendBatch failed: Too Many Requests. Falling back to DIRECT processing.,undefined,undefined,undefined,[]
error,[ERROR] [Producer] FEED_QUEUE failed completely. Dropping 12 sources to avoid exceededCpu. Will retry next cycle.,cloudflare-workers,2026-03-17T14:10:51.479Z,false,"10,25,40,55 * * * *",1773756647000,job-hunter-bot,ok,cron,bf4a61a0-ee48-4507-88d6-944deccb04d3,stateless,0VWBPWO0LFG93R9T,01KKY25632HWBF7A56GAGD0XGJ,0VWBPWO0LFG93R9T,"10,25,40,55 * * * *",job-hunter-bot,error,[ERROR] [Producer] FEED_QUEUE failed completely. Dropping 12 sources to avoid exceededCpu. Will retry next cycle.,[ERROR] [Producer] FEED_QUEUE failed completely. Dropping 12 sources to avoid exceededCpu. Will retry next cycle.,346e138aae29f6b381c1ebae50734856,cf-worker,db2f4d94b13c097f107e6ce964f9dbd0,cron,[ERROR] [Producer] FEED_QUEUE failed completely. Dropping 12 sources to avoid exceededCpu. Will retry next cycle.,undefined,undefined,undefined,[]
error,[ERROR] [Producer] Queue send failed after retries: Queue sendBatch failed: Too Many Requests. Falling back to DIRECT processing.,cloudflare-workers,2026-03-17T14:10:51.479Z,false,"10,25,40,55 * * * *",1773756647000,job-hunter-bot,ok,cron,bf4a61a0-ee48-4507-88d6-944deccb04d3,stateless,0VWBPWO0LFG93R9T,01KKY25632HWBF7A56GAGD0XGH,0VWBPWO0LFG93R9T,"10,25,40,55 * * * *",job-hunter-bot,error,[ERROR] [Producer] Queue send failed after retries: Queue sendBatch failed: Too Many Requests. Falling back to DIRECT processing.,[ERROR] [Producer] Queue send failed after retries: Queue sendBatch failed: Too Many Requests. Falling back to DIRECT processing.,346e138aae29f6b381c1ebae50734856,cf-worker,a182c642af561a79ea097003474c6a2a,cron,[ERROR] [Producer] Queue send failed after retries: Queue sendBatch failed: Too Many Requests. Falling back to DIRECT processing.,undefined,undefined,undefined,[]
error,[ERROR] [Producer] FEED_QUEUE failed completely. Dropping 14 sources to avoid exceededCpu. Will retry next cycle.,cloudflare-workers,2026-03-17T14:05:51.584Z,false,"5,20,35,50 * * * *",1773756347000,job-hunter-bot,ok,cron,bf4a61a0-ee48-4507-88d6-944deccb04d3,stateless,0VUPKJVP24ZXD4TK,01KKY1WEZG5CXXM6H0ZX82WFE6,0VUPKJVP24ZXD4TK,"5,20,35,50 * * * *",job-hunter-bot,error,[ERROR] [Producer] FEED_QUEUE failed completely. Dropping 14 sources to avoid exceededCpu. Will retry next cycle.,[ERROR] [Producer] FEED_QUEUE failed completely. Dropping 14 sources to avoid exceededCpu. Will retry next cycle.,346e138aae29f6b381c1ebae50734856,cf-worker,5d5f238a77d31219761bdec5211a9fd6,cron,[ERROR] [Producer] FEED_QUEUE failed completely. Dropping 14 sources to avoid exceededCpu. Will retry next cycle.,undefined,undefined,undefined,[]
error,[ERROR] [Producer] Queue send failed after retries: Queue sendBatch failed: Too Many Requests. Falling back to DIRECT processing.,cloudflare-workers,2026-03-17T14:05:51.584Z,false,"5,20,35,50 * * * *",1773756347000,job-hunter-bot,ok,cron,bf4a61a0-ee48-4507-88d6-944deccb04d3,stateless,0VUPKJVP24ZXD4TK,01KKY1WEZG5CXXM6H0ZX82WFE5,0VUPKJVP24ZXD4TK,"5,20,35,50 * * * *",job-hunter-bot,error,[ERROR] [Producer] Queue send failed after retries: Queue sendBatch failed: Too Many Requests. Falling back to DIRECT processing.,[ERROR] [Producer] Queue send failed after retries: Queue sendBatch failed: Too Many Requests. Falling back to DIRECT processing.,346e138aae29f6b381c1ebae50734856,cf-worker,a182c642af561a79ea097003474c6a2a,cron,[ERROR] [Producer] Queue send failed after retries: Queue sendBatch failed: Too Many Requests. Falling back to DIRECT processing.,undefined,undefined,undefined,[]
error,[ERROR] [Producer] FEED_QUEUE failed completely. Dropping 14 sources to avoid exceededCpu. Will retry next cycle.,cloudflare-workers,2026-03-17T14:00:53.582Z,false,"0,15,30,45 * * * *",1773756047000,job-hunter-bot,ok,cron,bf4a61a0-ee48-4507-88d6-944deccb04d3,stateless,Z56N713WC6UKJG2R,01KKY1JY2ED4BDSK0T24NSDY0B,Z56N713WC6UKJG2R,"0,15,30,45 * * * *",job-hunter-bot,error,[ERROR] [Producer] FEED_QUEUE failed completely. Dropping 14 sources to avoid exceededCpu. Will retry next cycle.,[ERROR] [Producer] FEED_QUEUE failed completely. Dropping 14 sources to avoid exceededCpu. Will retry next cycle.,346e138aae29f6b381c1ebae50734856,cf-worker,5d5f238a77d31219761bdec5211a9fd6,cron,[ERROR] [Producer] FEED_QUEUE failed completely. Dropping 14 sources to avoid exceededCpu. Will retry next cycle.,undefined,undefined,undefined,[]
error,[ERROR] [Producer] Queue send failed after retries: Queue sendBatch failed: Too Many Requests. Falling back to DIRECT processing.,cloudflare-workers,2026-03-17T14:00:53.582Z,false,"0,15,30,45 * * * *",1773756047000,job-hunter-bot,ok,cron,bf4a61a0-ee48-4507-88d6-944deccb04d3,stateless,Z56N713WC6UKJG2R,01KKY1JY2ED4BDSK0T24NSDY0A,Z56N713WC6UKJG2R,"0,15,30,45 * * * *",job-hunter-bot,error,[ERROR] [Producer] Queue send failed after retries: Queue sendBatch failed: Too Many Requests. Falling back to DIRECT processing.,[ERROR] [Producer] Queue send failed after retries: Queue sendBatch failed: Too Many Requests. Falling back to DIRECT processing.,346e138aae29f6b381c1ebae50734856,cf-worker,a182c642af561a79ea097003474c6a2a,cron,[ERROR] [Producer] Queue send failed after retries: Queue sendBatch failed: Too Many Requests. Falling back to DIRECT processing.,undefined,undefined,undefined,[]
error,[ERROR] [Producer] FEED_QUEUE failed completely. Dropping 12 sources to avoid exceededCpu. Will retry next cycle.,cloudflare-workers,2026-03-17T13:55:51.021Z,false,"10,25,40,55 * * * *",1773755747000,job-hunter-bot,ok,cron,bf4a61a0-ee48-4507-88d6-944deccb04d3,stateless,OBXBWRHOY1O1LHLG,01KKY19PRQBT8EHBJ4YBEKQG2Z,OBXBWRHOY1O1LHLG,"10,25,40,55 * * * *",job-hunter-bot,error,[ERROR] [Producer] FEED_QUEUE failed completely. Dropping 12 sources to avoid exceededCpu. Will retry next cycle.,[ERROR] [Producer] FEED_QUEUE failed completely. Dropping 12 sources to avoid exceededCpu. Will retry next cycle.,346e138aae29f6b381c1ebae50734856,cf-worker,db2f4d94b13c097f107e6ce964f9dbd0,cron,[ERROR] [Producer] FEED_QUEUE failed completely. Dropping 12 sources to avoid exceededCpu. Will retry next cycle.,undefined,undefined,undefined,[]
error,[ERROR] [Producer] Queue send failed after retries: Queue sendBatch failed: Too Many Requests. Falling back to DIRECT processing.,cloudflare-workers,2026-03-17T13:55:51.021Z,false,"10,25,40,55 * * * *",1773755747000,job-hunter-bot,ok,cron,bf4a61a0-ee48-4507-88d6-944deccb04d3,stateless,OBXBWRHOY1O1LHLG,01KKY19PRQBT8EHBJ4YBEKQG2Y,OBXBWRHOY1O1LHLG,"10,25,40,55 * * * *",job-hunter-bot,error,[ERROR] [Producer] Queue send failed after retries: Queue sendBatch failed: Too Many Requests. Falling back to DIRECT processing.,[ERROR] [Producer] Queue send failed after retries: Queue sendBatch failed: Too Many Requests. Falling back to DIRECT processing.,346e138aae29f6b381c1ebae50734856,cf-worker,a182c642af561a79ea097003474c6a2a,cron,[ERROR] [Producer] Queue send failed after retries: Queue sendBatch failed: Too Many Requests. Falling back to DIRECT processing.,undefined,undefined,undefined,[]
error,[ERROR] [Producer] FEED_QUEUE failed completely. Dropping 14 sources to avoid exceededCpu. Will retry next cycle.,cloudflare-workers,2026-03-17T13:50:51.464Z,false,"5,20,35,50 * * * *",1773755447000,job-hunter-bot,ok,cron,bf4a61a0-ee48-4507-88d6-944deccb04d3,stateless,I18F2JW2WSKV8UZR,01KKY10JGYG4CFMA7G1NAS4EFG,I18F2JW2WSKV8UZR,"5,20,35,50 * * * *",job-hunter-bot,error,[ERROR] [Producer] FEED_QUEUE failed completely. Dropping 14 sources to avoid exceededCpu. Will retry next cycle.,[ERROR] [Producer] FEED_QUEUE failed completely. Dropping 14 sources to avoid exceededCpu. Will retry next cycle.,346e138aae29f6b381c1ebae50734856,cf-worker,5d5f238a77d31219761bdec5211a9fd6,cron,[ERROR] [Producer] FEED_QUEUE failed completely. Dropping 14 sources to avoid exceededCpu. Will retry next cycle.,undefined,undefined,undefined,[]
error,[ERROR] [Producer] Queue send failed after retries: Queue sendBatch failed: Too Many Requests. Falling back to DIRECT processing.,cloudflare-workers,2026-03-17T13:50:51.464Z,false,"5,20,35,50 * * * *",1773755447000,job-hunter-bot,ok,cron,bf4a61a0-ee48-4507-88d6-944deccb04d3,stateless,I18F2JW2WSKV8UZR,01KKY10JGYG4CFMA7G1NAS4EFF,I18F2JW2WSKV8UZR,"5,20,35,50 * * * *",job-hunter-bot,error,[ERROR] [Producer] Queue send failed after retries: Queue sendBatch failed: Too Many Requests. Falling back to DIRECT processing.,[ERROR] [Producer] Queue send failed after retries: Queue sendBatch failed: Too Many Requests. Falling back to DIRECT processing.,346e138aae29f6b381c1ebae50734856,cf-worker,a182c642af561a79ea097003474c6a2a,cron,[ERROR] [Producer] Queue send failed after retries: Queue sendBatch failed: Too Many Requests. Falling back to DIRECT processing.,undefined,undefined,undefined,[]
error,[ERROR] [Producer] FEED_QUEUE failed completely. Dropping 14 sources to avoid exceededCpu. Will retry next cycle.,cloudflare-workers,2026-03-17T13:45:51.414Z,false,"0,15,30,45 * * * *",1773755147000,job-hunter-bot,ok,cron,bf4a61a0-ee48-4507-88d6-944deccb04d3,stateless,EV04G954N5KZWGX8,01KKY0QFB2P03VBT4BBA5DTZRA,EV04G954N5KZWGX8,"0,15,30,45 * * * *",job-hunter-bot,error,[ERROR] [Producer] FEED_QUEUE failed completely. Dropping 14 sources to avoid exceededCpu. Will retry next cycle.,[ERROR] [Producer] FEED_QUEUE failed completely. Dropping 14 sources to avoid exceededCpu. Will retry next cycle.,346e138aae29f6b381c1ebae50734856,cf-worker,5d5f238a77d31219761bdec5211a9fd6,cron,[ERROR] [Producer] FEED_QUEUE failed completely. Dropping 14 sources to avoid exceededCpu. Will retry next cycle.,undefined,undefined,undefined,[]
error,[ERROR] [Producer] Queue send failed after retries: Queue sendBatch failed: Too Many Requests. Falling back to DIRECT processing.,cloudflare-workers,2026-03-17T13:45:51.414Z,false,"0,15,30,45 * * * *",1773755147000,job-hunter-bot,ok,cron,bf4a61a0-ee48-4507-88d6-944deccb04d3,stateless,EV04G954N5KZWGX8,01KKY0QFB2P03VBT4BBA5DTZR9,EV04G954N5KZWGX8,"0,15,30,45 * * * *",job-hunter-bot,error,[ERROR] [Producer] Queue send failed after retries: Queue sendBatch failed: Too Many Requests. Falling back to DIRECT processing.,[ERROR] [Producer] Queue send failed after retries: Queue sendBatch failed: Too Many Requests. Falling back to DIRECT processing.,346e138aae29f6b381c1ebae50734856,cf-worker,a182c642af561a79ea097003474c6a2a,cron,[ERROR] [Producer] Queue send failed after retries: Queue sendBatch failed: Too Many Requests. Falling back to DIRECT processing.,undefined,undefined,undefined,[]
error,[ERROR] [Producer] FEED_QUEUE failed completely. Dropping 12 sources to avoid exceededCpu. Will retry next cycle.,cloudflare-workers,2026-03-17T13:40:51.565Z,false,"10,25,40,55 * * * *",1773754847000,job-hunter-bot,ok,cron,bf4a61a0-ee48-4507-88d6-944deccb04d3,stateless,QO7E5HE0RA2T8A8C,01KKY0E87DKBJDK6PCS1A5MKJT,QO7E5HE0RA2T8A8C,"10,25,40,55 * * * *",job-hunter-bot,error,[ERROR] [Producer] FEED_QUEUE failed completely. Dropping 12 sources to avoid exceededCpu. Will retry next cycle.,[ERROR] [Producer] FEED_QUEUE failed completely. Dropping 12 sources to avoid exceededCpu. Will retry next cycle.,346e138aae29f6b381c1ebae50734856,cf-worker,db2f4d94b13c097f107e6ce964f9dbd0,cron,[ERROR] [Producer] FEED_QUEUE failed completely. Dropping 12 sources to avoid exceededCpu. Will retry next cycle.,undefined,undefined,undefined,[]
error,[ERROR] [Producer] Queue send failed after retries: Queue sendBatch failed: Too Many Requests. Falling back to DIRECT processing.,cloudflare-workers,2026-03-17T13:40:51.565Z,false,"10,25,40,55 * * * *",1773754847000,job-hunter-bot,ok,cron,bf4a61a0-ee48-4507-88d6-944deccb04d3,stateless,QO7E5HE0RA2T8A8C,01KKY0E87DKBJDK6PCS1A5MKJS,QO7E5HE0RA2T8A8C,"10,25,40,55 * * * *",job-hunter-bot,error,[ERROR] [Producer] Queue send failed after retries: Queue sendBatch failed: Too Many Requests. Falling back to DIRECT processing.,[ERROR] [Producer] Queue send failed after retries: Queue sendBatch failed: Too Many Requests. Falling back to DIRECT processing.,346e138aae29f6b381c1ebae50734856,cf-worker,a182c642af561a79ea097003474c6a2a,cron,[ERROR] [Producer] Queue send failed after retries: Queue sendBatch failed: Too Many Requests. Falling back to DIRECT processing.,undefined,undefined,undefined,[]
error,[ERROR] [Producer] FEED_QUEUE failed completely. Dropping 14 sources to avoid exceededCpu. Will retry next cycle.,cloudflare-workers,2026-03-17T13:35:51.090Z,false,"5,20,35,50 * * * *",1773754547000,job-hunter-bot,ok,cron,bf4a61a0-ee48-4507-88d6-944deccb04d3,stateless,YXYAQXSQOI53NMJO,01KKY052SJ75FP0W71NTXJEY4W,YXYAQXSQOI53NMJO,"5,20,35,50 * * * *",job-hunter-bot,error,[ERROR] [Producer] FEED_QUEUE failed completely. Dropping 14 sources to avoid exceededCpu. Will retry next cycle.,[ERROR] [Producer] FEED_QUEUE failed completely. Dropping 14 sources to avoid exceededCpu. Will retry next cycle.,346e138aae29f6b381c1ebae50734856,cf-worker,5d5f238a77d31219761bdec5211a9fd6,cron,[ERROR] [Producer] FEED_QUEUE failed completely. Dropping 14 sources to avoid exceededCpu. Will retry next cycle.,undefined,undefined,undefined,[]
error,[ERROR] [Producer] Queue send failed after retries: Queue sendBatch failed: Too Many Requests. Falling back to DIRECT processing.,cloudflare-workers,2026-03-17T13:35:51.090Z,false,"5,20,35,50 * * * *",1773754547000,job-hunter-bot,ok,cron,bf4a61a0-ee48-4507-88d6-944deccb04d3,stateless,YXYAQXSQOI53NMJO,01KKY052SJ75FP0W71NTXJEY4V,YXYAQXSQOI53NMJO,"5,20,35,50 * * * *",job-hunter-bot,error,[ERROR] [Producer] Queue send failed after retries: Queue sendBatch failed: Too Many Requests. Falling back to DIRECT processing.,[ERROR] [Producer] Queue send failed after retries: Queue sendBatch failed: Too Many Requests. Falling back to DIRECT processing.,346e138aae29f6b381c1ebae50734856,cf-worker,a182c642af561a79ea097003474c6a2a,cron,[ERROR] [Producer] Queue send failed after retries: Queue sendBatch failed: Too Many Requests. Falling back to DIRECT processing.,undefined,undefined,undefined,[]
error,[ERROR] [Producer] FEED_QUEUE failed completely. Dropping 14 sources to avoid exceededCpu. Will retry next cycle.,cloudflare-workers,2026-03-17T13:30:52.267Z,false,"0,15,30,45 * * * *",1773754247000,job-hunter-bot,ok,cron,bf4a61a0-ee48-4507-88d6-944deccb04d3,stateless,KF9HPATKLYH21Z53,01KKXZVZMCNM8KXYYFVYNRXESS,KF9HPATKLYH21Z53,"0,15,30,45 * * * *",job-hunter-bot,error,[ERROR] [Producer] FEED_QUEUE failed completely. Dropping 14 sources to avoid exceededCpu. Will retry next cycle.,[ERROR] [Producer] FEED_QUEUE failed completely. Dropping 14 sources to avoid exceededCpu. Will retry next cycle.,346e138aae29f6b381c1ebae50734856,cf-worker,5d5f238a77d31219761bdec5211a9fd6,cron,[ERROR] [Producer] FEED_QUEUE failed completely. Dropping 14 sources to avoid exceededCpu. Will retry next cycle.,undefined,undefined,undefined,[]
error,[ERROR] [Producer] Queue send failed after retries: Queue sendBatch failed: Too Many Requests. Falling back to DIRECT processing.,cloudflare-workers,2026-03-17T13:30:52.267Z,false,"0,15,30,45 * * * *",1773754247000,job-hunter-bot,ok,cron,bf4a61a0-ee48-4507-88d6-944deccb04d3,stateless,KF9HPATKLYH21Z53,01KKXZVZMCNM8KXYYFVYNRXESR,KF9HPATKLYH21Z53,"0,15,30,45 * * * *",job-hunter-bot,error,[ERROR] [Producer] Queue send failed after retries: Queue sendBatch failed: Too Many Requests. Falling back to DIRECT processing.,[ERROR] [Producer] Queue send failed after retries: Queue sendBatch failed: Too Many Requests. Falling back to DIRECT processing.,346e138aae29f6b381c1ebae50734856,cf-worker,a182c642af561a79ea097003474c6a2a,cron,[ERROR] [Producer] Queue send failed after retries: Queue sendBatch failed: Too Many Requests. Falling back to DIRECT processing.,undefined,undefined,undefined,[]
error,[ERROR] [Producer] FEED_QUEUE failed completely. Dropping 12 sources to avoid exceededCpu. Will retry next cycle.,cloudflare-workers,2026-03-17T13:25:50.731Z,false,"10,25,40,55 * * * *",1773753947000,job-hunter-bot,ok,cron,bf4a61a0-ee48-4507-88d6-944deccb04d3,stateless,GM2KQGESA32V151A,01KKXZK84AVDNEXHG5W61GGZ7S,GM2KQGESA32V151A,"10,25,40,55 * * * *",job-hunter-bot,error,[ERROR] [Producer] FEED_QUEUE failed completely. Dropping 12 sources to avoid exceededCpu. Will retry next cycle.,[ERROR] [Producer] FEED_QUEUE failed completely. Dropping 12 sources to avoid exceededCpu. Will retry next cycle.,346e138aae29f6b381c1ebae50734856,cf-worker,db2f4d94b13c097f107e6ce964f9dbd0,cron,[ERROR] [Producer] FEED_QUEUE failed completely. Dropping 12 sources to avoid exceededCpu. Will retry next cycle.,undefined,undefined,undefined,[]
error,[ERROR] [Producer] Queue send failed after retries: Queue sendBatch failed: Too Many Requests. Falling back to DIRECT processing.,cloudflare-workers,2026-03-17T13:25:50.731Z,false,"10,25,40,55 * * * *",1773753947000,job-hunter-bot,ok,cron,bf4a61a0-ee48-4507-88d6-944deccb04d3,stateless,GM2KQGESA32V151A,01KKXZK84AVDNEXHG5W61GGZ7R,GM2KQGESA32V151A,"10,25,40,55 * * * *",job-hunter-bot,error,[ERROR] [Producer] Queue send failed after retries: Queue sendBatch failed: Too Many Requests. Falling back to DIRECT processing.,[ERROR] [Producer] Queue send failed after retries: Queue sendBatch failed: Too Many Requests. Falling back to DIRECT processing.,346e138aae29f6b381c1ebae50734856,cf-worker,a182c642af561a79ea097003474c6a2a,cron,[ERROR] [Producer] Queue send failed after retries: Queue sendBatch failed: Too Many Requests. Falling back to DIRECT processing.,undefined,undefined,undefined,[]
error,[ERROR] [Producer] FEED_QUEUE failed completely. Dropping 14 sources to avoid exceededCpu. Will retry next cycle.,cloudflare-workers,2026-03-17T13:20:51.157Z,false,"5,20,35,50 * * * *",1773753647000,job-hunter-bot,ok,cron,bf4a61a0-ee48-4507-88d6-944deccb04d3,stateless,NFPTNW0EE4TXBRFV,01KKXZ9M9GAMX8AW4V0F2X5A79,NFPTNW0EE4TXBRFV,"5,20,35,50 * * * *",job-hunter-bot,error,[ERROR] [Producer] FEED_QUEUE failed completely. Dropping 14 sources to avoid exceededCpu. Will retry next cycle.,[ERROR] [Producer] FEED_QUEUE failed completely. Dropping 14 sources to avoid exceededCpu. Will retry next cycle.,346e138aae29f6b381c1ebae50734856,cf-worker,5d5f238a77d31219761bdec5211a9fd6,cron,[ERROR] [Producer] FEED_QUEUE failed completely. Dropping 14 sources to avoid exceededCpu. Will retry next cycle.,undefined,undefined,undefined,[]
error,[ERROR] [Producer] Queue send failed after retries: Queue sendBatch failed: Too Many Requests. Falling back to DIRECT processing.,cloudflare-workers,2026-03-17T13:20:51.157Z,false,"5,20,35,50 * * * *",1773753647000,job-hunter-bot,ok,cron,bf4a61a0-ee48-4507-88d6-944deccb04d3,stateless,NFPTNW0EE4TXBRFV,01KKXZ9M9GAMX8AW4V0F2X5A78,NFPTNW0EE4TXBRFV,"5,20,35,50 * * * *",job-hunter-bot,error,[ERROR] [Producer] Queue send failed after retries: Queue sendBatch failed: Too Many Requests. Falling back to DIRECT processing.,[ERROR] [Producer] Queue send failed after retries: Queue sendBatch failed: Too Many Requests. Falling back to DIRECT processing.,346e138aae29f6b381c1ebae50734856,cf-worker,a182c642af561a79ea097003474c6a2a,cron,[ERROR] [Producer] Queue send failed after retries: Queue sendBatch failed: Too Many Requests. Falling back to DIRECT processing.,undefined,undefined,undefined,[]
error,[ERROR] [Producer] FEED_QUEUE failed completely. Dropping 14 sources to avoid exceededCpu. Will retry next cycle.,cloudflare-workers,2026-03-17T13:15:51.074Z,false,"0,15,30,45 * * * *",1773753347000,job-hunter-bot,ok,cron,bf4a61a0-ee48-4507-88d6-944deccb04d3,stateless,QICHHRRE0WNZ1G2F,01KKXZ0F71EGYD2A8NTKJE64H0,QICHHRRE0WNZ1G2F,"0,15,30,45 * * * *",job-hunter-bot,error,[ERROR] [Producer] FEED_QUEUE failed completely. Dropping 14 sources to avoid exceededCpu. Will retry next cycle.,[ERROR] [Producer] FEED_QUEUE failed completely. Dropping 14 sources to avoid exceededCpu. Will retry next cycle.,346e138aae29f6b381c1ebae50734856,cf-worker,5d5f238a77d31219761bdec5211a9fd6,cron,[ERROR] [Producer] FEED_QUEUE failed completely. Dropping 14 sources to avoid exceededCpu. Will retry next cycle.,undefined,undefined,undefined,[]
error,[ERROR] [Producer] Queue send failed after retries: Queue sendBatch failed: Too Many Requests. Falling back to DIRECT processing.,cloudflare-workers,2026-03-17T13:15:51.074Z,false,"0,15,30,45 * * * *",1773753347000,job-hunter-bot,ok,cron,bf4a61a0-ee48-4507-88d6-944deccb04d3,stateless,QICHHRRE0WNZ1G2F,01KKXZ0F71EGYD2A8NTKJE64GZ,QICHHRRE0WNZ1G2F,"0,15,30,45 * * * *",job-hunter-bot,error,[ERROR] [Producer] Queue send failed after retries: Queue sendBatch failed: Too Many Requests. Falling back to DIRECT processing.,[ERROR] [Producer] Queue send failed after retries: Queue sendBatch failed: Too Many Requests. Falling back to DIRECT processing.,346e138aae29f6b381c1ebae50734856,cf-worker,a182c642af561a79ea097003474c6a2a,cron,[ERROR] [Producer] Queue send failed after retries: Queue sendBatch failed: Too Many Requests. Falling back to DIRECT processing.,undefined,undefined,undefined,[]
error,"[ERROR] [Discovery] Vector ""search"" failed: Vector execution timed out after 110s",cloudflare-workers,2026-03-17T13:14:29.091Z,false,,,job-hunter-bot,ok,queue,bf4a61a0-ee48-4507-88d6-944deccb04d3,stateless,982IDELJZX4C5FZO,01KKXYXYV301DME5Q8ZR8DH4BP,982IDELJZX4C5FZO,discovery-queue,job-hunter-bot,error,"[ERROR] [Discovery] Vector ""search"" failed: Vector execution timed out after 110s","[ERROR] [Discovery] Vector ""search"" failed: Vector execution timed out after 110s",346e138aae29f6b381c1ebae50734856,cf-worker,d4ca89458359150b23ce2d62901152c1,queue,"[ERROR] [Discovery] Vector ""search"" failed: Vector execution timed out after 110s",undefined,undefined,undefined,[]
error,"[ERROR] [Discovery] Vector ""search"" failed: Vector execution timed out after 110s",cloudflare-workers,2026-03-17T13:12:38.089Z,false,,,job-hunter-bot,ok,queue,bf4a61a0-ee48-4507-88d6-944deccb04d3,stateless,HYF33WF5AB4E15UR,01KKXYTJESECCP3JYP0GWKJJR0,HYF33WF5AB4E15UR,discovery-queue,job-hunter-bot,error,"[ERROR] [Discovery] Vector ""search"" failed: Vector execution timed out after 110s","[ERROR] [Discovery] Vector ""search"" failed: Vector execution timed out after 110s",346e138aae29f6b381c1ebae50734856,cf-worker,d4ca89458359150b23ce2d62901152c1,queue,"[ERROR] [Discovery] Vector ""search"" failed: Vector execution timed out after 110s",undefined,undefined,undefined,[]
error,[ERROR] [Producer] FEED_QUEUE failed completely. Dropping 12 sources to avoid exceededCpu. Will retry next cycle.,cloudflare-workers,2026-03-17T13:10:50.466Z,false,"10,25,40,55 * * * *",1773753047000,job-hunter-bot,ok,cron,bf4a61a0-ee48-4507-88d6-944deccb04d3,stateless,JHGGYK3E3ILAZCNC,01KKXYQ9B2J1PN7PA4PPTCCDCV,JHGGYK3E3ILAZCNC,"10,25,40,55 * * * *",job-hunter-bot,error,[ERROR] [Producer] FEED_QUEUE failed completely. Dropping 12 sources to avoid exceededCpu. Will retry next cycle.,[ERROR] [Producer] FEED_QUEUE failed completely. Dropping 12 sources to avoid exceededCpu. Will retry next cycle.,346e138aae29f6b381c1ebae50734856,cf-worker,db2f4d94b13c097f107e6ce964f9dbd0,cron,[ERROR] [Producer] FEED_QUEUE failed completely. Dropping 12 sources to avoid exceededCpu. Will retry next cycle.,undefined,undefined,undefined,[]
error,[ERROR] [Producer] Queue send failed after retries: Queue sendBatch failed: Too Many Requests. Falling back to DIRECT processing.,cloudflare-workers,2026-03-17T13:10:50.466Z,false,"10,25,40,55 * * * *",1773753047000,job-hunter-bot,ok,cron,bf4a61a0-ee48-4507-88d6-944deccb04d3,stateless,JHGGYK3E3ILAZCNC,01KKXYQ9B2J1PN7PA4PPTCCDCT,JHGGYK3E3ILAZCNC,"10,25,40,55 * * * *",job-hunter-bot,error,[ERROR] [Producer] Queue send failed after retries: Queue sendBatch failed: Too Many Requests. Falling back to DIRECT processing.,[ERROR] [Producer] Queue send failed after retries: Queue sendBatch failed: Too Many Requests. Falling back to DIRECT processing.,346e138aae29f6b381c1ebae50734856,cf-worker,a182c642af561a79ea097003474c6a2a,cron,[ERROR] [Producer] Queue send failed after retries: Queue sendBatch failed: Too Many Requests. Falling back to DIRECT processing.,undefined,undefined,undefined,[]
error,"[ERROR] [Discovery] Vector ""search"" failed: Vector execution timed out after 110s",cloudflare-workers,2026-03-17T13:09:53.003Z,false,,,job-hunter-bot,ok,queue,bf4a61a0-ee48-4507-88d6-944deccb04d3,stateless,FA4KMQYJN4ONMO0J,01KKXYQ6PNSYB6064TSZ4C87MA,FA4KMQYJN4ONMO0J,discovery-queue,job-hunter-bot,error,"[ERROR] [Discovery] Vector ""search"" failed: Vector execution timed out after 110s","[ERROR] [Discovery] Vector ""search"" failed: Vector execution timed out after 110s",346e138aae29f6b381c1ebae50734856,cf-worker,d4ca89458359150b23ce2d62901152c1,queue,"[ERROR] [Discovery] Vector ""search"" failed: Vector execution timed out after 110s",undefined,undefined,undefined,[]
error,"[ERROR] [Discovery] Vector ""search"" failed: Vector execution timed out after 110s",cloudflare-workers,2026-03-17T13:08:01.952Z,false,,,job-hunter-bot,ok,queue,bf4a61a0-ee48-4507-88d6-944deccb04d3,stateless,23KWKXO1SCO9NB0E,01KKXYJ5KP8K46FQ9WG2JVJGDZ,23KWKXO1SCO9NB0E,discovery-queue,job-hunter-bot,error,"[ERROR] [Discovery] Vector ""search"" failed: Vector execution timed out after 110s","[ERROR] [Discovery] Vector ""search"" failed: Vector execution timed out after 110s",346e138aae29f6b381c1ebae50734856,cf-worker,d4ca89458359150b23ce2d62901152c1,queue,"[ERROR] [Discovery] Vector ""search"" failed: Vector execution timed out after 110s",undefined,undefined,undefined,[]
error,"[ERROR] [Discovery] Vector ""search"" failed: Vector execution timed out after 110s",cloudflare-workers,2026-03-17T12:38:47.161Z,false,,,job-hunter-bot,ok,queue,bf4a61a0-ee48-4507-88d6-944deccb04d3,stateless,7YPRI5UAZ38KY0KN,01KKXWWNXZ1CSHJ2JYFVSJNTFQ,7YPRI5UAZ38KY0KN,discovery-queue,job-hunter-bot,error,"[ERROR] [Discovery] Vector ""search"" failed: Vector execution timed out after 110s","[ERROR] [Discovery] Vector ""search"" failed: Vector execution timed out after 110s",346e138aae29f6b381c1ebae50734856,cf-worker,d4ca89458359150b23ce2d62901152c1,queue,"[ERROR] [Discovery] Vector ""search"" failed: Vector execution timed out after 110s",undefined,undefined,undefined,[]
error,"[ERROR] [Discovery] Vector ""search"" failed: Vector execution timed out after 110s",cloudflare-workers,2026-03-17T12:36:56.936Z,false,,,job-hunter-bot,ok,queue,bf4a61a0-ee48-4507-88d6-944deccb04d3,stateless,TA3S7805CIC7L4RW,01KKXWS7J87YXWG0KEHHVR2BWH,TA3S7805CIC7L4RW,discovery-queue,job-hunter-bot,error,"[ERROR] [Discovery] Vector ""search"" failed: Vector execution timed out after 110s","[ERROR] [Discovery] Vector ""search"" failed: Vector execution timed out after 110s",346e138aae29f6b381c1ebae50734856,cf-worker,d4ca89458359150b23ce2d62901152c1,queue,"[ERROR] [Discovery] Vector ""search"" failed: Vector execution timed out after 110s",undefined,undefined,undefined,[]
error,"[ERROR] [Discovery] Vector ""search"" failed: Vector execution timed out after 110s",cloudflare-workers,2026-03-17T12:35:06.704Z,false,,,job-hunter-bot,ok,queue,bf4a61a0-ee48-4507-88d6-944deccb04d3,stateless,PDB92OC6GS8XXO3C,01KKXWNVTG91SR09CFQSG2XYNY,PDB92OC6GS8XXO3C,discovery-queue,job-hunter-bot,error,"[ERROR] [Discovery] Vector ""search"" failed: Vector execution timed out after 110s","[ERROR] [Discovery] Vector ""search"" failed: Vector execution timed out after 110s",346e138aae29f6b381c1ebae50734856,cf-worker,d4ca89458359150b23ce2d62901152c1,queue,"[ERROR] [Discovery] Vector ""search"" failed: Vector execution timed out after 110s",undefined,undefined,undefined,[]
error,"[ERROR] [Discovery] Vector ""search"" failed: Vector execution timed out after 110s",cloudflare-workers,2026-03-17T12:33:15.665Z,false,,,job-hunter-bot,ok,queue,bf4a61a0-ee48-4507-88d6-944deccb04d3,stateless,J139QADZNZ1I5400,01KKXWJG6PEDCAHT0TMKXVZ60M,J139QADZNZ1I5400,discovery-queue,job-hunter-bot,error,"[ERROR] [Discovery] Vector ""search"" failed: Vector execution timed out after 110s","[ERROR] [Discovery] Vector ""search"" failed: Vector execution timed out after 110s",346e138aae29f6b381c1ebae50734856,cf-worker,d4ca89458359150b23ce2d62901152c1,queue,"[ERROR] [Discovery] Vector ""search"" failed: Vector execution timed out after 110s",undefined,undefined,undefined,[]
error,"[ERROR] [Discovery] Vector ""api_discovery"" failed: Vector execution timed out after 110s",cloudflare-workers,2026-03-17T12:19:24.610Z,false,,,job-hunter-bot,ok,queue,bf4a61a0-ee48-4507-88d6-944deccb04d3,stateless,1Y7L81LJOG9LF5Y3,01KKXVS3TKNSGPSKGTS7GWG70Y,1Y7L81LJOG9LF5Y3,discovery-queue,job-hunter-bot,error,"[ERROR] [Discovery] Vector ""api_discovery"" failed: Vector execution timed out after 110s","[ERROR] [Discovery] Vector ""api_discovery"" failed: Vector execution timed out after 110s",346e138aae29f6b381c1ebae50734856,cf-worker,acf233ee408f5b57bb6242e78f364b8c,queue,"[ERROR] [Discovery] Vector ""api_discovery"" failed: Vector execution timed out after 110s",undefined,undefined,undefined,[]
error,"[ERROR] [Discovery] Vector ""search"" failed: Vector execution timed out after 110s",cloudflare-workers,2026-03-17T12:18:42.134Z,false,,,job-hunter-bot,ok,queue,bf4a61a0-ee48-4507-88d6-944deccb04d3,stateless,BYZZ3X53NNJ6PDNQ,01KKXVQTCV86TKEESMYJGP45JN,BYZZ3X53NNJ6PDNQ,discovery-queue,job-hunter-bot,error,"[ERROR] [Discovery] Vector ""search"" failed: Vector execution timed out after 110s","[ERROR] [Discovery] Vector ""search"" failed: Vector execution timed out after 110s",346e138aae29f6b381c1ebae50734856,cf-worker,d4ca89458359150b23ce2d62901152c1,queue,"[ERROR] [Discovery] Vector ""search"" failed: Vector execution timed out after 110s",undefined,undefined,undefined,[]
error,"[ERROR] [Discovery] Vector ""api_discovery"" failed: Vector execution timed out after 110s",cloudflare-workers,2026-03-17T12:17:34.392Z,false,,,job-hunter-bot,ok,queue,bf4a61a0-ee48-4507-88d6-944deccb04d3,stateless,K819JGQ9KO6L883P,01KKXVNR5RMXJ0DEXP2V78468Z,K819JGQ9KO6L883P,discovery-queue,job-hunter-bot,error,"[ERROR] [Discovery] Vector ""api_discovery"" failed: Vector execution timed out after 110s","[ERROR] [Discovery] Vector ""api_discovery"" failed: Vector execution timed out after 110s",346e138aae29f6b381c1ebae50734856,cf-worker,acf233ee408f5b57bb6242e78f364b8c,queue,"[ERROR] [Discovery] Vector ""api_discovery"" failed: Vector execution timed out after 110s",undefined,undefined,undefined,[]
error,"[ERROR] [Discovery] Vector ""search"" failed: Vector execution timed out after 110s",cloudflare-workers,2026-03-17T12:16:51.913Z,false,,,job-hunter-bot,ok,queue,bf4a61a0-ee48-4507-88d6-944deccb04d3,stateless,6054F4FN4B1A4KY8,01KKXVMEQ461N9GM3WJHVKAW0R,6054F4FN4B1A4KY8,discovery-queue,job-hunter-bot,error,"[ERROR] [Discovery] Vector ""search"" failed: Vector execution timed out after 110s","[ERROR] [Discovery] Vector ""search"" failed: Vector execution timed out after 110s",346e138aae29f6b381c1ebae50734856,cf-worker,d4ca89458359150b23ce2d62901152c1,queue,"[ERROR] [Discovery] Vector ""search"" failed: Vector execution timed out after 110s",undefined,undefined,undefined,[]
error,"[ERROR] [Discovery] Vector ""api_discovery"" failed: Vector execution timed out after 110s",cloudflare-workers,2026-03-17T12:15:44.188Z,false,,,job-hunter-bot,ok,queue,bf4a61a0-ee48-4507-88d6-944deccb04d3,stateless,WTHQCGNEEJP1YOC2,01KKXVJCHWMJPQG3303RDJGYHF,WTHQCGNEEJP1YOC2,discovery-queue,job-hunter-bot,error,"[ERROR] [Discovery] Vector ""api_discovery"" failed: Vector execution timed out after 110s","[ERROR] [Discovery] Vector ""api_discovery"" failed: Vector execution timed out after 110s",346e138aae29f6b381c1ebae50734856,cf-worker,acf233ee408f5b57bb6242e78f364b8c,queue,"[ERROR] [Discovery] Vector ""api_discovery"" failed: Vector execution timed out after 110s",undefined,undefined,undefined,[]
error,"[ERROR] [Discovery] Vector ""search"" failed: Vector execution timed out after 110s",cloudflare-workers,2026-03-17T12:15:01.738Z,false,,,job-hunter-bot,ok,queue,bf4a61a0-ee48-4507-88d6-944deccb04d3,stateless,5GDTVJPEBSITWYRK,01KKXVH33AZMBYHFS6TMYH6P36,5GDTVJPEBSITWYRK,discovery-queue,job-hunter-bot,error,"[ERROR] [Discovery] Vector ""search"" failed: Vector execution timed out after 110s","[ERROR] [Discovery] Vector ""search"" failed: Vector execution timed out after 110s",346e138aae29f6b381c1ebae50734856,cf-worker,d4ca89458359150b23ce2d62901152c1,queue,"[ERROR] [Discovery] Vector ""search"" failed: Vector execution timed out after 110s",undefined,undefined,undefined,[]
error,"[ERROR] [Discovery] Vector ""api_discovery"" failed: Vector execution timed out after 110s",cloudflare-workers,2026-03-17T12:13:28.449Z,false,,,job-hunter-bot,ok,queue,bf4a61a0-ee48-4507-88d6-944deccb04d3,stateless,X36UIMFSUW40FYXO,01KKXVF0Y11W5ZEG7F1WB3A65V,X36UIMFSUW40FYXO,discovery-queue,job-hunter-bot,error,"[ERROR] [Discovery] Vector ""api_discovery"" failed: Vector execution timed out after 110s","[ERROR] [Discovery] Vector ""api_discovery"" failed: Vector execution timed out after 110s",346e138aae29f6b381c1ebae50734856,cf-worker,acf233ee408f5b57bb6242e78f364b8c,queue,"[ERROR] [Discovery] Vector ""api_discovery"" failed: Vector execution timed out after 110s",undefined,undefined,undefined,[]
error,"[ERROR] [Discovery] Vector ""search"" failed: Vector execution timed out after 110s",cloudflare-workers,2026-03-17T12:13:11.475Z,false,,,job-hunter-bot,ok,queue,bf4a61a0-ee48-4507-88d6-944deccb04d3,stateless,7P819OP1HV56FZBM,01KKXVDQDK6HJFCXRH1A3V3G2C,7P819OP1HV56FZBM,discovery-queue,job-hunter-bot,error,"[ERROR] [Discovery] Vector ""search"" failed: Vector execution timed out after 110s","[ERROR] [Discovery] Vector ""search"" failed: Vector execution timed out after 110s",346e138aae29f6b381c1ebae50734856,cf-worker,d4ca89458359150b23ce2d62901152c1,queue,"[ERROR] [Discovery] Vector ""search"" failed: Vector execution timed out after 110s",undefined,undefined,undefined,[]
error,"[ERROR] [Discovery] Vector ""search"" failed: Vector execution timed out after 110s",cloudflare-workers,2026-03-17T11:58:31.565Z,false,,,job-hunter-bot,ok,queue,bf4a61a0-ee48-4507-88d6-944deccb04d3,stateless,N8FP293NMMMX3HZA,01KKXTJWXFY9SKT2JPWAH5FAVC,N8FP293NMMMX3HZA,discovery-queue,job-hunter-bot,error,"[ERROR] [Discovery] Vector ""search"" failed: Vector execution timed out after 110s","[ERROR] [Discovery] Vector ""search"" failed: Vector execution timed out after 110s",346e138aae29f6b381c1ebae50734856,cf-worker,d4ca89458359150b23ce2d62901152c1,queue,"[ERROR] [Discovery] Vector ""search"" failed: Vector execution timed out after 110s",undefined,undefined,undefined,[]
error,"[ERROR] [Discovery] Vector ""search"" failed: Vector execution timed out after 110s",cloudflare-workers,2026-03-17T11:56:41.339Z,false,,,job-hunter-bot,ok,queue,bf4a61a0-ee48-4507-88d6-944deccb04d3,stateless,IY80WIWXLZZE2PRW,01KKXTFGJRGJZMSJYW58S0QTYR,IY80WIWXLZZE2PRW,discovery-queue,job-hunter-bot,error,"[ERROR] [Discovery] Vector ""search"" failed: Vector execution timed out after 110s","[ERROR] [Discovery] Vector ""search"" failed: Vector execution timed out after 110s",346e138aae29f6b381c1ebae50734856,cf-worker,d4ca89458359150b23ce2d62901152c1,queue,"[ERROR] [Discovery] Vector ""search"" failed: Vector execution timed out after 110s",undefined,undefined,undefined,[]
error,"[ERROR] [Discovery] Vector ""search"" failed: Vector execution timed out after 110s",cloudflare-workers,2026-03-17T11:54:50.433Z,false,,,job-hunter-bot,ok,queue,bf4a61a0-ee48-4507-88d6-944deccb04d3,stateless,782E9RER79DZZTZ5,01KKXTC4VKVH3Q1MR53GA449V7,782E9RER79DZZTZ5,discovery-queue,job-hunter-bot,error,"[ERROR] [Discovery] Vector ""search"" failed: Vector execution timed out after 110s","[ERROR] [Discovery] Vector ""search"" failed: Vector execution timed out after 110s",346e138aae29f6b381c1ebae50734856,cf-worker,b32fb5a67058888d7039a7465d34455b,queue,,undefined,undefined,undefined,[]
error,"[ERROR] [Discovery] Vector ""search"" failed: Vector execution timed out after 110s",cloudflare-workers,2026-03-17T11:53:00.043Z,false,,,job-hunter-bot,ok,queue,bf4a61a0-ee48-4507-88d6-944deccb04d3,stateless,URIXADXV2KU1JALJ,01KKXT8RNJAJ46GYVMW59FQZSQ,URIXADXV2KU1JALJ,discovery-queue,job-hunter-bot,error,"[ERROR] [Discovery] Vector ""search"" failed: Vector execution timed out after 110s","[ERROR] [Discovery] Vector ""search"" failed: Vector execution timed out after 110s",346e138aae29f6b381c1ebae50734856,cf-worker,d4ca89458359150b23ce2d62901152c1,queue,"[ERROR] [Discovery] Vector ""search"" failed: Vector execution timed out after 110s",undefined,undefined,undefined,[]
error,"[ERROR] [Discovery] Vector ""search"" failed: Vector execution timed out after 110s",cloudflare-workers,2026-03-17T11:44:02.589Z,false,,,job-hunter-bot,ok,queue,bf4a61a0-ee48-4507-88d6-944deccb04d3,stateless,2IN6A2UHE55LY51R,01KKXSRBGX81ZYS2WME3VQK3FY,2IN6A2UHE55LY51R,discovery-queue,job-hunter-bot,error,"[ERROR] [Discovery] Vector ""search"" failed: Vector execution timed out after 110s","[ERROR] [Discovery] Vector ""search"" failed: Vector execution timed out after 110s",346e138aae29f6b381c1ebae50734856,cf-worker,d4ca89458359150b23ce2d62901152c1,queue,"[ERROR] [Discovery] Vector ""search"" failed: Vector execution timed out after 110s",undefined,undefined,undefined,[]
error,"[ERROR] [Discovery] Vector ""api_discovery"" failed: Vector execution timed out after 110s",cloudflare-workers,2026-03-17T11:43:11.751Z,false,,,job-hunter-bot,ok,queue,bf4a61a0-ee48-4507-88d6-944deccb04d3,stateless,6LSDDA67ZOYVWP55,01KKXSPSWV6KEPDKYSKTK50GH3,6LSDDA67ZOYVWP55,discovery-queue,job-hunter-bot,error,"[ERROR] [Discovery] Vector ""api_discovery"" failed: Vector execution timed out after 110s","[ERROR] [Discovery] Vector ""api_discovery"" failed: Vector execution timed out after 110s",346e138aae29f6b381c1ebae50734856,cf-worker,acf233ee408f5b57bb6242e78f364b8c,queue,"[ERROR] [Discovery] Vector ""api_discovery"" failed: Vector execution timed out after 110s",undefined,undefined,undefined,[]
error,"[ERROR] [Discovery] Vector ""search"" failed: Vector execution timed out after 110s",cloudflare-workers,2026-03-17T11:42:12.176Z,false,,,job-hunter-bot,ok,queue,bf4a61a0-ee48-4507-88d6-944deccb04d3,stateless,5HM9IWKHJ8DQLMYL,01KKXSMZPG8BJ7X93H0EQJXJDM,5HM9IWKHJ8DQLMYL,discovery-queue,job-hunter-bot,error,"[ERROR] [Discovery] Vector ""search"" failed: Vector execution timed out after 110s","[ERROR] [Discovery] Vector ""search"" failed: Vector execution timed out after 110s",346e138aae29f6b381c1ebae50734856,cf-worker,d4ca89458359150b23ce2d62901152c1,queue,"[ERROR] [Discovery] Vector ""search"" failed: Vector execution timed out after 110s",undefined,undefined,undefined,[]
error,"[ERROR] [Discovery] Vector ""api_discovery"" failed: Vector execution timed out after 110s",cloudflare-workers,2026-03-17T11:41:21.355Z,false,,,job-hunter-bot,ok,queue,bf4a61a0-ee48-4507-88d6-944deccb04d3,stateless,MZ0BLVL7QZ5GL1ZP,01KKXSKE2BP4MV5AM06ARHPNMM,MZ0BLVL7QZ5GL1ZP,discovery-queue,job-hunter-bot,error,"[ERROR] [Discovery] Vector ""api_discovery"" failed: Vector execution timed out after 110s","[ERROR] [Discovery] Vector ""api_discovery"" failed: Vector execution timed out after 110s",346e138aae29f6b381c1ebae50734856,cf-worker,acf233ee408f5b57bb6242e78f364b8c,queue,"[ERROR] [Discovery] Vector ""api_discovery"" failed: Vector execution timed out after 110s",undefined,undefined,undefined,[]
error,"[ERROR] [Discovery] Vector ""search"" failed: Vector execution timed out after 110s",cloudflare-workers,2026-03-17T11:40:21.770Z,false,,,job-hunter-bot,ok,queue,bf4a61a0-ee48-4507-88d6-944deccb04d3,stateless,WOQ9SOYKWR4RWKYB,01KKXSHKWAGD27TFW1H3Q26H3T,WOQ9SOYKWR4RWKYB,discovery-queue,job-hunter-bot,error,"[ERROR] [Discovery] Vector ""search"" failed: Vector execution timed out after 110s","[ERROR] [Discovery] Vector ""search"" failed: Vector execution timed out after 110s",346e138aae29f6b381c1ebae50734856,cf-worker,d4ca89458359150b23ce2d62901152c1,queue,"[ERROR] [Discovery] Vector ""search"" failed: Vector execution timed out after 110s",undefined,undefined,undefined,[]
error,"[ERROR] [Discovery] Vector ""api_discovery"" failed: Vector execution timed out after 110s",cloudflare-workers,2026-03-17T11:39:05.984Z,false,,,job-hunter-bot,ok,queue,bf4a61a0-ee48-4507-88d6-944deccb04d3,stateless,SR143J1EWLPBUAUN,01KKXSG2CEZM2AN6AVZG3NEXRP,SR143J1EWLPBUAUN,discovery-queue,job-hunter-bot,error,"[ERROR] [Discovery] Vector ""api_discovery"" failed: Vector execution timed out after 110s","[ERROR] [Discovery] Vector ""api_discovery"" failed: Vector execution timed out after 110s",346e138aae29f6b381c1ebae50734856,cf-worker,acf233ee408f5b57bb6242e78f364b8c,queue,"[ERROR] [Discovery] Vector ""api_discovery"" failed: Vector execution timed out after 110s",undefined,undefined,undefined,[]
error,"[ERROR] [Discovery] Vector ""search"" failed: Vector execution timed out after 110s",cloudflare-workers,2026-03-17T11:38:31.339Z,false,,,job-hunter-bot,ok,queue,bf4a61a0-ee48-4507-88d6-944deccb04d3,stateless,AQXCC53622VENF8Y,01KKXSE82AJ0CSND9E1JGGF5TC,AQXCC53622VENF8Y,discovery-queue,job-hunter-bot,error,"[ERROR] [Discovery] Vector ""search"" failed: Vector execution timed out after 110s","[ERROR] [Discovery] Vector ""search"" failed: Vector execution timed out after 110s",346e138aae29f6b381c1ebae50734856,cf-worker,d4ca89458359150b23ce2d62901152c1,queue,"[ERROR] [Discovery] Vector ""search"" failed: Vector execution timed out after 110s",undefined,undefined,undefined,[]
error,"[ERROR] [Discovery] Vector ""search"" failed: Vector execution timed out after 110s",cloudflare-workers,2026-03-17T11:23:22.825Z,false,,,job-hunter-bot,ok,queue,bf4a61a0-ee48-4507-88d6-944deccb04d3,stateless,SQGITAASP5R0RP9Q,01KKXRJHJVGCH4CAHG4WK1P3A8,SQGITAASP5R0RP9Q,discovery-queue,job-hunter-bot,error,"[ERROR] [Discovery] Vector ""search"" failed: Vector execution timed out after 110s","[ERROR] [Discovery] Vector ""search"" failed: Vector execution timed out after 110s",346e138aae29f6b381c1ebae50734856,cf-worker,d4ca89458359150b23ce2d62901152c1,queue,"[ERROR] [Discovery] Vector ""search"" failed: Vector execution timed out after 110s",undefined,undefined,undefined,[]
error,"[ERROR] [Discovery] Vector ""search"" failed: Vector execution timed out after 110s",cloudflare-workers,2026-03-17T11:21:31.612Z,false,,,job-hunter-bot,ok,queue,bf4a61a0-ee48-4507-88d6-944deccb04d3,stateless,3BCFQUCUU6VLSGJR,01KKXRF4RXCDVK8RWTR0EH2HHP,3BCFQUCUU6VLSGJR,discovery-queue,job-hunter-bot,error,"[ERROR] [Discovery] Vector ""search"" failed: Vector execution timed out after 110s","[ERROR] [Discovery] Vector ""search"" failed: Vector execution timed out after 110s",346e138aae29f6b381c1ebae50734856,cf-worker,d4ca89458359150b23ce2d62901152c1,queue,"[ERROR] [Discovery] Vector ""search"" failed: Vector execution timed out after 110s",undefined,undefined,undefined,[]
error,"[ERROR] [Discovery] Vector ""search"" failed: Vector execution timed out after 110s",cloudflare-workers,2026-03-17T11:19:40.068Z,false,,,job-hunter-bot,ok,queue,bf4a61a0-ee48-4507-88d6-944deccb04d3,stateless,XKAXG31WDC2J91RN,01KKXRBRBT7TP11WRMRFNH1VSW,XKAXG31WDC2J91RN,discovery-queue,job-hunter-bot,error,"[ERROR] [Discovery] Vector ""search"" failed: Vector execution timed out after 110s","[ERROR] [Discovery] Vector ""search"" failed: Vector execution timed out after 110s",346e138aae29f6b381c1ebae50734856,cf-worker,d4ca89458359150b23ce2d62901152c1,queue,"[ERROR] [Discovery] Vector ""search"" failed: Vector execution timed out after 110s",undefined,undefined,undefined,[]
error,"[ERROR] [Discovery] Vector ""search"" failed: Vector execution timed out after 110s",cloudflare-workers,2026-03-17T11:04:15.547Z,false,,,job-hunter-bot,ok,queue,bf4a61a0-ee48-4507-88d6-944deccb04d3,stateless,K3NFSKQXW2HGORIH,01KKXQFGFDRMMGXHADMECSQ6D8,K3NFSKQXW2HGORIH,discovery-queue,job-hunter-bot,error,"[ERROR] [Discovery] Vector ""search"" failed: Vector execution timed out after 110s","[ERROR] [Discovery] Vector ""search"" failed: Vector execution timed out after 110s",346e138aae29f6b381c1ebae50734856,cf-worker,d4ca89458359150b23ce2d62901152c1,queue,"[ERROR] [Discovery] Vector ""search"" failed: Vector execution timed out after 110s",undefined,undefined,undefined,[]
error,"[ERROR] [Discovery] Vector ""search"" failed: Vector execution timed out after 110s",cloudflare-workers,2026-03-17T11:02:24.901Z,false,,,job-hunter-bot,ok,queue,bf4a61a0-ee48-4507-88d6-944deccb04d3,stateless,LW77YOSPDQHO5HXY,01KKXQC4D1V3XARXPBFSWS0MQD,LW77YOSPDQHO5HXY,discovery-queue,job-hunter-bot,error,"[ERROR] [Discovery] Vector ""search"" failed: Vector execution timed out after 110s","[ERROR] [Discovery] Vector ""search"" failed: Vector execution timed out after 110s",346e138aae29f6b381c1ebae50734856,cf-worker,d4ca89458359150b23ce2d62901152c1,queue,"[ERROR] [Discovery] Vector ""search"" failed: Vector execution timed out after 110s",undefined,undefined,undefined,[]
error,"[ERROR] [Discovery] Vector ""search"" failed: Vector execution timed out after 110s",cloudflare-workers,2026-03-17T10:59:55.881Z,false,,,job-hunter-bot,ok,queue,bf4a61a0-ee48-4507-88d6-944deccb04d3,stateless,JMQJLIKNGL5DAMHH,01KKXQ8R12R3X2P2MYF4N844MR,JMQJLIKNGL5DAMHH,discovery-queue,job-hunter-bot,error,"[ERROR] [Discovery] Vector ""search"" failed: Vector execution timed out after 110s","[ERROR] [Discovery] Vector ""search"" failed: Vector execution timed out after 110s",346e138aae29f6b381c1ebae50734856,cf-worker,d4ca89458359150b23ce2d62901152c1,queue,"[ERROR] [Discovery] Vector ""search"" failed: Vector execution timed out after 110s",undefined,undefined,undefined,[]
error,"[ERROR] [Discovery] Vector ""search"" failed: Vector execution timed out after 110s",cloudflare-workers,2026-03-17T10:58:05.334Z,false,,,job-hunter-bot,ok,queue,bf4a61a0-ee48-4507-88d6-944deccb04d3,stateless,B8QKUKAE8ITCL7C6,01KKXQ472RC8V5AD6V7NQW1KAA,B8QKUKAE8ITCL7C6,discovery-queue,job-hunter-bot,error,"[ERROR] [Discovery] Vector ""search"" failed: Vector execution timed out after 110s","[ERROR] [Discovery] Vector ""search"" failed: Vector execution timed out after 110s",346e138aae29f6b381c1ebae50734856,cf-worker,d4ca89458359150b23ce2d62901152c1,queue,"[ERROR] [Discovery] Vector ""search"" failed: Vector execution timed out after 110s",undefined,undefined,undefined,[]
error,"[ERROR] [Discovery] Vector ""api_discovery"" failed: Vector execution timed out after 110s",cloudflare-workers,2026-03-17T10:44:15.966Z,false,,,job-hunter-bot,ok,queue,bf4a61a0-ee48-4507-88d6-944deccb04d3,stateless,528MHIGF9TM2GTJ7,01KKXPAWYYQADNJRWNKQJT703S,528MHIGF9TM2GTJ7,discovery-queue,job-hunter-bot,error,"[ERROR] [Discovery] Vector ""api_discovery"" failed: Vector execution timed out after 110s","[ERROR] [Discovery] Vector ""api_discovery"" failed: Vector execution timed out after 110s",346e138aae29f6b381c1ebae50734856,cf-worker,b32fb5a67058888d7039a7465d34455b,queue,,undefined,undefined,undefined,[]
error,"[ERROR] [Discovery] Vector ""search"" failed: Vector execution timed out after 110s",cloudflare-workers,2026-03-17T10:44:05.358Z,false,,,job-hunter-bot,ok,queue,bf4a61a0-ee48-4507-88d6-944deccb04d3,stateless,RRR6T3QH9KZ3RUE8,01KKXPAJKEFFN0MAFWAWKM8BNB,RRR6T3QH9KZ3RUE8,discovery-queue,job-hunter-bot,error,"[ERROR] [Discovery] Vector ""search"" failed: Vector execution timed out after 110s","[ERROR] [Discovery] Vector ""search"" failed: Vector execution timed out after 110s",346e138aae29f6b381c1ebae50734856,cf-worker,d4ca89458359150b23ce2d62901152c1,queue,"[ERROR] [Discovery] Vector ""search"" failed: Vector execution timed out after 110s",undefined,undefined,undefined,[]
error,"[ERROR] [Discovery] Vector ""api_discovery"" failed: Vector execution timed out after 110s",cloudflare-workers,2026-03-17T10:42:25.661Z,false,,,job-hunter-bot,ok,queue,bf4a61a0-ee48-4507-88d6-944deccb04d3,stateless,13WJAD7I6TNY3XNS,01KKXP7H7XJJ4H763DZPC2X4JQ,13WJAD7I6TNY3XNS,discovery-queue,job-hunter-bot,error,"[ERROR] [Discovery] Vector ""api_discovery"" failed: Vector execution timed out after 110s","[ERROR] [Discovery] Vector ""api_discovery"" failed: Vector execution timed out after 110s",346e138aae29f6b381c1ebae50734856,cf-worker,acf233ee408f5b57bb6242e78f364b8c,queue,"[ERROR] [Discovery] Vector ""api_discovery"" failed: Vector execution timed out after 110s",undefined,undefined,undefined,[]
error,"[ERROR] [Discovery] Vector ""search"" failed: Vector execution timed out after 110s",cloudflare-workers,2026-03-17T10:42:14.947Z,false,,,job-hunter-bot,ok,queue,bf4a61a0-ee48-4507-88d6-944deccb04d3,stateless,8THE9ZPN3RSGTAY9,01KKXP76S3ZG8E27791SGKBY6K,8THE9ZPN3RSGTAY9,discovery-queue,job-hunter-bot,error,"[ERROR] [Discovery] Vector ""search"" failed: Vector execution timed out after 110s","[ERROR] [Discovery] Vector ""search"" failed: Vector execution timed out after 110s",346e138aae29f6b381c1ebae50734856,cf-worker,d4ca89458359150b23ce2d62901152c1,queue,"[ERROR] [Discovery] Vector ""search"" failed: Vector execution timed out after 110s",undefined,undefined,undefined,[]
error,"[ERROR] [Discovery] Vector ""api_discovery"" failed: Vector execution timed out after 110s",cloudflare-workers,2026-03-17T10:40:35.242Z,false,,,job-hunter-bot,ok,queue,bf4a61a0-ee48-4507-88d6-944deccb04d3,stateless,YZ22FIVCFH95OVL5,01KKXP45DAPERD7PKYF5A9VAYX,YZ22FIVCFH95OVL5,discovery-queue,job-hunter-bot,error,"[ERROR] [Discovery] Vector ""api_discovery"" failed: Vector execution timed out after 110s","[ERROR] [Discovery] Vector ""api_discovery"" failed: Vector execution timed out after 110s",346e138aae29f6b381c1ebae50734856,cf-worker,acf233ee408f5b57bb6242e78f364b8c,queue,"[ERROR] [Discovery] Vector ""api_discovery"" failed: Vector execution timed out after 110s",undefined,undefined,undefined,[]
error,"[ERROR] [Discovery] Vector ""search"" failed: Vector execution timed out after 110s",cloudflare-workers,2026-03-17T10:40:24.536Z,false,,,job-hunter-bot,ok,queue,bf4a61a0-ee48-4507-88d6-944deccb04d3,stateless,PKJYRO5F8ODYF0C9,01KKXP3TYR1150HZAQ89F5VTMB,PKJYRO5F8ODYF0C9,discovery-queue,job-hunter-bot,error,"[ERROR] [Discovery] Vector ""search"" failed: Vector execution timed out after 110s","[ERROR] [Discovery] Vector ""search"" failed: Vector execution timed out after 110s",346e138aae29f6b381c1ebae50734856,cf-worker,d4ca89458359150b23ce2d62901152c1,queue,"[ERROR] [Discovery] Vector ""search"" failed: Vector execution timed out after 110s",undefined,undefined,undefined,[]
error,"[ERROR] [Discovery] Vector ""api_discovery"" failed: Vector execution timed out after 110s",cloudflare-workers,2026-03-17T10:38:44.852Z,false,,,job-hunter-bot,ok,queue,bf4a61a0-ee48-4507-88d6-944deccb04d3,stateless,K821UTASYMOWFMB7,01KKXP0SKM8NR87ZX8568ZSQ3A,K821UTASYMOWFMB7,discovery-queue,job-hunter-bot,error,"[ERROR] [Discovery] Vector ""api_discovery"" failed: Vector execution timed out after 110s","[ERROR] [Discovery] Vector ""api_discovery"" failed: Vector execution timed out after 110s",346e138aae29f6b381c1ebae50734856,cf-worker,acf233ee408f5b57bb6242e78f364b8c,queue,"[ERROR] [Discovery] Vector ""api_discovery"" failed: Vector execution timed out after 110s",undefined,undefined,undefined,[]
error,"[ERROR] [Discovery] Vector ""search"" failed: Vector execution timed out after 110s",cloudflare-workers,2026-03-17T10:38:33.991Z,false,,,job-hunter-bot,ok,queue,bf4a61a0-ee48-4507-88d6-944deccb04d3,stateless,UHZBZLZTPK95V2BF,01KKXP0F07P9WBXHE2VMJRH9GD,UHZBZLZTPK95V2BF,discovery-queue,job-hunter-bot,error,"[ERROR] [Discovery] Vector ""search"" failed: Vector execution timed out after 110s","[ERROR] [Discovery] Vector ""search"" failed: Vector execution timed out after 110s",346e138aae29f6b381c1ebae50734856,cf-worker,d4ca89458359150b23ce2d62901152c1,queue,"[ERROR] [Discovery] Vector ""search"" failed: Vector execution timed out after 110s",undefined,undefined,undefined,[]
error,"[ERROR] [Discovery] Vector ""search"" failed: Vector execution timed out after 110s",cloudflare-workers,2026-03-17T10:24:11.504Z,false,,,job-hunter-bot,ok,queue,bf4a61a0-ee48-4507-88d6-944deccb04d3,stateless,6MEH1ZTOBUNWX6CO,01KKXN64QG60WA0T33T9TVDM5Z,6MEH1ZTOBUNWX6CO,discovery-queue,job-hunter-bot,error,"[ERROR] [Discovery] Vector ""search"" failed: Vector execution timed out after 110s","[ERROR] [Discovery] Vector ""search"" failed: Vector execution timed out after 110s",346e138aae29f6b381c1ebae50734856,cf-worker,d4ca89458359150b23ce2d62901152c1,queue,"[ERROR] [Discovery] Vector ""search"" failed: Vector execution timed out after 110s",undefined,undefined,undefined,[]
error,"[ERROR] [Discovery] Vector ""search"" failed: Vector execution timed out after 110s",cloudflare-workers,2026-03-17T10:22:20.488Z,false,,,job-hunter-bot,ok,queue,bf4a61a0-ee48-4507-88d6-944deccb04d3,stateless,P8VDFLU3JUF77C1C,01KKXN2RSX70AETNKXYX8WRE2Q,P8VDFLU3JUF77C1C,discovery-queue,job-hunter-bot,error,"[ERROR] [Discovery] Vector ""search"" failed: Vector execution timed out after 110s","[ERROR] [Discovery] Vector ""search"" failed: Vector execution timed out after 110s",346e138aae29f6b381c1ebae50734856,cf-worker,d4ca89458359150b23ce2d62901152c1,queue,"[ERROR] [Discovery] Vector ""search"" failed: Vector execution timed out after 110s",undefined,undefined,undefined,[]
error,"[ERROR] [Discovery] Vector ""search"" failed: Vector execution timed out after 110s",cloudflare-workers,2026-03-17T10:19:56.019Z,false,,,job-hunter-bot,ok,queue,bf4a61a0-ee48-4507-88d6-944deccb04d3,stateless,J6LD6RPUI0KP1XES,01KKXMZCQEZ4878QG6ESZYM3Y1,J6LD6RPUI0KP1XES,discovery-queue,job-hunter-bot,error,"[ERROR] [Discovery] Vector ""search"" failed: Vector execution timed out after 110s","[ERROR] [Discovery] Vector ""search"" failed: Vector execution timed out after 110s",346e138aae29f6b381c1ebae50734856,cf-worker,d4ca89458359150b23ce2d62901152c1,queue,"[ERROR] [Discovery] Vector ""search"" failed: Vector execution timed out after 110s",undefined,undefined,undefined,[]
error,"[ERROR] [Discovery] Vector ""search"" failed: Vector execution timed out after 110s",cloudflare-workers,2026-03-17T10:18:04.764Z,false,,,job-hunter-bot,ok,queue,bf4a61a0-ee48-4507-88d6-944deccb04d3,stateless,0QESM9IS2LLV3R6X,01KKXMTZDGQY0WFT960Z9NZ6K4,0QESM9IS2LLV3R6X,discovery-queue,job-hunter-bot,error,"[ERROR] [Discovery] Vector ""search"" failed: Vector execution timed out after 110s","[ERROR] [Discovery] Vector ""search"" failed: Vector execution timed out after 110s",346e138aae29f6b381c1ebae50734856,cf-worker,b32fb5a67058888d7039a7465d34455b,queue,,undefined,undefined,undefined,[]
error,"[ERROR] [Discovery] Vector ""search"" failed: Vector execution timed out after 110s",cloudflare-workers,2026-03-17T09:44:02.021Z,false,,,job-hunter-bot,ok,queue,bf4a61a0-ee48-4507-88d6-944deccb04d3,stateless,LPZZRO4U8V8XO4MR,01KKXJWKRB744P6FG96QT8YRN3,LPZZRO4U8V8XO4MR,discovery-queue,job-hunter-bot,error,"[ERROR] [Discovery] Vector ""search"" failed: Vector execution timed out after 110s","[ERROR] [Discovery] Vector ""search"" failed: Vector execution timed out after 110s",346e138aae29f6b381c1ebae50734856,cf-worker,d4ca89458359150b23ce2d62901152c1,queue,"[ERROR] [Discovery] Vector ""search"" failed: Vector execution timed out after 110s",undefined,undefined,undefined,[]
error,"[ERROR] [Discovery] Vector ""api_discovery"" failed: Vector execution timed out after 110s",cloudflare-workers,2026-03-17T09:43:35.344Z,false,,,job-hunter-bot,ok,queue,bf4a61a0-ee48-4507-88d6-944deccb04d3,stateless,BXBQXWIZ86S38N8Y,01KKXJVSQGTE9N11W33SGDW68B,BXBQXWIZ86S38N8Y,discovery-queue,job-hunter-bot,error,"[ERROR] [Discovery] Vector ""api_discovery"" failed: Vector execution timed out after 110s","[ERROR] [Discovery] Vector ""api_discovery"" failed: Vector execution timed out after 110s",346e138aae29f6b381c1ebae50734856,cf-worker,acf233ee408f5b57bb6242e78f364b8c,queue,"[ERROR] [Discovery] Vector ""api_discovery"" failed: Vector execution timed out after 110s",undefined,undefined,undefined,[]
error,"[ERROR] [Discovery] Vector ""search"" failed: Vector execution timed out after 110s",cloudflare-workers,2026-03-17T09:42:11.697Z,false,,,job-hunter-bot,ok,queue,bf4a61a0-ee48-4507-88d6-944deccb04d3,stateless,II5OQAXNASNCAMXJ,01KKXJS7ZHR4XDDVCVNTJS23YM,II5OQAXNASNCAMXJ,discovery-queue,job-hunter-bot,error,"[ERROR] [Discovery] Vector ""search"" failed: Vector execution timed out after 110s","[ERROR] [Discovery] Vector ""search"" failed: Vector execution timed out after 110s",346e138aae29f6b381c1ebae50734856,cf-worker,d4ca89458359150b23ce2d62901152c1,queue,"[ERROR] [Discovery] Vector ""search"" failed: Vector execution timed out after 110s",undefined,undefined,undefined,[]
error,"[ERROR] [Discovery] Vector ""api_discovery"" failed: Vector execution timed out after 110s",cloudflare-workers,2026-03-17T09:41:44.952Z,false,,,job-hunter-bot,ok,queue,bf4a61a0-ee48-4507-88d6-944deccb04d3,stateless,KQ9USJT1RMM6P3A5,01KKXJRDVRKRESQWH9H4G2VAS8,KQ9USJT1RMM6P3A5,discovery-queue,job-hunter-bot,error,"[ERROR] [Discovery] Vector ""api_discovery"" failed: Vector execution timed out after 110s","[ERROR] [Discovery] Vector ""api_discovery"" failed: Vector execution timed out after 110s",346e138aae29f6b381c1ebae50734856,cf-worker,acf233ee408f5b57bb6242e78f364b8c,queue,"[ERROR] [Discovery] Vector ""api_discovery"" failed: Vector execution timed out after 110s",undefined,undefined,undefined,[]
error,"[ERROR] [Discovery] Vector ""search"" failed: Vector execution timed out after 110s",cloudflare-workers,2026-03-17T09:40:14.984Z,false,,,job-hunter-bot,ok,queue,bf4a61a0-ee48-4507-88d6-944deccb04d3,stateless,WQN1BKISC6UBBK87,01KKXJNW3MDCPZNCE4A4E9RJ6Q,WQN1BKISC6UBBK87,discovery-queue,job-hunter-bot,error,"[ERROR] [Discovery] Vector ""search"" failed: Vector execution timed out after 110s","[ERROR] [Discovery] Vector ""search"" failed: Vector execution timed out after 110s",346e138aae29f6b381c1ebae50734856,cf-worker,d4ca89458359150b23ce2d62901152c1,queue,"[ERROR] [Discovery] Vector ""search"" failed: Vector execution timed out after 110s",undefined,undefined,undefined,[]
error,"[ERROR] [Discovery] Vector ""api_discovery"" failed: Vector execution timed out after 110s",cloudflare-workers,2026-03-17T09:39:54.577Z,false,,,job-hunter-bot,ok,queue,bf4a61a0-ee48-4507-88d6-944deccb04d3,stateless,SXOSH6P0H7HIWHLS,01KKXJN23QZA4P664CAJG439WZ,SXOSH6P0H7HIWHLS,discovery-queue,job-hunter-bot,error,"[ERROR] [Discovery] Vector ""api_discovery"" failed: Vector execution timed out after 110s","[ERROR] [Discovery] Vector ""api_discovery"" failed: Vector execution timed out after 110s",346e138aae29f6b381c1ebae50734856,cf-worker,acf233ee408f5b57bb6242e78f364b8c,queue,"[ERROR] [Discovery] Vector ""api_discovery"" failed: Vector execution timed out after 110s",undefined,undefined,undefined,[]
error,"[ERROR] [Discovery] Vector ""search"" failed: Vector execution timed out after 110s",cloudflare-workers,2026-03-17T09:38:24.399Z,false,,,job-hunter-bot,ok,queue,bf4a61a0-ee48-4507-88d6-944deccb04d3,stateless,LEOEOSCJH4JZN51Q,01KKXJJA7JYBN01Q32QN13W9AT,LEOEOSCJH4JZN51Q,discovery-queue,job-hunter-bot,error,"[ERROR] [Discovery] Vector ""search"" failed: Vector execution timed out after 110s","[ERROR] [Discovery] Vector ""search"" failed: Vector execution timed out after 110s",346e138aae29f6b381c1ebae50734856,cf-worker,d4ca89458359150b23ce2d62901152c1,queue,"[ERROR] [Discovery] Vector ""search"" failed: Vector execution timed out after 110s",undefined,undefined,undefined,[]
error,"[ERROR] [Discovery] Vector ""search"" failed: Vector execution timed out after 110s",cloudflare-workers,2026-03-17T09:18:45.890Z,false,,,job-hunter-bot,ok,queue,bf4a61a0-ee48-4507-88d6-944deccb04d3,stateless,J1ZMTRMQA6ZRMN42,01KKXHEB87M4RQT3KCF1HR3A59,J1ZMTRMQA6ZRMN42,discovery-queue,job-hunter-bot,error,"[ERROR] [Discovery] Vector ""search"" failed: Vector execution timed out after 110s","[ERROR] [Discovery] Vector ""search"" failed: Vector execution timed out after 110s",346e138aae29f6b381c1ebae50734856,cf-worker,d4ca89458359150b23ce2d62901152c1,queue,"[ERROR] [Discovery] Vector ""search"" failed: Vector execution timed out after 110s",undefined,undefined,undefined,[]
error,"[ERROR] [Discovery] Vector ""search"" failed: Vector execution timed out after 110s",cloudflare-workers,2026-03-17T09:16:55.475Z,false,,,job-hunter-bot,ok,queue,bf4a61a0-ee48-4507-88d6-944deccb04d3,stateless,U9D6RALH74Z35OFB,01KKXHAZ9KF4DWWFW79CXHA29X,U9D6RALH74Z35OFB,discovery-queue,job-hunter-bot,error,"[ERROR] [Discovery] Vector ""search"" failed: Vector execution timed out after 110s","[ERROR] [Discovery] Vector ""search"" failed: Vector execution timed out after 110s",346e138aae29f6b381c1ebae50734856,cf-worker,d4ca89458359150b23ce2d62901152c1,queue,"[ERROR] [Discovery] Vector ""search"" failed: Vector execution timed out after 110s",undefined,undefined,undefined,[]
error,"[ERROR] [Discovery] Vector ""search"" failed: Vector execution timed out after 110s",cloudflare-workers,2026-03-17T09:15:04.307Z,false,,,job-hunter-bot,ok,queue,bf4a61a0-ee48-4507-88d6-944deccb04d3,stateless,K4JBEEQEAF8MHZAY,01KKXH7K91JADTMX2NMBV2C3NA,K4JBEEQEAF8MHZAY,discovery-queue,job-hunter-bot,error,"[ERROR] [Discovery] Vector ""search"" failed: Vector execution timed out after 110s","[ERROR] [Discovery] Vector ""search"" failed: Vector execution timed out after 110s",346e138aae29f6b381c1ebae50734856,cf-worker,d4ca89458359150b23ce2d62901152c1,queue,"[ERROR] [Discovery] Vector ""search"" failed: Vector execution timed out after 110s",undefined,undefined,undefined,[]
error,"[ERROR] [Discovery] Vector ""search"" failed: Vector execution timed out after 110s",cloudflare-workers,2026-03-17T09:13:13.066Z,false,,,job-hunter-bot,ok,queue,bf4a61a0-ee48-4507-88d6-944deccb04d3,stateless,50DMEH8EG14Y3HLI,01KKXH46V8FM0JTADXBCWQ62Z1,50DMEH8EG14Y3HLI,discovery-queue,job-hunter-bot,error,"[ERROR] [Discovery] Vector ""search"" failed: Vector execution timed out after 110s","[ERROR] [Discovery] Vector ""search"" failed: Vector execution timed out after 110s",346e138aae29f6b381c1ebae50734856,cf-worker,d4ca89458359150b23ce2d62901152c1,queue,"[ERROR] [Discovery] Vector ""search"" failed: Vector execution timed out after 110s",undefined,undefined,undefined,[]
error,"[ERROR] [Discovery] Vector ""search"" failed: Vector execution timed out after 110s",cloudflare-workers,2026-03-17T08:59:11.232Z,false,,,job-hunter-bot,ok,queue,bf4a61a0-ee48-4507-88d6-944deccb04d3,stateless,HOECBLIE2GWTGZCZ,01KKXGAG00PC6FBM2NTFKM08RX,HOECBLIE2GWTGZCZ,discovery-queue,job-hunter-bot,error,"[ERROR] [Discovery] Vector ""search"" failed: Vector execution timed out after 110s","[ERROR] [Discovery] Vector ""search"" failed: Vector execution timed out after 110s",346e138aae29f6b381c1ebae50734856,cf-worker,d4ca89458359150b23ce2d62901152c1,queue,"[ERROR] [Discovery] Vector ""search"" failed: Vector execution timed out after 110s",undefined,undefined,undefined,[]
error,"[ERROR] [Discovery] Vector ""api_discovery"" failed: Vector execution timed out after 110s",cloudflare-workers,2026-03-17T08:58:47.673Z,false,,,job-hunter-bot,ok,queue,bf4a61a0-ee48-4507-88d6-944deccb04d3,stateless,XAA7V1XY60YYK3GN,01KKXG9S1TY9NG1VQG5E8ZTN9C,XAA7V1XY60YYK3GN,discovery-queue,job-hunter-bot,error,"[ERROR] [Discovery] Vector ""api_discovery"" failed: Vector execution timed out after 110s","[ERROR] [Discovery] Vector ""api_discovery"" failed: Vector execution timed out after 110s",346e138aae29f6b381c1ebae50734856,cf-worker,acf233ee408f5b57bb6242e78f364b8c,queue,"[ERROR] [Discovery] Vector ""api_discovery"" failed: Vector execution timed out after 110s",undefined,undefined,undefined,[]
error,"[ERROR] [Discovery] Vector ""search"" failed: Vector execution timed out after 110s",cloudflare-workers,2026-03-17T08:57:20.843Z,false,,,job-hunter-bot,ok,queue,bf4a61a0-ee48-4507-88d6-944deccb04d3,stateless,WNHKBGV1B0OBB42A,01KKXG746BM1CHQM4PEK6WXPZ2,WNHKBGV1B0OBB42A,discovery-queue,job-hunter-bot,error,"[ERROR] [Discovery] Vector ""search"" failed: Vector execution timed out after 110s","[ERROR] [Discovery] Vector ""search"" failed: Vector execution timed out after 110s",346e138aae29f6b381c1ebae50734856,cf-worker,d4ca89458359150b23ce2d62901152c1,queue,"[ERROR] [Discovery] Vector ""search"" failed: Vector execution timed out after 110s",undefined,undefined,undefined,[]
error,"[ERROR] [Discovery] Vector ""api_discovery"" failed: Vector execution timed out after 110s",cloudflare-workers,2026-03-17T08:56:57.274Z,false,,,job-hunter-bot,ok,queue,bf4a61a0-ee48-4507-88d6-944deccb04d3,stateless,SJARXU9AHSBSV1WH,01KKXG6D5TZB0GWQSKX5PTZVVR,SJARXU9AHSBSV1WH,discovery-queue,job-hunter-bot,error,"[ERROR] [Discovery] Vector ""api_discovery"" failed: Vector execution timed out after 110s","[ERROR] [Discovery] Vector ""api_discovery"" failed: Vector execution timed out after 110s",346e138aae29f6b381c1ebae50734856,cf-worker,acf233ee408f5b57bb6242e78f364b8c,queue,"[ERROR] [Discovery] Vector ""api_discovery"" failed: Vector execution timed out after 110s",undefined,undefined,undefined,[]
error,"[ERROR] [Discovery] Vector ""search"" failed: Vector execution timed out after 110s",cloudflare-workers,2026-03-17T08:55:25.436Z,false,,,job-hunter-bot,ok,queue,bf4a61a0-ee48-4507-88d6-944deccb04d3,stateless,ZF92S4Y5696FGUIQ,01KKXG3RAS387X58QCCE8MPE9G,ZF92S4Y5696FGUIQ,discovery-queue,job-hunter-bot,error,"[ERROR] [Discovery] Vector ""search"" failed: Vector execution timed out after 110s","[ERROR] [Discovery] Vector ""search"" failed: Vector execution timed out after 110s",346e138aae29f6b381c1ebae50734856,cf-worker,d4ca89458359150b23ce2d62901152c1,queue,"[ERROR] [Discovery] Vector ""search"" failed: Vector execution timed out after 110s",undefined,undefined,undefined,[]
error,"[ERROR] [Discovery] Vector ""api_discovery"" failed: Vector execution timed out after 110s",cloudflare-workers,2026-03-17T08:55:06.884Z,false,,,job-hunter-bot,ok,queue,bf4a61a0-ee48-4507-88d6-944deccb04d3,stateless,3A4R9Z5P0QQQENIT,01KKXG31FQA81WGACYCN0WXAYG,3A4R9Z5P0QQQENIT,discovery-queue,job-hunter-bot,error,"[ERROR] [Discovery] Vector ""api_discovery"" failed: Vector execution timed out after 110s","[ERROR] [Discovery] Vector ""api_discovery"" failed: Vector execution timed out after 110s",346e138aae29f6b381c1ebae50734856,cf-worker,acf233ee408f5b57bb6242e78f364b8c,queue,"[ERROR] [Discovery] Vector ""api_discovery"" failed: Vector execution timed out after 110s",undefined,undefined,undefined,[]
error,"[ERROR] [Discovery] Vector ""search"" failed: Vector execution timed out after 110s",cloudflare-workers,2026-03-17T08:53:34.891Z,false,,,job-hunter-bot,ok,queue,bf4a61a0-ee48-4507-88d6-944deccb04d3,stateless,5WNTZSP0FL8A8QOW,01KKXG07QMG8W5TA2YNR6AA9N1,5WNTZSP0FL8A8QOW,discovery-queue,job-hunter-bot,error,"[ERROR] [Discovery] Vector ""search"" failed: Vector execution timed out after 110s","[ERROR] [Discovery] Vector ""search"" failed: Vector execution timed out after 110s",346e138aae29f6b381c1ebae50734856,cf-worker,d4ca89458359150b23ce2d62901152c1,queue,"[ERROR] [Discovery] Vector ""search"" failed: Vector execution timed out after 110s",undefined,undefined,undefined,[]
error,"[ERROR] [Discovery] Vector ""search"" failed: Vector execution timed out after 110s",cloudflare-workers,2026-03-17T08:13:13.785Z,false,,,job-hunter-bot,ok,queue,bf4a61a0-ee48-4507-88d6-944deccb04d3,stateless,TGMP0BF6R1E3VKOR,01KKXDPB5SDR10V5F02K685G6F,TGMP0BF6R1E3VKOR,discovery-queue,job-hunter-bot,error,"[ERROR] [Discovery] Vector ""search"" failed: Vector execution timed out after 110s","[ERROR] [Discovery] Vector ""search"" failed: Vector execution timed out after 110s",346e138aae29f6b381c1ebae50734856,cf-worker,d4ca89458359150b23ce2d62901152c1,queue,"[ERROR] [Discovery] Vector ""search"" failed: Vector execution timed out after 110s",undefined,undefined,undefined,[]
error,"[ERROR] [Discovery] Vector ""api_discovery"" failed: Vector execution timed out after 110s",cloudflare-workers,2026-03-17T07:59:02.136Z,false,,,job-hunter-bot,ok,queue,bf4a61a0-ee48-4507-88d6-944deccb04d3,stateless,IPW7Q1OK6YVGB8Q9,01KKXCWBGPD5NN9RG87P8VQBX4,IPW7Q1OK6YVGB8Q9,discovery-queue,job-hunter-bot,error,"[ERROR] [Discovery] Vector ""api_discovery"" failed: Vector execution timed out after 110s","[ERROR] [Discovery] Vector ""api_discovery"" failed: Vector execution timed out after 110s",346e138aae29f6b381c1ebae50734856,cf-worker,acf233ee408f5b57bb6242e78f364b8c,queue,"[ERROR] [Discovery] Vector ""api_discovery"" failed: Vector execution timed out after 110s",undefined,undefined,undefined,[]
error,"[ERROR] [Discovery] Vector ""api_discovery"" failed: Vector execution timed out after 110s",cloudflare-workers,2026-03-17T07:57:11.721Z,false,,,job-hunter-bot,ok,queue,bf4a61a0-ee48-4507-88d6-944deccb04d3,stateless,H07ZYHA51TCDD7VR,01KKXCRZN9KWZWGM6F8GAR399D,H07ZYHA51TCDD7VR,discovery-queue,job-hunter-bot,error,"[ERROR] [Discovery] Vector ""api_discovery"" failed: Vector execution timed out after 110s","[ERROR] [Discovery] Vector ""api_discovery"" failed: Vector execution timed out after 110s",346e138aae29f6b381c1ebae50734856,cf-worker,acf233ee408f5b57bb6242e78f364b8c,queue,"[ERROR] [Discovery] Vector ""api_discovery"" failed: Vector execution timed out after 110s",undefined,undefined,undefined,[]
error,"[ERROR] [Discovery] Vector ""api_discovery"" failed: Vector execution timed out after 110s",cloudflare-workers,2026-03-17T07:55:20.732Z,false,,,job-hunter-bot,ok,queue,bf4a61a0-ee48-4507-88d6-944deccb04d3,stateless,WDLF1X4GXQX3NCSH,01KKXCNM0J1A1YTJ9XG9BBBX2Z,WDLF1X4GXQX3NCSH,discovery-queue,job-hunter-bot,error,"[ERROR] [Discovery] Vector ""api_discovery"" failed: Vector execution timed out after 110s","[ERROR] [Discovery] Vector ""api_discovery"" failed: Vector execution timed out after 110s",346e138aae29f6b381c1ebae50734856,cf-worker,acf233ee408f5b57bb6242e78f364b8c,queue,"[ERROR] [Discovery] Vector ""api_discovery"" failed: Vector execution timed out after 110s",undefined,undefined,undefined,[]
error,"[ERROR] [Discovery] Vector ""api_discovery"" failed: Vector execution timed out after 110s",cloudflare-workers,2026-03-17T07:53:30.335Z,false,,,job-hunter-bot,ok,queue,bf4a61a0-ee48-4507-88d6-944deccb04d3,stateless,17LTJ3PY17IC8I4D,01KKXCJ7EZA2EAHAJBZBKHXNDV,17LTJ3PY17IC8I4D,discovery-queue,job-hunter-bot,error,"[ERROR] [Discovery] Vector ""api_discovery"" failed: Vector execution timed out after 110s","[ERROR] [Discovery] Vector ""api_discovery"" failed: Vector execution timed out after 110s",346e138aae29f6b381c1ebae50734856,cf-worker,acf233ee408f5b57bb6242e78f364b8c,queue,"[ERROR] [Discovery] Vector ""api_discovery"" failed: Vector execution timed out after 110s",undefined,undefined,undefined,[]
error,"[ERROR] [Discovery] Vector ""search"" failed: Vector execution timed out after 110s",cloudflare-workers,2026-03-17T07:35:07.758Z,false,,,job-hunter-bot,ok,queue,bf4a61a0-ee48-4507-88d6-944deccb04d3,stateless,MMD38I4PHQQ4ROUD,01KKXBKF8DM5A4AVFTYYRW56R6,MMD38I4PHQQ4ROUD,discovery-queue,job-hunter-bot,error,"[ERROR] [Discovery] Vector ""search"" failed: Vector execution timed out after 110s","[ERROR] [Discovery] Vector ""search"" failed: Vector execution timed out after 110s",346e138aae29f6b381c1ebae50734856,cf-worker,d4ca89458359150b23ce2d62901152c1,queue,"[ERROR] [Discovery] Vector ""search"" failed: Vector execution timed out after 110s",undefined,undefined,undefined,[]
error,"[ERROR] [Discovery] Vector ""search"" failed: Vector execution timed out after 110s",cloudflare-workers,2026-03-17T07:33:16.511Z,false,,,job-hunter-bot,ok,queue,bf4a61a0-ee48-4507-88d6-944deccb04d3,stateless,SRHK1JECWQJLF886,01KKXBD6ZSCVF91MTFEBQZK8MS,SRHK1JECWQJLF886,discovery-queue,job-hunter-bot,error,"[ERROR] [Discovery] Vector ""search"" failed: Vector execution timed out after 110s","[ERROR] [Discovery] Vector ""search"" failed: Vector execution timed out after 110s",346e138aae29f6b381c1ebae50734856,cf-worker,d4ca89458359150b23ce2d62901152c1,queue,"[ERROR] [Discovery] Vector ""search"" failed: Vector execution timed out after 110s",undefined,undefined,undefined,[]
error,"[ERROR] [Discovery] Vector ""api_discovery"" failed: Vector execution timed out after 110s",cloudflare-workers,2026-03-17T06:58:07.656Z,false,,,job-hunter-bot,ok,queue,bf4a61a0-ee48-4507-88d6-944deccb04d3,stateless,87ERMM9J88HVDY32,01KKX9CV5PMJGX2Z72XXGH3DD7,87ERMM9J88HVDY32,discovery-queue,job-hunter-bot,error,"[ERROR] [Discovery] Vector ""api_discovery"" failed: Vector execution timed out after 110s","[ERROR] [Discovery] Vector ""api_discovery"" failed: Vector execution timed out after 110s",346e138aae29f6b381c1ebae50734856,cf-worker,acf233ee408f5b57bb6242e78f364b8c,queue,"[ERROR] [Discovery] Vector ""api_discovery"" failed: Vector execution timed out after 110s",undefined,undefined,undefined,[]
error,"[ERROR] [Discovery] Vector ""api_discovery"" failed: Vector execution timed out after 110s",cloudflare-workers,2026-03-17T06:56:17.235Z,false,,,job-hunter-bot,ok,queue,bf4a61a0-ee48-4507-88d6-944deccb04d3,stateless,G86YDTH48EJ1ICP0,01KKX99ETK0BWKEDS1R9S83J14,G86YDTH48EJ1ICP0,discovery-queue,job-hunter-bot,error,"[ERROR] [Discovery] Vector ""api_discovery"" failed: Vector execution timed out after 110s","[ERROR] [Discovery] Vector ""api_discovery"" failed: Vector execution timed out after 110s",346e138aae29f6b381c1ebae50734856,cf-worker,acf233ee408f5b57bb6242e78f364b8c,queue,"[ERROR] [Discovery] Vector ""api_discovery"" failed: Vector execution timed out after 110s",undefined,undefined,undefined,[]
error,"[ERROR] [Discovery] Vector ""search"" failed: Vector execution timed out after 110s",cloudflare-workers,2026-03-17T06:55:21.404Z,false,,,job-hunter-bot,ok,queue,bf4a61a0-ee48-4507-88d6-944deccb04d3,stateless,M3TSIS0SCDFVN8HK,01KKX97R9W5HH6TWHHAGX1C5VB,M3TSIS0SCDFVN8HK,discovery-queue,job-hunter-bot,error,"[ERROR] [Discovery] Vector ""search"" failed: Vector execution timed out after 110s","[ERROR] [Discovery] Vector ""search"" failed: Vector execution timed out after 110s",346e138aae29f6b381c1ebae50734856,cf-worker,d4ca89458359150b23ce2d62901152c1,queue,"[ERROR] [Discovery] Vector ""search"" failed: Vector execution timed out after 110s",undefined,undefined,undefined,[]
error,"[ERROR] [Discovery] Vector ""api_discovery"" failed: Vector execution timed out after 110s",cloudflare-workers,2026-03-17T06:54:00.880Z,false,,,job-hunter-bot,ok,queue,bf4a61a0-ee48-4507-88d6-944deccb04d3,stateless,JPHIXBWLWJZ6R6O6,01KKX962RE8B04FTT14S35XE29,JPHIXBWLWJZ6R6O6,discovery-queue,job-hunter-bot,error,"[ERROR] [Discovery] Vector ""api_discovery"" failed: Vector execution timed out after 110s","[ERROR] [Discovery] Vector ""api_discovery"" failed: Vector execution timed out after 110s",346e138aae29f6b381c1ebae50734856,cf-worker,acf233ee408f5b57bb6242e78f364b8c,queue,"[ERROR] [Discovery] Vector ""api_discovery"" failed: Vector execution timed out after 110s",undefined,undefined,undefined,[]
error,"[ERROR] [Discovery] Vector ""search"" failed: Vector execution timed out after 110s",cloudflare-workers,2026-03-17T06:53:30.977Z,false,,,job-hunter-bot,ok,queue,bf4a61a0-ee48-4507-88d6-944deccb04d3,stateless,XEA2LZU2S7ZTUUUC,01KKX94CF1EMSED2X8PPCQPDK8,XEA2LZU2S7ZTUUUC,discovery-queue,job-hunter-bot,error,"[ERROR] [Discovery] Vector ""search"" failed: Vector execution timed out after 110s","[ERROR] [Discovery] Vector ""search"" failed: Vector execution timed out after 110s",346e138aae29f6b381c1ebae50734856,cf-worker,d4ca89458359150b23ce2d62901152c1,queue,"[ERROR] [Discovery] Vector ""search"" failed: Vector execution timed out after 110s",undefined,undefined,undefined,[]
error,"[ERROR] [Discovery] Vector ""search"" failed: Vector execution timed out after 110s",cloudflare-workers,2026-03-17T06:33:21.304Z,false,,,job-hunter-bot,ok,queue,bf4a61a0-ee48-4507-88d6-944deccb04d3,stateless,571HGJGB55P98KXI,01KKX7ZF7C30VR2RZTRPVSAQ1K,571HGJGB55P98KXI,discovery-queue,job-hunter-bot,error,"[ERROR] [Discovery] Vector ""search"" failed: Vector execution timed out after 110s","[ERROR] [Discovery] Vector ""search"" failed: Vector execution timed out after 110s",346e138aae29f6b381c1ebae50734856,cf-worker,d4ca89458359150b23ce2d62901152c1,queue,"[ERROR] [Discovery] Vector ""search"" failed: Vector execution timed out after 110s",undefined,undefined,undefined,[]
error,"[ERROR] [Discovery] Vector ""search"" failed: Vector execution timed out after 110s",cloudflare-workers,2026-03-17T06:13:11.488Z,false,,,job-hunter-bot,ok,queue,bf4a61a0-ee48-4507-88d6-944deccb04d3,stateless,XTR344XSHHACPX8W,01KKX6THP0084FGC4Z6ZBD6GN9,XTR344XSHHACPX8W,discovery-queue,job-hunter-bot,error,"[ERROR] [Discovery] Vector ""search"" failed: Vector execution timed out after 110s","[ERROR] [Discovery] Vector ""search"" failed: Vector execution timed out after 110s",346e138aae29f6b381c1ebae50734856,cf-worker,d4ca89458359150b23ce2d62901152c1,queue,"[ERROR] [Discovery] Vector ""search"" failed: Vector execution timed out after 110s",undefined,undefined,undefined,[]
error,"[ERROR] [Discovery] Vector ""api_discovery"" failed: Vector execution timed out after 110s",cloudflare-workers,2026-03-17T05:59:14.164Z,false,,,job-hunter-bot,ok,queue,bf4a61a0-ee48-4507-88d6-944deccb04d3,stateless,VKNB07O2HD9275S9,01KKX6102AA5PABVPKNY52E8FS,VKNB07O2HD9275S9,discovery-queue,job-hunter-bot,error,"[ERROR] [Discovery] Vector ""api_discovery"" failed: Vector execution timed out after 110s","[ERROR] [Discovery] Vector ""api_discovery"" failed: Vector execution timed out after 110s",346e138aae29f6b381c1ebae50734856,cf-worker,acf233ee408f5b57bb6242e78f364b8c,queue,"[ERROR] [Discovery] Vector ""api_discovery"" failed: Vector execution timed out after 110s",undefined,undefined,undefined,[]
error,"[ERROR] [Discovery] Vector ""api_discovery"" failed: Vector execution timed out after 110s",cloudflare-workers,2026-03-17T05:57:23.761Z,false,,,job-hunter-bot,ok,queue,bf4a61a0-ee48-4507-88d6-944deccb04d3,stateless,VJD3WM2MQWC29A5E,01KKX5XM5H9P0R60GZMTRTR30V,VJD3WM2MQWC29A5E,discovery-queue,job-hunter-bot,error,"[ERROR] [Discovery] Vector ""api_discovery"" failed: Vector execution timed out after 110s","[ERROR] [Discovery] Vector ""api_discovery"" failed: Vector execution timed out after 110s",346e138aae29f6b381c1ebae50734856,cf-worker,acf233ee408f5b57bb6242e78f364b8c,queue,"[ERROR] [Discovery] Vector ""api_discovery"" failed: Vector execution timed out after 110s",undefined,undefined,undefined,[]
error,"[ERROR] [Discovery] Vector ""api_discovery"" failed: Vector execution timed out after 110s",cloudflare-workers,2026-03-17T05:55:33.319Z,false,,,job-hunter-bot,ok,queue,bf4a61a0-ee48-4507-88d6-944deccb04d3,stateless,JJRRH3U169X100HY,01KKX5T8CX3RRQS0EZTZGHP3N9,JJRRH3U169X100HY,discovery-queue,job-hunter-bot,error,"[ERROR] [Discovery] Vector ""api_discovery"" failed: Vector execution timed out after 110s","[ERROR] [Discovery] Vector ""api_discovery"" failed: Vector execution timed out after 110s",346e138aae29f6b381c1ebae50734856,cf-worker,acf233ee408f5b57bb6242e78f364b8c,queue,"[ERROR] [Discovery] Vector ""api_discovery"" failed: Vector execution timed out after 110s",undefined,undefined,undefined,[]
error,"[ERROR] [Discovery] Vector ""api_discovery"" failed: Vector execution timed out after 110s",cloudflare-workers,2026-03-17T05:53:42.923Z,false,,,job-hunter-bot,ok,queue,bf4a61a0-ee48-4507-88d6-944deccb04d3,stateless,GYZU45SUR2P7L1VD,01KKX5PWGB48DK8T1SRSKB6Q4P,GYZU45SUR2P7L1VD,discovery-queue,job-hunter-bot,error,"[ERROR] [Discovery] Vector ""api_discovery"" failed: Vector execution timed out after 110s","[ERROR] [Discovery] Vector ""api_discovery"" failed: Vector execution timed out after 110s",346e138aae29f6b381c1ebae50734856,cf-worker,acf233ee408f5b57bb6242e78f364b8c,queue,"[ERROR] [Discovery] Vector ""api_discovery"" failed: Vector execution timed out after 110s",undefined,undefined,undefined,[]
error,"[ERROR] [Discovery] Vector ""search"" failed: Vector execution timed out after 110s",cloudflare-workers,2026-03-17T05:33:22.852Z,false,,,job-hunter-bot,ok,queue,bf4a61a0-ee48-4507-88d6-944deccb04d3,stateless,98162ZUGG2WWBQ91,01KKX4HNVJVCAK6WVVZQ469P9W,98162ZUGG2WWBQ91,discovery-queue,job-hunter-bot,error,"[ERROR] [Discovery] Vector ""search"" failed: Vector execution timed out after 110s","[ERROR] [Discovery] Vector ""search"" failed: Vector execution timed out after 110s",346e138aae29f6b381c1ebae50734856,cf-worker,d4ca89458359150b23ce2d62901152c1,queue,"[ERROR] [Discovery] Vector ""search"" failed: Vector execution timed out after 110s",undefined,undefined,undefined,[]
error,"[ERROR] [Discovery] Vector ""search"" failed: Vector execution timed out after 110s",cloudflare-workers,2026-03-17T05:13:08.088Z,false,,,job-hunter-bot,ok,queue,bf4a61a0-ee48-4507-88d6-944deccb04d3,stateless,P0NO2EK0Y8N96BU0,01KKX3CKM2SFC803D1JX1E263K,P0NO2EK0Y8N96BU0,discovery-queue,job-hunter-bot,error,"[ERROR] [Discovery] Vector ""search"" failed: Vector execution timed out after 110s","[ERROR] [Discovery] Vector ""search"" failed: Vector execution timed out after 110s",346e138aae29f6b381c1ebae50734856,cf-worker,d4ca89458359150b23ce2d62901152c1,queue,"[ERROR] [Discovery] Vector ""search"" failed: Vector execution timed out after 110s",undefined,undefined,undefined,[]
error,"[ERROR] [Discovery] Vector ""search"" failed: Vector execution timed out after 110s",cloudflare-workers,2026-03-17T04:54:57.959Z,false,,,job-hunter-bot,ok,queue,bf4a61a0-ee48-4507-88d6-944deccb04d3,stateless,LEG2CURTQXHCWWKW,01KKX2BA81WDFQ6H470NNXAZF3,LEG2CURTQXHCWWKW,discovery-queue,job-hunter-bot,error,"[ERROR] [Discovery] Vector ""search"" failed: Vector execution timed out after 110s","[ERROR] [Discovery] Vector ""search"" failed: Vector execution timed out after 110s",346e138aae29f6b381c1ebae50734856,cf-worker,d4ca89458359150b23ce2d62901152c1,queue,"[ERROR] [Discovery] Vector ""search"" failed: Vector execution timed out after 110s",undefined,undefined,undefined,[]
error,"[ERROR] [Discovery] Vector ""search"" failed: Vector execution timed out after 110s",cloudflare-workers,2026-03-17T04:53:07.412Z,false,,,job-hunter-bot,ok,queue,bf4a61a0-ee48-4507-88d6-944deccb04d3,stateless,3M040N0F7S59G6GH,01KKX27Y6MCVH7DD7T52CP4YQJ,3M040N0F7S59G6GH,discovery-queue,job-hunter-bot,error,"[ERROR] [Discovery] Vector ""search"" failed: Vector execution timed out after 110s","[ERROR] [Discovery] Vector ""search"" failed: Vector execution timed out after 110s",346e138aae29f6b381c1ebae50734856,cf-worker,d4ca89458359150b23ce2d62901152c1,queue,"[ERROR] [Discovery] Vector ""search"" failed: Vector execution timed out after 110s",undefined,undefined,undefined,[]
error,"[ERROR] [Discovery] Vector ""api_discovery"" failed: Vector execution timed out after 110s",cloudflare-workers,2026-03-17T04:39:33.662Z,false,,,job-hunter-bot,ok,queue,bf4a61a0-ee48-4507-88d6-944deccb04d3,stateless,NJTDVOHZ5O0RTB15,01KKX1F3GYTTNKJM0CCMR4Y4Q6,NJTDVOHZ5O0RTB15,discovery-queue,job-hunter-bot,error,"[ERROR] [Discovery] Vector ""api_discovery"" failed: Vector execution timed out after 110s","[ERROR] [Discovery] Vector ""api_discovery"" failed: Vector execution timed out after 110s",346e138aae29f6b381c1ebae50734856,cf-worker,acf233ee408f5b57bb6242e78f364b8c,queue,"[ERROR] [Discovery] Vector ""api_discovery"" failed: Vector execution timed out after 110s",undefined,undefined,undefined,[]
error,"[ERROR] [Discovery] Vector ""api_discovery"" failed: Vector execution timed out after 110s",cloudflare-workers,2026-03-17T04:37:43.289Z,false,,,job-hunter-bot,ok,queue,bf4a61a0-ee48-4507-88d6-944deccb04d3,stateless,Y1BYCYMDGXZPRM62,01KKX1BQQSQS6FXE32AY620J08,Y1BYCYMDGXZPRM62,discovery-queue,job-hunter-bot,error,"[ERROR] [Discovery] Vector ""api_discovery"" failed: Vector execution timed out after 110s","[ERROR] [Discovery] Vector ""api_discovery"" failed: Vector execution timed out after 110s",346e138aae29f6b381c1ebae50734856,cf-worker,acf233ee408f5b57bb6242e78f364b8c,queue,,undefined,undefined,undefined,[]
error,"[ERROR] [Discovery] Vector ""api_discovery"" failed: Vector execution timed out after 110s",cloudflare-workers,2026-03-17T04:35:52.795Z,false,,,job-hunter-bot,ok,queue,bf4a61a0-ee48-4507-88d6-944deccb04d3,stateless,JTRBFKYFQKLEUOW2,01KKX18BTV1A3WV9RC59HP80VK,JTRBFKYFQKLEUOW2,discovery-queue,job-hunter-bot,error,"[ERROR] [Discovery] Vector ""api_discovery"" failed: Vector execution timed out after 110s","[ERROR] [Discovery] Vector ""api_discovery"" failed: Vector execution timed out after 110s",346e138aae29f6b381c1ebae50734856,cf-worker,acf233ee408f5b57bb6242e78f364b8c,queue,"[ERROR] [Discovery] Vector ""api_discovery"" failed: Vector execution timed out after 110s",undefined,undefined,undefined,[]
error,"[ERROR] [Discovery] Vector ""api_discovery"" failed: Vector execution timed out after 110s",cloudflare-workers,2026-03-17T04:34:02.341Z,false,,,job-hunter-bot,ok,queue,bf4a61a0-ee48-4507-88d6-944deccb04d3,stateless,2Y6T7LF2HSAZA8JZ,01KKX150103SMFA85E0TSV08AY,2Y6T7LF2HSAZA8JZ,discovery-queue,job-hunter-bot,error,"[ERROR] [Discovery] Vector ""api_discovery"" failed: Vector execution timed out after 110s","[ERROR] [Discovery] Vector ""api_discovery"" failed: Vector execution timed out after 110s",346e138aae29f6b381c1ebae50734856,cf-worker,acf233ee408f5b57bb6242e78f364b8c,queue,"[ERROR] [Discovery] Vector ""api_discovery"" failed: Vector execution timed out after 110s",undefined,undefined,undefined,[]
error,"[ERROR] [Discovery] Vector ""search"" failed: Vector execution timed out after 110s",cloudflare-workers,2026-03-17T04:16:56.693Z,false,,,job-hunter-bot,ok,queue,bf4a61a0-ee48-4507-88d6-944deccb04d3,stateless,FXKLHTIJRB2DWXS0,01KKX05PBN2GAV31CR6NFVVXB8,FXKLHTIJRB2DWXS0,discovery-queue,job-hunter-bot,error,"[ERROR] [Discovery] Vector ""search"" failed: Vector execution timed out after 110s","[ERROR] [Discovery] Vector ""search"" failed: Vector execution timed out after 110s",346e138aae29f6b381c1ebae50734856,cf-worker,d4ca89458359150b23ce2d62901152c1,queue,"[ERROR] [Discovery] Vector ""search"" failed: Vector execution timed out after 110s",undefined,undefined,undefined,[]
error,"[ERROR] [Discovery] Vector ""search"" failed: Vector execution timed out after 110s",cloudflare-workers,2026-03-17T04:15:05.726Z,false,,,job-hunter-bot,ok,queue,bf4a61a0-ee48-4507-88d6-944deccb04d3,stateless,WBKSSJSGWUIIBUKW,01KKX029ZY084K5HFQKK6VCDRA,WBKSSJSGWUIIBUKW,discovery-queue,job-hunter-bot,error,"[ERROR] [Discovery] Vector ""search"" failed: Vector execution timed out after 110s","[ERROR] [Discovery] Vector ""search"" failed: Vector execution timed out after 110s",346e138aae29f6b381c1ebae50734856,cf-worker,d4ca89458359150b23ce2d62901152c1,queue,"[ERROR] [Discovery] Vector ""search"" failed: Vector execution timed out after 110s",undefined,undefined,undefined,[]
error,"[ERROR] [Discovery] Vector ""search"" failed: Vector execution timed out after 110s",cloudflare-workers,2026-03-17T04:13:15.194Z,false,,,job-hunter-bot,ok,queue,bf4a61a0-ee48-4507-88d6-944deccb04d3,stateless,PQTY533J6RJU4X8I,01KKWZYY1TQE2KETFGS4SAPYPH,PQTY533J6RJU4X8I,discovery-queue,job-hunter-bot,error,"[ERROR] [Discovery] Vector ""search"" failed: Vector execution timed out after 110s","[ERROR] [Discovery] Vector ""search"" failed: Vector execution timed out after 110s",346e138aae29f6b381c1ebae50734856,cf-worker,d4ca89458359150b23ce2d62901152c1,queue,"[ERROR] [Discovery] Vector ""search"" failed: Vector execution timed out after 110s",undefined,undefined,undefined,[]
error,"[ERROR] [Discovery] Vector ""api_discovery"" failed: Vector execution timed out after 110s",cloudflare-workers,2026-03-17T03:39:15.241Z,false,,,job-hunter-bot,ok,queue,bf4a61a0-ee48-4507-88d6-944deccb04d3,stateless,JRX5GL1MR7UYI9WN,01KKWY0NX9BWFKT4QXDADA8VJB,JRX5GL1MR7UYI9WN,discovery-queue,job-hunter-bot,error,"[ERROR] [Discovery] Vector ""api_discovery"" failed: Vector execution timed out after 110s","[ERROR] [Discovery] Vector ""api_discovery"" failed: Vector execution timed out after 110s",346e138aae29f6b381c1ebae50734856,cf-worker,acf233ee408f5b57bb6242e78f364b8c,queue,"[ERROR] [Discovery] Vector ""api_discovery"" failed: Vector execution timed out after 110s",undefined,undefined,undefined,[]
error,"[ERROR] [Discovery] Vector ""api_discovery"" failed: Vector execution timed out after 110s",cloudflare-workers,2026-03-17T03:37:24.816Z,false,,,job-hunter-bot,ok,queue,bf4a61a0-ee48-4507-88d6-944deccb04d3,stateless,RNUHKJ3KVUX0FOPE,01KKWXXA2GB6H5R3DG45K7SK3Q,RNUHKJ3KVUX0FOPE,discovery-queue,job-hunter-bot,error,"[ERROR] [Discovery] Vector ""api_discovery"" failed: Vector execution timed out after 110s","[ERROR] [Discovery] Vector ""api_discovery"" failed: Vector execution timed out after 110s",346e138aae29f6b381c1ebae50734856,cf-worker,acf233ee408f5b57bb6242e78f364b8c,queue,"[ERROR] [Discovery] Vector ""api_discovery"" failed: Vector execution timed out after 110s",undefined,undefined,undefined,[]
error,"[ERROR] [Discovery] Vector ""api_discovery"" failed: Vector execution timed out after 110s",cloudflare-workers,2026-03-17T03:35:34.408Z,false,,,job-hunter-bot,ok,queue,bf4a61a0-ee48-4507-88d6-944deccb04d3,stateless,ROZN3NSYDNYQOV7T,01KKWXSY88TG0HVR1ACJ8C40M3,ROZN3NSYDNYQOV7T,discovery-queue,job-hunter-bot,error,"[ERROR] [Discovery] Vector ""api_discovery"" failed: Vector execution timed out after 110s","[ERROR] [Discovery] Vector ""api_discovery"" failed: Vector execution timed out after 110s",346e138aae29f6b381c1ebae50734856,cf-worker,acf233ee408f5b57bb6242e78f364b8c,queue,"[ERROR] [Discovery] Vector ""api_discovery"" failed: Vector execution timed out after 110s",undefined,undefined,undefined,[]
error,"[ERROR] [Discovery] Vector ""api_discovery"" failed: Vector execution timed out after 110s",cloudflare-workers,2026-03-17T03:33:43.988Z,false,,,job-hunter-bot,ok,queue,bf4a61a0-ee48-4507-88d6-944deccb04d3,stateless,UD7UQKFO7VY75NIQ,01KKWXPJDM5YXF5Z6956NJTNDF,UD7UQKFO7VY75NIQ,discovery-queue,job-hunter-bot,error,"[ERROR] [Discovery] Vector ""api_discovery"" failed: Vector execution timed out after 110s","[ERROR] [Discovery] Vector ""api_discovery"" failed: Vector execution timed out after 110s",346e138aae29f6b381c1ebae50734856,cf-worker,acf233ee408f5b57bb6242e78f364b8c,queue,"[ERROR] [Discovery] Vector ""api_discovery"" failed: Vector execution timed out after 110s",undefined,undefined,undefined,[]
error,"[ERROR] [Discovery] Vector ""search"" failed: Vector execution timed out after 110s",cloudflare-workers,2026-03-17T03:33:34.615Z,false,,,job-hunter-bot,ok,queue,bf4a61a0-ee48-4507-88d6-944deccb04d3,stateless,H6K2TS210QTQ1Q77,01KKWXP98Q8JZTE5NB7D74FEQG,H6K2TS210QTQ1Q77,discovery-queue,job-hunter-bot,error,"[ERROR] [Discovery] Vector ""search"" failed: Vector execution timed out after 110s","[ERROR] [Discovery] Vector ""search"" failed: Vector execution timed out after 110s",346e138aae29f6b381c1ebae50734856,cf-worker,d4ca89458359150b23ce2d62901152c1,queue,"[ERROR] [Discovery] Vector ""search"" failed: Vector execution timed out after 110s",undefined,undefined,undefined,[]
error,discovery-queue,cloudflare-workers,2026-03-17T02:25:54.271Z,false,,,job-hunter-bot,exceededCpu,queue,ac1735b1-ae88-4252-80b9-3807e337bb21,stateless,6XVJLVMJ4LP8E8B4,01KKWTNTTH7013TBBTMHPNX68C,6XVJLVMJ4LP8E8B4,discovery-queue,job-hunter-bot,error,discovery-queue,discovery-queue,346e138aae29f6b381c1ebae50734856,cf-worker-event,98b3f8615f60ed03ca775568e485d7b9,queue,discovery-queue,undefined,undefined,undefined,[]
error,discovery-queue,cloudflare-workers,2026-03-17T02:05:54.504Z,false,,,job-hunter-bot,exceededCpu,queue,ac1735b1-ae88-4252-80b9-3807e337bb21,stateless,29UJUWFKJ59WCWLS,01KKWSH76Z0GRAPHQ903E3EN1X,29UJUWFKJ59WCWLS,discovery-queue,job-hunter-bot,error,discovery-queue,discovery-queue,346e138aae29f6b381c1ebae50734856,cf-worker-event,98b3f8615f60ed03ca775568e485d7b9,queue,discovery-queue,undefined,undefined,undefined,[]